s_no,asin,title,brand_name,manufacturer,model_number,main_category,availability_clean,price_value,price_value_winsorized,list_price_value,rating_stars_num,rating_count_num,rating_count_log,recent_purchases_num,recent_purchases_log,has_recent_purchases,rank_1,has_rank,about_item,product_description,customer_review_summary,product_url
0,B0B59BJG6Y,4/5 Pack Mens Polo Shirts Short Sleeve Quick Dry Moisture Wicking Casual Golf T Shirts for Men,MLYENX Store,No especificado,No especificado,Men,In Stock,39.9926,39.9926,53.99,4.6,1654.0,7.411556287811163,50.0,3.9318256327243257,True,85.0,True,"Premium Comfort: Crafted from a high-quality cotton blend, these mens polo shirts are soft, lightweight, and breathable; ensuring you stay comfortable whether at work, on the golf course in your favorite golf shirts, or out for a casual dayEffortless Style: Designed with a timeless, classic fit, these polo shirts seamlessly transition from casual to smart-casual; pair them with jeans, chinos, or shorts for a polished look that's always in style—perfect as polo t shirts for menExceptional Value: This 5-pack of polo shirts for men offers unbeatable value, featuring a selection of classic and versatile colors; great for updating your wardrobe with multiple mens polo shirts that suit any occasionPerfect Fit for Every Man: Available in a range of sizes, from small to 3XL, this 5-pack of polo shirts is designed to offer a comfortable and flattering fit for every body type; making it the go-to choice for any man's wardrobeEasy Care: Made to withstand regular wear and washing, these mens polo retain their shape, color, and softness; simply machine wash with cold water, fuss-free maintenance",,"Customers find the shirts comfortable and well-fitting. They appreciate the soft, smooth material that feels very smooth and keeps them cool during hot summer days. The shirts have a nice look and are easy to match with slacks. Many customers consider the shirts to be of good quality for the price, with solid stitching and no pilling or fraying. They also like the sturdiness, lightweight construction, and breathability of the fabric.",https://www.amazon.com/dp/B0B59BJG6Y
1,B0DLGB4RYH,COOFANDY Men's Polo Shirts Short Sleeve Moisture Wicking Golf Shirt Fashion Casual Collared T-Shirt,COOFANDY Store,No especificado,No especificado,Men,In Stock,19.992,19.992,24.99,4.4,20.0,3.044522437723423,0.0,0.0,False,199.0,True,"Material: Men's polo shirt is made of soft polyester fabric, moisture wicking, stain-resistant, durable work shirts, lightweight, breathable and comfortable. Golf shirt for men keeps you cool and dry in all day.Design: Mens short sleeve polo shirts designed with 3 button closure, solid color basic collared t-shirt with split hem, unrestricted movement during your golf swings, fashion classic design golf polo shirt is great for spring, summer and fall.Match: Polo shirts can be worn out or tucked. Tucked polos for business casual settings, while untucked polos casual look ideal for everyday wear. Basic polo t shirts for men easy to match with slacks, jeans, suit pants, shorts, etc.Occasions: Polo shirts for men is suitable for casual, golf, business, office, work, everyday wear, school uniform, travel, meeting, dating, dinner, street, hiking, camping, tennis or other activities. Perfect Valentine's Day, Father's Day, Christmas, Thanksgiving Day, Birthday gift for father, husband, son, boyfriends, friends or yourself.Garment Care: Machine Washable. Easy to Care and Wash. Note: Men's golf polo shirt is in standard US size, please choose your size refer to the size information under the description before ordering.",,,https://www.amazon.com/dp/B0DLGB4RYH
2,B0DRXF62JH,ZITY 3 Pack Men Polo Shirts Short Sleeve with Pocket Sport Wicking Shirts for Men Casual Athletic Collared T-Shirts,ZITY Store,No especificado,No especificado,Men,In Stock,29.995,29.995,59.99,4.6,5.0,1.791759469228055,0.0,0.0,False,111.0,True,"PERFORMANCE:These men polo shirts are soft,lightweight and moisture wicking,keep you cool and breathableMULTIPACK:3 Pack men short sleeved polo shirts offering various colors and sizes, can be used on multiple combinationsFEATURE: Three buttons polo shirts easy to wear, front pocket design,Classic striped color contrast just for your comfortOCCASION:Suit for any casual occasions,such as daily wear,business,sports,outdoor,date,golf, party,hiking,camping ,street,etc.TIPS:This mens shirts short sleeve can be machine washed and easy to maintain not easy to deform, and will not pilling,they are available in sizes M L XL 2XL 3XL",,,https://www.amazon.com/dp/B0DRXF62JH
3,B0DK5FZ325,Rouen Mens Golf Shirt Moisture Wicking Dry Fit Performance Stripe Casual Collared Short Sleeve Golf Polo Shirts for Men,Rouen Store,No especificado,No especificado,Men,In Stock,32.95,32.95,32.95,4.8,22.0,3.1354942159291497,0.0,0.0,False,266.0,True,"【Material】: These golf shirts for men are made of quality polyester and spandx fabric, providing you with lightweight soft, smooth and skin-friendly feeling, ensuring optimum comfort throughout the day【Properties】: Carefully selected fabric for our polo shirts to provide optimal moisture-wicking and 4-way stretch properties, keeping you dry and cool throughout your game, meanwhile offering great range of motion when you swing the club【Design】: The three tones stripe adds a stylish touch for our men's golf shirts, effortlessly blends classic elements with modern trends. Feature with button closure and no curl collar keep good shape, well-made stitching, easy care【Multiple Colorways】: The variety of colorways available in our mens polo collection allows you to express your personal style. Choose from bold and vibrant hues for a statement look, or opt for more subtle tones for a refined and understated appearance【Occasion】: Our men's polo shirts short sleeve perfect for golf, tennis, and other outdoor sports activities. Also it can be a business or daily casual shirts. Great gifts for dad, families, friends or boyfriends",,,https://www.amazon.com/dp/B0DK5FZ325
4,B0BGXTC1FR,V VALANCH Mens Polo Shirts Short Sleeve Moisture Wicking Golf Polo Athletic Collared Shirt Tennis T-Shirt Tops,V VALANCH Store,No especificado,No especificado,Men,In Stock,26.9931,26.9931,38.99,4.4,2175.0,7.685243607975833,0.0,0.0,False,11.0,True,"MOISTURE WICKING: The fabric of the summer golf shirt absorbs moisture and sweat from the skin and quickly diffuses into the air to keep the skin dry and comfortable. Away from the swelter and odorsLIGHTWEIGHT& FLEXIBLE: Anti-wrinkle, soft, breathable fabric.Slips on the body fine, flexible fit. This men's golf polo provides enhanced mobility during the golf swing and outdoor activity.DESIGNS: Right sleeve with a pocket of the tennis shirt for carrying your small accessories. A hook under the button, suitable for diagonally hanging sunglasses or pensOCCASION: The polo shirt is a great idea for golf, bowling, tennis, outdoor activity, daily wear, and work wear. And a great gift for yourself, or your hubby, son, brothers, friendsEASY CARE: Machine wash/Hand wash. Medium Heat Dry. Don't Bleach. Don't Exposure. Gentle washing way can extend the life of the polo t-shirt",,"Customers find the shirt has a good fit and looks great. They appreciate the comfortable, lightweight, and breathable material. Many of them find it a great value for money, with decent quality for the price. While most customers are satisfied with the quality, some have different opinions on the material quality.",https://www.amazon.com/dp/B0BGXTC1FR
5,B07FMX9FSF,"POLO RALPH LAUREN Men's Slim Fit Cotton Crew Undershirts, 3 Pack",POLO Store,No especificado,No especificado,Men,In Stock,49.5,49.5,49.5,4.6,11355.0,9.337501517592862,700.0,6.55250788703459,True,20.0,True,"Length: 29.25in / 74cm, Chest: 41in / 104cm",POLO mens Polo Ralph Lauren Slim Fit Wicking Crew Undershirts 3-pack,"Customers appreciate the shirt's fit, quality, comfort, and style. They find it true to size, durable, and soft. Many mention that the size small works for tall skinny guys. However, opinions vary on value for money, material thickness, shrinkage, and smell.",https://www.amazon.com/dp/B07FMX9FSF
6,B07FMYL9NR,"POLO RALPH LAUREN Men's Classic Fit Cotton Crew Undershirts, 3 Pack",POLO RALPH LAUREN Store,No especificado,e2e75062-d25b-40a6-9438-464974a89c86,Men,In Stock,49.5,49.5,49.5,4.5,13349.0,9.499271663828395,300.0,5.707110264748875,True,15.0,True,A quality Polo Ralph Lauren staple for your wardrobe essentials.Soft-ribbed cotton fabrication with a body hugging fit.Moisture-wicking fabric for all-day comfort.Crew neckline.Short sleeve design.,,"Customers find the shirts comfortable and well-fitting. They like the length and find the fabric soft and breathable, making them great for sensitive skin. Many consider the shirts good value for the price. However, some customers have mixed opinions on quality, shrinkage, washability, and sizing.",https://www.amazon.com/dp/B07FMYL9NR
7,B0BGSDG377,TELALEO 4/5 Pack Mens Polo Shirts Quick Dry Short Sleeve Golf T Shirt Performance Moisture Wicking Casual Workout,TELALEO Store,No especificado,No especificado,Men,In Stock,42.997,42.997,45.99,4.5,3781.0,8.238008249218403,1000.0,6.90875477931522,True,5.0,True,"Lightweight Breathable Quick Dry Fabric: soft smooth fabric wicks moisture quickly, keep you dryTagless: printed tag inside polo t shirt neck, all works just for your comfortOdor Resistant: 95% polyster,5% spandex. 3 button down shirt, quick dry, stay cool fresh. These polo shirts work great for sun protection, performed as UPF SPF shirtsVarious Use: Perfect for sports such as golf and tennis, wearing to the office, or lounging around homeWarm Tips: To ensure that you get a right fit, we recommend checking sizing chart before purchase. If you are stronger and taller than other regular, please choose a bigger size than you usually wear. Note: These summer collared shirts are machine washable, but need tumble dry LOW!",,"Customers find the shirts fit well, with a perfect length and breathable material. They appreciate the soft, lightweight fabric that feels good during hot days. The shirts are durable, providing cooling without overheating. Customers find them a decent look for work or semi-casual dress. Overall, customers consider the shirts a great value for the money.",https://www.amazon.com/dp/B0BGSDG377
8,B07FMZ31SR,"POLO RALPH LAUREN Men's Classic Fit Cotton V-Neck Undershirts, 3 Pack",POLO Store,No especificado,No especificado,Men,In Stock,49.5,49.5,49.5,4.5,2581.0,7.856319571406588,100.0,4.61512051684126,True,244.0,True,A quality Polo Ralph Lauren staple for your wardrobe essentials.Soft-ribbed cotton fabrication with a body hugging fit.Moisture-wicking fabric for all-day comfort.V-neckline.Short sleeve design.,POLO Mens Classic Fit Cotton V neck Undershirt 3 Pack,"Customers appreciate the comfort, quality, and value of the shirts. They find the shirts soft, breathable, and great for everyday wear. Some customers like the weight. However, opinions differ on the fit, quality, material thickness, and shrinkage.",https://www.amazon.com/dp/B07FMZ31SR
9,B0CXDL2NP6,OYGSieg 6 Pack Mens Polo Shirts Performance Short Sleeve Golf Shirt Moisture Wicking Athletic Casual Collared T-Shirt,OYGSieg Store,TELALEO,No especificado,Men,In Stock,48.99,48.99,48.99,4.5,1215.0,7.103322062526113,300.0,5.707110264748875,True,19.0,True,"Performance Fabric Blend: material blend of 95% polyester and 5% spandex, ensuring our men's polo shirts are lightweight, breathable, and incredibly soft.Advanced Moisture-Wicking Technology: Stay cool and dry in any condition with our moisture-wicking fabric. This technology efficiently moves sweat away from your skin to the dry areas of the shirt, ensuring quick drying while maintaining a soft and breathable feel.UPF 50+ Sun Protection: Men's Golf Shirts, made with light-weight fabric boasts UPF50+, protect you from uv rays all day long.Stylish Design Elements: Elevate your appearance, adding a touch of sophistication to your ensemble. The lightweight tech fabric not only enhances style but ensures a quick dry, making it the perfect companion for seasons like Spring, Summer, and Autumn.Versatile Occasions: Our Men's Quick-Dry Golf Polo is more than just a golf shirt. It's perfect for daily wear, work, sports, and the new Work-From-Home normal. Whether you're attending Zoom calls or enjoying outdoor activities like golfing, hiking, or fishing, this shirt is your go-to companion. Share the comfort with family and friends – it makes an ideal gift.",,"Customers appreciate the shirts' fit, comfort, and material quality. They find the shirts to be well-made with a smooth, thin material that feels comfortable to wear. The colors are attractive and wash up nicely. Many customers consider these shirts a good value for the price.",https://www.amazon.com/dp/B0CXDL2NP6
10,B09MHPSWY2,ZITY 5 Pack Mens Polo Shirt Short Sleeve Sports Golf Tennis T-Shirt Moisture-Wicking Summer Shirts,ZITY Store,No especificado,ZT-JYpolo12-5ALL-M,Men,In Stock,68.3935,68.3935,105.99,4.4,1278.0,7.153833801578843,500.0,6.2166061010848646,True,16.0,True,"QUALITY MATERIAL: This men's polo shirts short sleeve made from Polyester Spandex, offering lightweight, moisture wicking, soft hand-feel, four way stretch, keep you cool and breathableCOLOR AND SIZE: Our mens golf polo short sleeve based on US regular fit: M, L, XL, XXL, 3XL and multiple colors for choice, allowing for great mobility in any directions and making you have different look everydaySTYLISH FEATURE: Our mens casual shirts, button placket and simple look that make this golf polo shirt a go-to for the office or the vacationOCCASION: This mens shirts casual is easy to match for a daily look, can be a business casual shirt,also perfect for sport, golf, tennis and other outdoor activities. Great gift for husband, friends or boyfriendsWASH TIP: Machine wash, anti-fading and anti-pilling, do not bleach",,"Customers appreciate the comfortable fit, quality, and value of these shirts. They find the length perfect and the colors nice. Many consider the shirts decent for the price and worth it. The breathable material is also appreciated for its comfort in hot weather. While most customers are satisfied with the color variety, some have issues with the material thickness. There are mixed opinions on the material quality and wrinkle resistance.",https://www.amazon.com/dp/B09MHPSWY2
11,B0DPQC1NSV,M MAELREG Mens Golf Shirts Dry Fit Moisture Wicking Performance Sports Short Sleeve Striped Collared Polo Shirts for Men,M MAELREG Store,No especificado,No especificado,Men,In Stock,32.95,32.95,32.95,4.8,14.0,2.70805020110221,0.0,0.0,False,453.0,True,"Performance Fabric:This mens golf polo shirts is made from a polyester and spandex blend, featuring moisture wicking, quick-drying, 4-way stretch, UPF 30+ ,offering a comfortable and breathable experience for golfStylish Design:MAELREG collared men's polo shirt features a classic 3 tones striped fabric, with a 3-button placket and side-slit hem, adding a stylish touch for both sports and daily wearExquisite Craftsmanship: Resistant to fading, the seamless size label ensures comfort against the skin, and the double-stitched sleeves and hem help maintain the shape, meeting your expectations for a premium mens golf shirtsOccasion:This striped mens polo shirts short sleeve offers a classic fit that suits for golf, tennis, other sports,as well as business, work, or casual wear. Perfect gift for fathers, boyfriends, husbands, family, or friendsNote: Golf shirts for men dry fit is machine washable and easy to care for. Available in sizes S, M, L, XL, 2XL, and 3XL. Standard US sizing ,please refer to the size chart in the product images or description before ordering",,,https://www.amazon.com/dp/B0DPQC1NSV
12,B0DWXNDJPK,Men's Polo Shirts Performance Short Sleeve Golf Shirt Recycled Polyester Moisture-Wicking Dry Fit Solid Athletic Apparel,AULEEGAR Store,No especificado,No especificado,Men,Low Stock,29.98,29.98,29.98,4.4,2918.0,7.978996370854115,0.0,0.0,False,995.0,False,"Recycled fabric golf t shirts for men: Crafted from high-quality recycled materials, these mens golf shirts are not only durable but also a step towards a greener planet. The fabric is soft, lightweight, and perfect for all-day comfort. You can feel good about wearing a shirt that is kind to the environment while enjoying its premium quality. Whether you're on the golf course or other sports, this shirt is a great choice.Breathable and Quick-Dry: These polo shirts men are all about breathability. They're made to keep you cool and dry, even when the heat is on. The quick-dry tech means sweat doesn't stick around, so you stay fresh and comfortable. Whether you're on the golf course or out and about, this shirt will keep you dry and focused. The fabric breathes well, letting air flow freely and stopping you from getting too hot. It's a great feeling to wear.Featuring a classic design: these men golf polo are equipped with a three - button placket, side vents, and short sleeves. The three - button placket lends a clean and refined appearance, while the side vents enhance mobility and comfort. The short sleeves make them ideal for warm weather, adding to their versatility for various occasions. Additionally, the classic solid - color design is highly versatile, effortlessly pairing with any sports shorts or casual trousers.Ideal for Gift-Giving: These business casual polo shirts for men are perfect gifts for golf lovers on birthdays, Father's Day, or Christmas. They're stylish and practical, showing you care about their interests and the environment. A sustainable and high - quality golf shirt is a thoughtful gift for special occasions. Your loved ones will value its thoughtfulness and quality, making it a memorable present.Versatile Use: These men's golf polo shirts are versatile beyond golf. They're suitable for fishing, hiking, tennis and other activities. The comfortable and breathable fabric makes them ideal for outdoor adventures. They're also great for daily wear, whether at work or running errands. The classic design and solid color make them easy to pair with any outfit, a must - have for your wardrobe.",,,https://www.amazon.com/dp/B0DWXNDJPK
13,B0DWFMDQBT,ZITY 3 Pack Mens Polo Shirts Short Sleeve Golf Polo Moisture Wicking Performance Collared Casual Tennis Athletic T-Shirt,ZITY Store,No especificado,No especificado,Men,Other,42.99,42.99,42.99,4.4,2918.0,7.978996370854115,0.0,0.0,False,995.0,False,"MOISTURE WICKING: Crafted from 94% Polyester and 6% Elastane, this men's golf shirt is lightweight, quick-drying, moisture-wicking. It keeps you dry and cool by absorbing sweat and allowing it to evaporate quickly, make it perfect for active days.PERFORMANCE FABRIC: This golf polo is soft, breathable, stretchy, and features a removable tag for added comfort. Its performance fabric ensures a comfortable fit during golf swings, tennis, hiking, work, duty, or other activities.CASUAL FIT: Designed with short sleeve, a polo collar, and a 3-button placket, this shirt combines casual style with sporty functionality. The high-quality tailoring ensures a comfortable fit, enhancing mobility for golf swing and outdoor activities.PERFECT FOR: Ideal for golf, hiking, fishing, tactical, and more, this active polo transitions seamlessly from outdoor adventures to daily wear. Its design makes it a must-have for casual or semi-formal occasions, keeping you stylish and comfortable.EASY CARE: Maintain your shirt's quality with simple care. Machine or hand wash with low heat drying. Avoid bleach to preserve the fabric's integrity and extend the life of your shirt.",,,https://www.amazon.com/dp/B0DWFMDQBT
14,B0CQTCDJJ7,M MAELREG Golf Shirts for Men Dry fit Sports Jacquard Lightweight Performance Texture Short Sleeve Collared Polo Shirts,M MAELREG Store,No especificado,No especificado,Men,In Stock,28.95,28.95,28.95,4.6,157.0,5.062595033026967,0.0,0.0,False,116.0,True,"PERFORMANCE MATERIAL: This golf polo shirts for men are crafted from a blend of Polyester/Spandex fabric, offering the properties of lightweight, UPF30+, moisture wicking, quick dry, 4 way stretch, soft and breathable, contribute to your overall comfort on the course.FASHION FEATURE: Our mens polo shirts short sleeve are made from high end jacquard fabric, exclusive texture and colour assortment will make you elegant and stylish. Non-curling collars ensures maintain good shape. Well-made stitching.US SIZE: This classic fit mens polo shirts is designed to fit US regular size: S, M, L, XL, 2XL, 3XL. It has a well-constructed fit that will flatter your body shape. Whether you choose to tuck it in or leave it untucked, you will achieve a fitted and comfortable look.OCCASION: Our MAELREG golf shirts for men dry fit are perfect for golf, tennis, business, travel, and other outdoor sports activities. Great gifts for husbands, father, families, friends, or boyfriends!NOTE: The model in our collared mens casual shirts is 5'13"" tall and weighs 170lbs, wearing a size medium for reference. To ensure the best fit, please refer to the size chart provided in the product picture before placing your order.",,"Customers appreciate the shirt's quality, fit, and value for money. They find the material comfortable and the design nice. However, some customers mention that the color gets wrinkled easily, and the color may differ from what was described.",https://www.amazon.com/dp/B0CQTCDJJ7
15,B06VZ3RCYS,"Hanes Men's X-Temp Short Sleeve Polo Shirt, Midweight Men's Shirt",Hanes Store,Hanes Branded Printwear,O055P,Men,In Stock,11.0042,11.0042,19.0,4.5,28745.0,10.266253906111178,2000.0,7.601402334583733,True,31.0,True,"SO SOFT - Midweight pique fabric feels super-soft up against your skin.KEEPS YOU COMFORTABLE - X-Temp technology is designed to keep you cool and dry, no matter what the day brings.ODOR CONTROL - FreshIQ advanced odor protection technology attacks the odor-causing bacteria in your clothing.STAY-FLAT COLLAR - Classic polo style featuring a ribbed stay-flat collar.FRONT BUTTON PLACKET – Men's shirts are accented with a tailored 3-button placket.TEARAWAY TAG - Simply remove the tearaway tag for itch-free comfort.","Upgrade your polo style with a Hanes men's polo shirt that is designed to keep you feeling cool and dry even during your most active days. Crafted from a cotton pique-blended fabric, these men's short sleeve shirts feel oh-so-soft against your skin. Even better, this men's sports shirt offers FreshIQ advanced odor protection and the innovative X-Temp technology for all-day cooling and freshness. Finished with a stay-flat collar and front button placket, this classic style is a must-have for your rotation. Pair with your favorite bottoms – it works well as a standout top layer or under a sweater or jacket.","Customers appreciate the shirt's fit, quality, and color. They find it comfortable with a good fit, durable material, and attractive colors. The shirts are described as great value for the price, true to size, and soft. Customers also like the sexiness, material weight, and washability.",https://www.amazon.com/dp/B06VZ3RCYS
16,B0B47Q6QYP,POLO RALPH LAUREN Men's Slim Fit Stretch Crew Tee,POLO RALPH LAUREN Store,No especificado,No especificado,Men,In Stock,49.5,49.5,49.5,4.6,421.0,6.045005314036012,0.0,0.0,False,284.0,True,Soft Breathable FabricLay Flat CollarWicks Away MoistureTag FreePolo Pony Embroidery,,"Customers find the shirts fit well, are soft, and comfortable. They appreciate the right size and that the cotton material is soft. The cut is flattering and gives a clean, tailored look. However, opinions differ on the quality and value for money.",https://www.amazon.com/dp/B0B47Q6QYP
17,B0BPHD8XCN,POLO RALPH LAUREN Slim Fit Undershirt w/Wicking 5-Pack Crews,POLO RALPH LAUREN Store,No especificado,No especificado,Men,In Stock,61.0012,61.0012,69.5,4.6,477.0,6.169610732491456,200.0,5.303304908059076,True,135.0,True,Bring that simplicity to your elegant attire with the Polo Ralph Lauren P5 Slim Fit Crews T-Shirt Set.Crew neckline.Short sleeves.Pull-on construction.Straight hemline.,"The Polo Ralph Lauren Slim Fit w/ Wicking 5-Pack Crews are a daily essential. These comfy T-shirts are made from soft cotton jersey that wicks away sweat to keep you dry and comfortable all-day long, and are finished with the signature embroidered Pony at the hem. Cut with a slim fit. Ribbed crew neckline. Short sleeves. Straight hemline. 100% cotton. Machine wash.","Customers appreciate the shirts for their quality, softness, and thickness. They find the shirts comfortable and well-made. The sizing is also appreciated.",https://www.amazon.com/dp/B0BPHD8XCN
18,B005LCMU00,"U.S. Polo Assn. Men's Classic Polo Shirt, Two-Button Closure Pique Polo Shirt, Summer Fashion Golf Shirt",U.S. Polo Assn. Store,U.S. POLO ASSN.,Nov-15,Men,In Stock,19.989,19.989,21.99,4.5,14823.0,9.604002767965195,200.0,5.303304908059076,True,3.0,True,Short-sleeve polo shirt featuring two-button placket and embroidered logo on chestRibbed collar and cuffs,Authentic classic fit short sleeve solid pique polo shirt,"Customers appreciate the quality, color, and value of the shirt. They find it comfortable and well-made for the price. However, some customers have issues with shrinkage. There are differing opinions on sizing, color accuracy, and fabric quality.",https://www.amazon.com/dp/B005LCMU00
19,B0DWSPXNB7,Nuofengkudu Men's Quarter Zip Polo Shirt Short Sleeve Collared Shirts Vintage Textured Casual Summer T Shirt,Nuofengkudu Store,No especificado,No especificado,Men,In Stock,25.99,25.99,25.99,4.4,2918.0,7.978996370854115,0.0,0.0,False,995.0,False,"Material:Men's polo shirt is made from polyester fabrics that is soft, comfortable, ligtweight,breathable.It is a perfect choice for daily wear,so you can always feel comfortable after a whole day of work.Suits for spring, summer or autumn.Unique Design:This short sleeve polo shirt features a vintage textured pattern,turndown collar and 1/4 zipper design, making this men's shirt more elegant and easier to wear. Solid color polo shirts will always look mature and steady, you could easily match clothing for any casual occasion.Occasion: Men's half zip golf shirts is suitable for all seasons and meet all your needs, and great for daily life wear, home, school, office, golf, work, sport, fishing, party, vacation,gym, hiking, cycling, leisure and outing. It is the perfect gift for boyfriend, son, husband and yourself.Match: You can match this mens polo t shirt with shorts,sweatpants,casual pants or jeans for a casual look. Whether you're heading for a casual day out or aiming for a smart-casual look at work, this polo shirt effortlessly adapts to your lifestyle.Size:S-XXL.Please check your measurements and the clothing size chart to make sure the item fits before ordering.You should be an exquisite man anytime! Upgrade your wardrobe with stylish men's polo.",Nuofengkudu Men's 1/4 Zip Polo Shirt Summer Short Sleeve Textured Pullover Golf Polo T Shirts,,https://www.amazon.com/dp/B0DWSPXNB7
20,B0DSBXZY87,GEEK LIGHTING Mens Waffle Polo Shirts Short Sleeve Summer Casual T-Shirts Moisture Wicking Collared Golf Shirt with Pocket,GEEK LIGHTING Store,No especificado,No especificado,Men,In Stock,19.9951,19.9951,40.99,5.0,2.0,1.0986122886681098,0.0,0.0,False,387.0,True,"Waffle Texture: Composed of 95% polyester and 5% spandex, the distinctive pattern on this polo shirts for men provides a richly textured surface. It is lightweight and breathable making it perfect for all-day wearOriginal Design: this mens waffle polo shirt have a chest pocket with a leather label ,which is convenient for you to carry small items such as cards, keys and headphones, making it a versatile wardrobe staple that can be worn for a variety of occasionsVersatile Occasion: Suitable for all seasons, this short sleeve polo shirts for ment is perfect for dates, parties, office work, outdoor activities, golfing, vacations, and everyday outings. Its classic and versatile design makes it an ideal gift for husbands, fathers, grandfathers, or friendsVersatile Occasion: Suitable for all seasons, this collared polo shirt is perfect for dates, parties, office work, outdoor activities, golfing, vacations, and everyday outings. Its classic and versatile design makes it an ideal gift for husbands, fathers, grandfathers, or friendsCare Instructions: Polo t shirts for men with pocket can be machine washed in cold water; do not bleach. Before ordering the GEEK LIGHTING men's waffle texture polo shirt, please refer to our size chart image to ensure the best fit",,,https://www.amazon.com/dp/B0DSBXZY87
21,B0C8GBQ3QS,3 Pack Mens Polo Shirts Short Sleeve Sport Golf Tennis T Shirt Quick Dry Athletic Workout Polo,HUAKANG Store,No especificado,No especificado,Men,In Stock,31.996,31.996,33.99,4.2,2108.0,7.653969180478774,0.0,0.0,False,343.0,True,"Material:Men's Polo Shirt made of 100% polyesterComfort and Lightness:Men's golf polo shirts are made of soft, lightweight, comfortable, moisture wicking, breathable, keeping you dry all day longDesign:This polo shirt features a simple and stylish collar with a three-button closure and color-blocked sleeves, making it for golf, tennis and other outdoor sports, as well as for everyday business, work and casual wearOccasion: men polo shirt short sleeve can be used for many occasions, home leisure wear, outdoor sports, you can wear it to participate in sports, running, fitness, jogging golf, tennis, equestrian and other activitiesCare and Sizing Note:Machine wash cold, hand wash, machine wash, fade-proof, anti-pilling, do not bleach; If you like loose polo shirts, we suggest you choose one size up",,"Customers appreciate the casual look of the shirts with great colors and soft material. They find them comfortable and a good value for the money. Customers also like the lightweight fabric and color accuracy. However, some customers have mixed opinions on the fit and overall quality.",https://www.amazon.com/dp/B0C8GBQ3QS
22,B00GZIT5A2,U.S. Polo Assn. Men's Crew Neck Pocket T-Shirt (Color Group 2 of 2),Brand: U.S. Polo Assn.,U.S. Polo Assn Mens Traditoinal Collections,214000000,Men,Low Stock,12.0054,12.0054,26.0,4.4,1058.0,6.9650803456014065,0.0,0.0,False,281.0,True,Solid short-sleeve T-shirt featuring crew neckline and chest pocket with contrast logo embroidery,Classic solid cotton jersey crew neck pocket t-shirt,"Customers find the shirt fits well and has nice colors. They appreciate the soft, lightweight material and good value for money. However, some customers find the material too thin and tight in the shoulders after washing cold or low heat. There are mixed opinions on the quality and shrinkage of the shirt.",https://www.amazon.com/dp/B00GZIT5A2
23,B08SM3CDLN,ZITY Mens Polo Shirt Short Sleeve Sports Tactical T-Shirt Athletic Golf Polos Daily Casual Stylish Collared Shirts for Men,ZITY Store,No especificado,No especificado,Men,In Stock,14.2463,14.2463,37.99,4.2,10478.0,9.257128533474942,600.0,6.398594934535208,True,521.0,True,"FABRIC FEATURES: Soft, Lightweight, Breathable, Comfortable. Casual Short Sleeve Summer Polo Shirts for MenUNIQUE DESIGN: Men's athletic polo shirt the ring buckle design under the placket is convenient for carrying sunglasses/microphones. Sleeve pocket design makes it easy to carry small items such as keys/headphonesMOISTURE WICKING: Men's golf polo shirts are made quality four-Way Stretch/breathable and Moisture Wicking fabric helps to wick away moisture and rapid cooling technology keep you cool. A synthetic of polyester and spandex can be very durable, abrasion-resistant, and stretchy enough to allow for better mobilityALL DAY COMFORT: Mens polo shirts are suitable for various occasions such as business casual, company, work, tennis, golf, soccer, tactical training, vacation travel, daily casual, fitnes, jogging, holiday, walking, festival, football sports or four seasons all day wear. Of course these men casual stylish shirts are always the best gift for family and friendsWASH TIP: Machine wash/Hand wash. Don't Bleach. Our polo shirts for men last long and well made, great value. Easy to care for, fantastic coming out of the dryer, good enough to be a golf shirt or business casual. Please refer to the measurement chart when you place the order. Click our store to view more our golf apparel",,"Customers appreciate the shirt's attractive appearance, comfortable fit, and functionality. They find it visually appealing, suitable for various occasions like golf, dinner, and work. Many consider it a good value for money. However, opinions differ on the fit, material quality, and color accuracy.",https://www.amazon.com/dp/B08SM3CDLN
24,B0DCP4FHYY,POLO RALPH LAUREN Boys' Multi-Pack Short Sleeve Undershirt,POLO RALPH LAUREN Store,POLO RALPH LAUREN,No especificado,Boys,In Stock,40.0,40.0,40.0,4.0,95.0,4.564348191467836,0.0,0.0,False,5.0,True,"BREATHABLE STRETCH COTTON: Unmatched coolness and comfort all day long; perfect for active days and relaxed moments alike.4D-FLEX STRETCH: Stretch technology in these undershirts redefine comfort by allowing unrestricted movement.SOFT AND COMFY: The comfort of soft, breathable fabric against the skin.MULTI-PACK CONVIENCE: More value, more choices, less hassle.SIGNATURE PONY EMBROIDERY: Classic style, with a stylish touch that your kids will love.","Discover the timeless style and comfortable fit in every crewneck undershirt from Polo Ralph Lauren. Made with breathable fabric that is soft against the skin, these essential undershirts feature Ralph Lauren's signature embroidered Pony at the hem.","Customers are satisfied with the shirts' material quality, size, and comfort. They find the shirts fit well, are of good texture, and have a soft, thick fabric.",https://www.amazon.com/dp/B0DCP4FHYY
25,B07JBRGFH4,"Gildan Men's Crew T-Shirts, Multipack, Style G1100",Gildan Store,Gildan,G1100,Men,In Stock,21.97,21.97,21.97,4.6,305325.0,12.629135337232485,5000.0,8.517393171418904,True,6.0,True,"Soft, breathable cottonMoisture wicking technology keeps you cool and dryTag-free to prevent irritationClassic length for easy tuckingDurable stitchingLay-flat collar","Gildan Cotton Crew Neck T-Shirts are anything but basic. Crafted with soft, breathable cotton and moisture wicking technology to keep you cool and comfortable no matter what's on the agenda. Perfect for layering or lounging - you can thank us later.","Customers find the shirts comfortable and well-fitting. They appreciate the soft, durable material that holds up well after washing. Many find them a good value for the price and like the simple design. However, opinions differ on shrinkage and material thickness.",https://www.amazon.com/dp/B07JBRGFH4
26,B07FMXG9PB,Polo Ralph Lauren Men's Slim Fit Cotton V-neck Undershirt 3-pack,POLO RALPH LAUREN Store,No especificado,468525,Men,In Stock,49.5,49.5,49.5,4.5,3398.0,8.131236549696116,100.0,4.61512051684126,True,995.0,False,A quality Polo Ralph Lauren staple for your wardrobe essentials.Slim fit tee crafted from a moisture-wicking cotton fabric for all-day comfort.V-neckline.Short sleeve design.Embroidered signature pony at left hem.,POLO RALPH LAUREN mens Slim Fit Cotton V-neck Undershirt 3-pack,"Customers appreciate the shirt's soft fabric and comfortable fit. They find it a good value for the price, with a flattering style that looks great. Many customers praise the t-shirt quality. However, some customers are unhappy with wrinkles. There are mixed opinions on the fit, material quality, and shrinkage.",https://www.amazon.com/dp/B07FMXG9PB
28,B01AZ4DAJ8,U.S. Polo Assn. Men's Undershirt – 4 Pack Crew Neck Short Sleeve T-Shirt,Brand: U.S. Polo Assn.,U.S. POLO ASSN. Underwear Child Code,USM00CPT05,Men,Low Stock,26.951,26.951,30.0,4.3,359.0,5.886104031450156,0.0,0.0,False,102.0,True,100% CottonImportedPull On closureMachine Wash,,"Customers appreciate the shirt's fit, softness, and sexiness. They find it true to size, with a stretchy fabric that fits well. Many consider it a nice undershirt. However, some customers feel the material is too thin and cheap, while others have mixed opinions on the overall quality.",https://www.amazon.com/dp/B01AZ4DAJ8
29,B01BDZMRR4,Polo Ralph Lauren Men's Jersey Short Sleeve Tee,POLO RALPH LAUREN Store,No especificado,No especificado,Men,In Stock,42.0,42.0,42.0,4.3,157.0,5.062595033026967,50.0,3.9318256327243257,True,872.0,True,Embroidered pony logo accents left chestRibbed crewneckMachine washClassic fit,,"Customers find the shirt's material quality good and long-lasting. They are satisfied with the comfort, wearability, and satisfaction. However, some customers have mixed opinions on the sizing.",https://www.amazon.com/dp/B01BDZMRR4
30,B00PUAO7MM,"U.S. Polo Assn. Men's Solid Short Sleeve Interlock Polo Shirt, Golf Shirts for Men, Business Casual Polos",Brand: U.S. Polo Assn.,U.S. POLO ASSN.,11.304598-HBBR,Men,In Stock,17.5,17.5,17.5,4.4,2485.0,7.818430272070656,0.0,0.0,False,44.0,True,Two-button polo shirt featuring short sleeves and contrast embroidery at chest,"Established in 1890, the U.S. Polo Assn. is the governing body for the sport of polo in the united states. Indulge yourself in the iconic sophistication, luxury and comfort that the U.S. Polo Assn. products provide. You deserve the best.","Customers find the shirt has a good fabric and color. They appreciate its durability, softness, and comfort. The colors are vibrant and stand out nicely. Many customers find it to be a great value for the price. However, opinions differ on the size, fabric quality, and shrinkage.",https://www.amazon.com/dp/B00PUAO7MM
31,B07J6784R8,Nautica Men's Classic Fit Short Sleeve Dual Tipped Collar Polo Shirt,Nautica Store,No especificado,No especificado,Men,In Stock,26.7,26.7,26.7,4.5,13517.0,9.511777409660299,50.0,3.9318256327243257,True,25.0,True,"Stand collar, 3-button placket closureRibbed collar & cuffs, hem with slitsPull On closureMachine Wash, Cuello alto, cierre de solapa de 3 botonesCuello y puños acanalados, dobladillo con aberturas, Stand collar, 3-button placket closure",Breathable soft cotton makes this woven polo lightweight enough for warmer weather but still an ideal layering piece under a sweater once the season changes.,"Customers appreciate the good quality, nice colors, and comfort of the shirts. They find the material soft, durable, and the colors and shapes remain like new after several washes. The sizing and fabric weight are also appreciated. However, some customers have differing opinions on how well the shirts fit and the overall fabric quality.",https://www.amazon.com/dp/B07J6784R8
32,B01AZ4DAKM,U.S. Polo Assn. Men's Undershirts - 4 Pack V Neck Undershirts for Men (S-XL),Brand: U.S. Polo Assn.,U.S. POLO ASSN. Underwear Child Code,USM00CPT06,Men,Low Stock,29.95,29.95,29.95,4.2,313.0,5.749392985908253,0.0,0.0,False,153.0,True,"OFFICIAL U.S. POLO ASSN: Cotton Undershirts for Men Pack of 4; Authentic and officially sanctioned by the United States Polo Association; More than just a brand – it's an experienceTAG FREE COMFORT: Soft and comfortable undershirts for men with a tag-free design for all-day comfort. These V-Neck undershirts stay hidden under dress shirts, button-downs, and sweaters, ensuring a smooth, irritation-free fit.CLASSIC FIT: Designed to be snug without being restrictive and loose without being baggy, the classic fit of these V-Neck undershirts makes them the perfect base layer t-shirt for men. Ideal for layering under any outfit, they provide comfort and versatility.MULTIPACK VALUE: Get exceptional value with this 4-pack of lightweight and breathable basic undershirts for men. Stock up on this essential wardrobe item and always have a fresh undershirt ready for any occasion.EASY CARE: These undershirts are easy to care for, simply machine wash and tumble dry. Designed to maintain their shape and softness, they are a practical addition to any man's wardrobe. Please refer to the product description for more details.",,"Customers appreciate the shirts' fit, sturdiness, and softness. They find them nice and good value for money. However, some customers are unhappy that the cotton content is not 100% as advertised. There are mixed opinions on the overall quality.",https://www.amazon.com/dp/B01AZ4DAKM
33,B07BN24BLX,Nautica Men's Short Sleeve Solid Stretch Cotton Pique Polo Shirt,Nautica Store,No especificado,No especificado,Men,In Stock,28.01,28.01,28.01,4.6,10278.0,9.237858258012922,100.0,4.61512051684126,True,13.0,True,Casual styling and a stretch pique fabrication for the most comfortable fitPolo collar with a sporty buttoned placketShort sleeves,A contrasting collar keeps things interesting and elevates this polo beyond basic. The stretch pique fabric means comfort and a great fit all day. From Nautica.,"Customers appreciate the shirt's fit, quality, and color. They find it true to size, with a nice color that looks sharp without being too tight. Many find the material comfortable and pleasant to the touch. The shirt is considered an excellent value for the price, and customers appreciate its versatility and fabric quality. However, there are differing opinions on the material thickness.",https://www.amazon.com/dp/B07BN24BLX
34,B0DN375DNC,Polo Shirts for Men - Dry Fit Moisture Wicking Black Short Sleeve Performance Golf T Shirts for Casual Work Athletic,BOOJO Store,No especificado,No especificado,Men,In Stock,9.99,9.99,9.99,4.7,47.0,3.871201010907891,200.0,5.303304908059076,True,38.0,True,"【Ultimate Comfort】Crafted from a premium 95% polyester and 5% spandex blend, our lightweight mens polo shirts offer exceptional softness, 4-way stretch, wrinkle resistance, and breathability, ensuring all-day comfort.【Quick Dry & Moisture Wicking】The dri fit shirts for men feature advanced moisture-wicking technology, quickly absorbing and releasing sweat to keep you dry. The quick-dry fabric enhances comfort during outdoor activities.【Classic with Modern Flair】The men's polo shirts feature a classic buttoned placket, combining traditional elegance with modern style. A comfortable collar ensures a soft feel, while sturdy buttons offer durability. The tagless design reduces skin irritation, and side slits enhance mobility, making them perfect for both business and casual sports.【Multipurpose Wear】These collared golf shirts for men are perfect for activities like golf, tennis, office wear, horse riding, and daily routines. The breathable, flexible fabric ensures comfort all day, whether hiking, fishing, or enjoying summer beach days.【Easy Care & Customer Service】The polo T-shirts for men are machine washable, easy to maintain, and stay fresh with cold water washing, extending their durability. If you have any questions about our products, please contact us.",,"Customers find the shirt's fabric comfortable and soft. They say it fits true to size, though some customers mention it runs large. The shirt is described as flattering and a slightly dressy option.",https://www.amazon.com/dp/B0DN375DNC
35,B01GH5JOJY,Under Armour Men's Tech Golf Polo,Under Armour Store,Under Armour,1290140,Men,In Stock,23.6941,23.6941,39.99,4.7,61179.0,11.021575617704894,800.0,6.68586094706836,True,67.0,True,"Textured fabric that's soft, light & breathable|Material wicks sweat & dries really fast|Anti-odor technology prevents the growth of odor-causing microbes","UA Tech™ is our original go-to training gear: Under Armour men's Tech polos are loose, light, and keep you cool. Basically, they're built to be everything you need. Textured fabric that's soft, light & breathable. Material wicks sweat & dries really fast. 3-button placket. Self-fabric collar. Loose: Fuller cut for complete comfort. 100% Polyester.","Customers find the shirt has a good fit and style. They appreciate the flattering shoulders, collar, and extra length for tucking in. The colors are nice and bold, making it a perfect golf shirt. Customers describe the shirt as sturdy and substantial, with a soft, lined texture. They also like the comfort, saying the material is soft against the skin and has a slight stretch. Overall, customers find the shirt comfortable and great quality for the price.",https://www.amazon.com/dp/B01GH5JOJY
36,B0D1H3W5K7,AEROPOSTALE Men's Polo,AEROPOSTALE Store,AEROPOSTALE,No especificado,Men,Other,11.996,11.996,29.95,4.5,812.0,6.70073110954781,200.0,5.303304908059076,True,8.0,True,Piqué knitEmbroidered A87 logoRibbed Polo collar with a buttoned placketShort Sleeve with Ribbed Cuff Trim,A timeless preppy style you need in your wardrobe. Make sure to snag one in every color!,"Customers appreciate the quality, comfort, and color of the shirt. They find it soft, with a nice texture suitable for semi-formal or casual situations. The wide variety of colors is a plus. Many customers value the shirt's value for money and sizing. However, some dislike the material thickness and have differing opinions on how well it fits.",https://www.amazon.com/dp/B0D1H3W5K7
37,B07J9PZGX4,Nautica Men's Solid Crew Neck Short-Sleeve Pocket T-Shirt,Nautica Store,No especificado,V41050,Men,In Stock,17.2721,17.2721,21.95,4.6,14167.0,9.55874117946267,0.0,0.0,False,37.0,True,Easy pullover styling with a casual crew-necklineShort sleeves; pocket at chestTrue to sizeEnsures a flattering fit with excellent wearing comfort,"Simply put, every guy needs a solid collection of pocket t-shirts in his collection. This cotton style from Nautica one ups its classic roots with a touch of stretch so you know it'll fit great and keep its shape for a long time to come.","Customers appreciate the quality, comfort, and color of the shirts. They find the material soft, stretchy, and the dye has held up well. Many customers like the value for money, stretchiness, and color accuracy. However, opinions vary on the fit.",https://www.amazon.com/dp/B07J9PZGX4
38,B01BDZMIK0,Polo Ralph Lauren Men's Classic Fit Jersey Short Sleeve Tee,POLO RALPH LAUREN Store,No especificado,No especificado,Men,In Stock,55.0,55.0,55.0,4.5,1475.0,7.297091005160418,0.0,0.0,False,480.0,True,"HIGH QUALITY COTTON - A must-have, high quality cotton jersey tee that will last for years.STANDARD, CLASSIC FIT - You will never go wrong with a classic. This bestselling standard casual t-shirt is accented with our signature embroidered pony at the left chest and also comes with a tagless neck label for optimal comfort.SHORT SLEEVES CREW-NECKLINE - A timeless wardrobe essential that will give you that old favorite kind of feel. It's available in great color variants you will surely love.MACHINE WASHABLE and DRYER FRIENDLY - Completely machine washable and dryer friendly, making it easy for laundering.",Polo Ralph Lauren Mens Classic Fit Jersey Short Sleeve Tee,"Customers appreciate the shirt's quality, comfort, and appearance. They find it to be a good product with great fabric and a nice look. However, some have issues with its appearance and fit. There are mixed opinions about the color and fit.",https://www.amazon.com/dp/B01BDZMIK0
39,B0132MFEA8,Hanes Men's Short Sleeve X-Temp Performance Polo,Hanes Store,Hanes Men's Athletic Child Code,O42X0,Men,In Stock,12.5434,12.5434,19.0,4.4,28348.0,10.25234703516517,200.0,5.303304908059076,True,553.0,True,"QUALITY FABRIC - This sporty men's polo shirt is crafted from a soft knit cotton blend for all-day comfort. (60% Cotton/40% Polyester, Light Steel 90% Cotton/10% Polyester)ODOR PROTECTION - Built with FreshIQ, this odor protecting technology attacks odor-causing bacteria so you can feel fresh all day.MOISTURE-WICKING - Hanes men's polo shirt is made from a moisture-wicking fabric with a dynamic vapor. The cotton-blend fabric will keep you cool and dry from day to night.COOL COMFORT - Created with Hanes X-Temp technology, this men's polo shirt is designed to adapt to help keep you cool.BUTTON PLACKET - This men's polo shirt is accented with a three-button placket featuring pearlized buttons.COLD WATER WASH - Hanes recommends machine washing this men's polo shirt in cold water to help reduce energy consumption.","Stay comfortable during work and workouts with this men's polo shirt from Hanes. The classic design is updated with Hanes X-Temp™ technology for an all-day cool feel. This innovative fabric works to keep you fresh, no matter how intense your workout gets. FreshIQ™ odor protecting technology attacks odor-causing bacteria that causes clothing to smell, for an all-day clean feel. This sporty men's polo shirt is super soft, ideal for any activity. Pair this knit polo shirt with your favorite pair of shorts and get ready to take on the day.","Customers appreciate the nice fit, good quality material, and comfortable fabric of the shirt. They find it a reliable everyday polo or performance shirt that feels very much like cotton. Many consider it a good value for money and cheap to replace. The collar and sleeves are also appreciated. However, some customers have issues with the material thickness and disagree on the color.",https://www.amazon.com/dp/B0132MFEA8
40,B07FMY215J,POLO RALPH LAUREN Men's Classic Fit Cotton Tanks 3-pack,POLO RALPH LAUREN Store,No especificado,No especificado,Men,In Stock,49.5,49.5,49.5,4.6,2741.0,7.91644286012226,100.0,4.61512051684126,True,544.0,True,Get comfy in Polo Ralph Lauren Classic Fit w/ Wicking 3-Pack Tank Undershirts.Soft-ribbed cotton fabrication with a body hugging fit.Moisture-wicking fabric for all-day comfort.Scoop neckline.Sleeveless design.,Polo Ralph Lauren's tank is made from soft ribbed cotton that wicks away moisture to help keep you dry and comfortable. It's cut in Polo's slightly relaxed Classic Fit for freedom of movement.,"Customers appreciate the shirt's fit, comfort, and appearance. They find the extra length perfect, the softness, and breathable fabric. Many consider it a good value for money. However, some customers dislike the smell. Opinions vary on the overall quality.",https://www.amazon.com/dp/B07FMY215J
41,B01MDOUGX4,Lacoste Men's Short Sleeve Crew Neck Pima Cotton Jersey T-Shirt,Lacoste Store,No especificado,No especificado,Men,In Stock,29.995,29.995,60.0,4.4,5588.0,8.628555659269699,100.0,4.61512051684126,True,83.0,True,Regular FitFan favorite short sleeve classic crew neckSoft premium Pima cotton jersey fabricShort sleeves for year-round versatilitySignature embroidered green crocodile on left chest,Lacoste Mens Short Sleeve Crew Neck Pima Cotton Jersey T-Shirt,"Customers appreciate the shirt's quality, color, and softness. They find the material durable and smooth, with solid sewing. The shirts have a stylish look and are considered a wardrobe staple for casual wear. However, some customers have issues with the thickness of the fabric. There are mixed opinions on the size, value, and fabric quality.",https://www.amazon.com/dp/B01MDOUGX4
42,B0CS69YKZQ,Men's Polo Shirts 2025 Short Sleeve Casual Polo T Shirt Color Block Slim Fit Golf Shirts with Pocket,ROOMLINE Store,No especificado,No especificado,Men,In Stock,19.9917,19.9917,23.99,3.6,359.0,5.886104031450156,0.0,0.0,False,109.0,True,"【SUPREME COOLING COMFORT】Our polo shirt made of premium polyester blend material,uniquely designed to provide a cooling,breathable,and soft touch for unmatched comfort【CLASSIC DESIGN】Men's fashion showcasing a classic polo neck with zipper closure style,our shirts feature a unique stripe splicing for a fashion,casual style.【LIGHTWEIGHT/MOISTURE WICKING】Our short sleeve polo shirts for men help wicks away the sweat,keeping you cool and relaxed all day long.【EASY MATCHING】Our polo T-shirts easily match with your casual pants, jeans, and various shorts,meeting your needs for any style and occasion.【VERSATILE FOR ALL OCCASIONS】Perfect for summer,outdoor wears for golf,tennis,traveling;daily wears for working, business, dating, parties, This men's polo shirt is also a great gift for family,son,friends or boyfriends","- Short Sleeve: The shirt is designed with short sleeves, providing a comfortable and casual look for wear.","Customers appreciate the shirt's style and comfort. They find it has a nice appearance, feels soft and smooth, and is good value for money. However, some customers have issues with the color being more orange than red, and the pocket size being too small. Opinions vary on the fit and material quality.",https://www.amazon.com/dp/B0CS69YKZQ
43,B0D38YFY3K,ZENGVEE Mens Polo Shirts Moisture Wicking Short Sleeve Performance Quick Dry Athletic Golf Shirts,ZENGVEE Store,No especificado,No especificado,Men,In Stock,42.99,42.99,42.99,4.2,635.0,6.455198563340122,100.0,4.61512051684126,True,53.0,True,"High Performance Material: Polo shirts for men are made from polyester premium knitted fabric. Lightweight, flexible, quick dry, moisture-wicking, it can effectively prevent odors from being trapped on the fabric, keeping you comfortable, breathable and cool. Easy care: machine wash/hand wash.Ergonomic Comfort: quick dry polo shirts for men feature hand-tearable labels to prevent chafing and increase comfort. The collar adopts a classic three-button placket design, which is three-dimensional and does not deform. The 4-way elastic material increases fluidity.Moisture-wicking: Dress collar polo shirts for men are made of soft and breathable fabric, combined with cooling technology, which can effectively absorb moisture, keeping you cool and comfortable in any condition, away from stuffy heat and odor.Occasion: Men's Polo shirt for any workout and sport, such as golf, tennis, running, hiking, traveling, cycling, training, badminton, hiking, vacation, fishing, casual, business, work, daily wear, etc.Excellent shopping experience: We pride ourselves on providing our customers with excellent customer service and support. If you have any questions about our men's polo shirts, please ask us.",,"Customers appreciate the shirts' fit, look, and value. They find the shirts comfortable and lightweight, with a casual style that pairs well with jeans. However, some customers have differing opinions on the quality and material thickness.",https://www.amazon.com/dp/B0D38YFY3K
44,B07HR8C4X3,Nautica Men's Solid Deck Shirt,Nautica Store,No especificado,No especificado,Men,In Stock,29.99,29.99,29.99,4.6,7279.0,8.892886141190731,200.0,5.303304908059076,True,18.0,True,"Short sleeve with ribbed cuffsClassic fit, hem with slits, Manches courtes avec poignets côtelésCoupe classique, ourlet avec fentes, Short sleeve with ribbed cuffsClassic fit, hem with slits, Kortärmad med ribbade manschetterKlassisk passform, fåll med slitsar",This performance honeycomb pique deck shirt is a must-have for your wardrobe.,"Customers find the shirt has a good fit, nice color, and good quality. They appreciate its comfort and feel, finding it lightweight and comfortable to wear in hot weather. Many customers find it a great value for the price. However, some have mixed opinions on the fabric quality.",https://www.amazon.com/dp/B07HR8C4X3
45,B0BZZSK8TF,Lacoste Men's Short Sleeved Ribbed Collar Shirt,Lacoste Store,No especificado,No especificado,Men,In Stock,55.0,55.0,55.0,4.3,4193.0,8.341410211461865,100.0,4.61512051684126,True,23.0,True,"Lacoste, inventor of the polo since 1933. Original L.12.12 Polo. Made by LacosteThe Icon. Slim fit, adjusted ease on body Adjusted version of the Original L.12.12 polo in our iconic petit pique renewed every season in a new color paletteRibbed collar and cuffs, Side slits, Fake mother of pearl buttons 3cm green crocodile at chest",,"Customers appreciate the quality, color, and comfort of the shirt. They find it to be a genuine Lacoste product and say it lasts well. However, some customers report issues with shrinkage and staining. There are mixed opinions on the fit, value for money, and fabric thickness.",https://www.amazon.com/dp/B0BZZSK8TF
46,B07TF5NCTY,MAGCOMSEN Men's Polo Shirt Quick Dry Performance Short Sleeve Tactical Shirts Pique Jersey Golf Shirt,MAGCOMSEN Store,No especificado,MCS-99,Men,In Stock,24.9831,24.9831,35.99,4.4,22059.0,10.001521292807494,300.0,5.707110264748875,True,835.0,True,"Material: Polyester, premium pique jersey fabric for comfy and soft feelingStyle: Classic polo shirts with 3-button placket and spread collar, a loop under the buttons suitable for hanging sunglasses or microphone, dual pen pockets on left sleeve for your convenienceQuick Dry: This men's short sleeve polo shirt features sweat-wicking material that pulls moisture away from the body to keep you cool and dryComfortable: underarm patch design reduces chafing, with slit hem and short sleeve allows this shirt for a wide range of motionIdeal For: Daily wear, work wear, camping, climbing, hiking, mountaineering, travelling, walking, fishing",,"Customers find the shirt well-made and comfortable. They appreciate its nice look, timeless style, and soft material that maintains its shape after washing and drying. Many find it suitable for work, workouts, or casual wear around the house. The value for money and quality are also praised. However, opinions differ on the fit.",https://www.amazon.com/dp/B07TF5NCTY
47,B0BQVR9CCL,POLO RALPH LAUREN mens Classic Fit Undershirt W/Wicking Crews 5-pack,POLO RALPH LAUREN Store,No especificado,RCCNP5,Men,In Stock,69.5,69.5,69.5,4.6,538.0,6.289715570908998,50.0,3.9318256327243257,True,277.0,True,"TIMELESS CLASSIC FIT: The Polo Ralph Lauren soccer jersey is designed with a classic fit that effortlessly blends comfort and style. This relaxed yet refined silhouette ensures you look polished while maintaining ease of movement, making it an essential piece for both casual weekends and laid-back social gatherings.CREW NECKLINE: Featuring a traditional crew neckline, this regular T-shirt offers a clean and versatile look that complements a wide range of outfits. Whether layered under a jacket or worn on its own, the neckline maintains its shape while adding a subtle touch of sophistication to your ensemble.BREATHABLE SHORT SLEEVES: Designed for comfort in warmer weather, the short sleeves of this summer clothing for men allow for optimal breathability and freedom of movement. The thoughtful construction ensures that the sleeves stay in place, providing a neat and tailored appearance without sacrificing comfort.ICONIC EMBROIDERED BRANDING: The Polo Ralph Lauren logo, meticulously embroidered at the left hem, adds a signature touch of elegance to this short sleeves T-shirt. This subtle yet distinctive detail showcases the brand's heritage of quality and style, making it a must-have for those who appreciate understated luxury.COTTON COMFORT: Crafted from 100% high-quality cotton, this men's cloth offers unparalleled softness against the skin while ensuring durability. The fabric is designed to retain its shape and color through multiple washes, and with its easy-care instructions—simply machine wash and tumble dry—this tee promises to be a reliable and low-maintenance addition to your wardrobe.","The Polo Ralph Lauren Classic Fit w/ Wicking Crews 5-Pack is designed in soft cotton jersey, and wicks away sweat to keep you dry and comfortable all-day long. Classic fit. Short sleeves. Signature pony embroidered at left hem. Straight hemline. 100% cotton. Machine wash cold, tumble dry low.","Customers appreciate the soft, comfortable fabric and flattering cut of the shirts. However, some have differing opinions on the material quality and fit.",https://www.amazon.com/dp/B0BQVR9CCL
48,B07HR877BN,Nautica Men's Short Sleeve Solid Crew Neck T-Shirt,Nautica Store,No especificado,No especificado,Men,In Stock,24.99,24.99,24.99,4.4,19577.0,9.882161765821376,0.0,0.0,False,118.0,True,J class at chestClassic t-shirt with a casual crew neckline and short sleeves,"A crew neck is a casual wardrobe staple-you know, the basics you love so much you've owned them for years this Nautica t-shirt is crafted in a soft cotton in a wide collection of colors so it'll fit effortlessly into your rotation.","Customers appreciate the quality, color, and softness of the shirt. They find it durable with no signs of fraying or stretching. The colors are described as nice and fresh, with a basic style that's not too white. Many customers consider it good value for the price. However, some have issues with the material thickness and fit.",https://www.amazon.com/dp/B07HR877BN
49,B0D5FXL1NC,POLO RALPH LAUREN Men's 4d Flex Cooling Ventilation Cotton Modal Crew Undershirts,POLO RALPH LAUREN Store,POLO,LFC2P3,Men,In Stock,41.3616,41.3616,49.5,4.7,48.0,3.8918202981106265,0.0,0.0,False,4.0,True,"Advanced Cooling Technology designed to Adapt to Your BodySuper Soft Fabric with Four Way Stretch for Freedom of MovementOdor Control Mesh Inserts underarm to Keep you Fresh throughout the dayLay Flat Collar, Smooth Flat Seams and Tag Free for ComfortStays Tucked","Crafted with a supersoft cotton blend with cooling and moisture-wicking properties, the crewneck undershirts in this three-pack feature anti-odor mesh inserts at the underarm. Four-way stretch and smooth, flat seams ensure ease of movement and a comfortable fit that is ideal for layering.",,https://www.amazon.com/dp/B0D5FXL1NC
50,B0DR7WSCFQ,Men's Quick-Dry Active Polo Shirts Short Sleeve Performance for Golf Tennis Daily Casual Collared T-Shirt,Brand: KAOKLRNI,No especificado,No especificado,Men,In Stock,9.99,9.99,9.99,4.7,22.0,3.1354942159291497,100.0,4.61512051684126,True,24.0,True,"Crafted with advanced breathable fabric,Our Active Polo shirt give you the best wearing experience,keeping you cool during intense workouts, golf swings, or outdoor adventuresUltra-soft stretch fabric with 4-way elasticity adapts to your movement. The tagless collar prevent chafing, Stay cool and comfortable in outdoor activities with our Golf shirtsClassic fit with a modern athletic silhouette. Pair with performance shorts for sports or chinos for a smart-casual office look. Available in versatile colors (Black, Navy, Khaki Grey) to match any wardrobeMoisture-wicking fabric adapts to golf swings, tennis serves, or gym routines. Raglan sleeves enhance mobility, adapts to training, hiking, camping, or hittingIdeal gift for men seeking style and functionality in activewear,True-to-size with adjustable hem. Available in S-3XL . Need help? Contact us for styling tips or hassle-free returns – your satisfaction drives our designs!",,,https://www.amazon.com/dp/B0DR7WSCFQ
51,B0DJ6QSC4R,COOFANDY Knit Polo Shirts for Men Short Sleeve Textured Polo Shirt Slim Fit Summer Collared T Shirt with Pocket,COOFANDY Store,No especificado,No especificado,Men,In Stock,19.9929,19.9929,27.99,4.4,99.0,4.605170185988092,0.0,0.0,False,59.0,True,"【KNIT FABRIC】: Coofandy mens short sleeve polo shirt is made from soft knitted fabrics which are comfortable, lightweight, skin-friendly,stretchy and breathable material.Slim fit polo shirts will give you comfort and flexibility. Suits for spring, summer or autumn.【Features】: This muscle polo shirts for men is designed with waffle textured pattern, short sleeve, lapel collar, ribbed hem and cuff, classic and awesome fit, 3 buttons placket fastening polo t shirt is stylish and simple, yet with a retro flavor.【Match】: Men's knit polo shirts are a versatile and easy-to-match staple in any wardrobe. For a retro look reminiscent of the 1950s and 1960s, pair this Italian-knit piece with mid-to-high waist trousers and loafers, vintage big and tall polo shirt can also match khaki pants or white shorts for classic or vacation outfits.【OCCASIONS】: Mens short sleeve golf polo is suitable for dating, party, office work, outdoor, golf, vacation, street and casual looking, classic and versatile, perfect gift for your husband, dad, grandpa and frends.【GARMENT CARE】: The business polo shirts machine washable and easy to maintain. Please check size chart before ordering these men's casual golf polo shirts to ensure accurate fitting.",,"Customers like the shirt's style, fit, comfort, and quality. They find it looks nice, fits well, and is stretchy. Many appreciate its flexibility and value for money.",https://www.amazon.com/dp/B0DJ6QSC4R
52,B07GP4Q8Z5,Nike Mens Dri-FIT Short Sleeve Polo Shirt,Brand: Nike,Nike,CI4470,Men,In Stock,42.951,42.951,47.82,4.6,284.0,5.652489180268651,100.0,4.61512051684126,True,12.0,True,"ATTENTION BUYER: Embroidered Swoosh design trademark at the ""RIGHT SIDE"" of the chestDouble knit flat back mesh body fabric with a self collarButton closureThree-button front placket",NEW NIKE 2018 DESIGN WITH SWOOSH DESIGN TRADEMARK ON THE RIGHT SIDE OF CHEST. CLASSIC SHORT SLEEVE POLO WITH RIGHT CHEST EMBROIDERED SWOOSH. FEATURING DRI- FIT TECHNOLOGY FOR BREATHABILITY AND COMFORT.,"Customers appreciate the fit, material quality, and color of the shirt. They find it durable, with a nice look and vibrant colors.",https://www.amazon.com/dp/B07GP4Q8Z5
53,B0BXSP3W6R,BALENNZ Golf Polos for Men Quick-Dry Athletic Mens Polo Shirts Short Sleeve Summer Casual Moisture Wicking Golf Shirt,BALENNZ Store,No especificado,BZ-GP-001,Men,In Stock,59.9922,59.9922,76.99,4.5,4560.0,8.4252971767117,50.0,3.9318256327243257,True,16.0,True,"The Ultimate Shirt: BALENNZ's moisture wicking polo shirts for men are a staple piece in your wardrobe. With a casual look and super comfortable fabric, these polo t-shirts for men are your go-to choice each morning.Premium Fabric: Our men's polo shirts short sleeve are made with a superior material blend of 90% polyester and 10% spandex. The shirts are lightweight, breathable, and very soft so you can wear them all day long.Moisture Wicking Polo: These polo shirts have a moisture wicking feature that keeps your skin dry. These short sleeve shirts for men are great for any casual outfit but they are also a good option for golf shirt.Great Fit: Our men's short sleeve shirts with classic solid color. The simple button collar is more comfortable, while the slim fit design looks great on virtually all men.Pick Your Style: These mens polo shirts short sleeve come in a wide range of colors suitable for your style. Additionally, they are available in several sizes and come in packs ranging from 1 to 4 shirts per set.",,"Customers find these shirts comfortable and suitable for golf and casual outings. They appreciate the good quality, durable construction, and solid stitching. The material feels soft and silky, making them easy to wear. Many customers find them a good value for the price, with nice looks that match dress codes. They also like the lightweight material, wrinkle resistance, and sexiness of the shirts.",https://www.amazon.com/dp/B0BXSP3W6R
54,B09TK9248H,ZITY 4 Pack Mens Polo Shirt Short Sleeve Sports Golf Tennis T-Shirt Athletic Collared Tactical Shirts,ZITY Store,No especificado,No especificado,Men,In Stock,53.9944,53.9944,95.99,4.4,586.0,6.375024819828097,100.0,4.61512051684126,True,72.0,True,"DESIGNS: Right sleeve with a pocket of the polo shirt for carrying your small accessories. A hook under the button, suitable for diagonally hanging sunglasses or pensMOISTURE WICKING: Wicks away moisture remarkably fast by incorporating soft and breathable fabrics with rapid cooling technology to keep you cool with all-day comfort even when the competition heats upALL DAY COMFORT: This men's golf polo shirt is a comfortable polo shirt.Lightweight, soft and breathable stretchy fabric to give you a cool feeling in the hot summerMULTI USE: Perfect for your any workout and sports, like tennis, golf, fitness, running, cycling, soccer, all purpose style of it is good for matching any kinds of pantsWASH TIP: Machine wash, anti-fading and anti-pilling, do not bleach",,"Customers appreciate the nice colors and comfortable shirts. They find the shirts look good with their classic polo collars and short sleeves. Many consider the shirts great value for money. The sturdiness, weight, and workability are also appreciated. However, some customers have mixed opinions on the fit and material quality.",https://www.amazon.com/dp/B09TK9248H
55,B0D9GXG945,Men's Casual Polo Shirts Classic Long Sleeve Basic Button T-Shirt Lightweight Cotton Golf Tops with Pocket,Qekoma Store,No especificado,No especificado,Men,In Stock,14.9946,14.9946,27.99,4.2,212.0,5.3612921657094255,100.0,4.61512051684126,True,42.0,True,"[Feature]:These mens polo shirts with collar can be paired with a casual and business style.Delicate front pocket button design make these Men's long sleeve polo shirts more classy,high stretch,no pilling and no wrinkling,convenient to wear,pair it jeans, casual pants for a stylish look.[Material]:The mens long sleeve tee shirts super soft and lightweight,moderate stretch and fitting cutcomfortable,keep you warm in cold days, making it more comfortable,is true classic tees men.[Design]:The mens shirts has a classic basic style,solid color,button closure and classic lapel collar design,casual fit.It features moisture wicking and air permeable,this soft and lightweight polo shirt comes in a variety of colors,classic cut long sleeve soft cotton fabric make this polo a go to for the office or the weekend.[Occasion]:Mens long sleeve shirt suitable for fall, winter and spring.Comfortable and slim fit casual wear,suit for any casual occasions,such as daily wear,business,office,work,date,golfing,outdoor,party,travel,camping,street etc.A perfect gift at Christmas, Halloween, birthday and Father's Day for husband, dad and boyfriend.[Note]:Qekoma polo shirts for men are machine washable, stardard US size.Please carefully refer to the tshirts size chart before ordering.Any problem about our product,please feel free to contact with us,we will respond and resolve your issues in a timely manner.Look forward to your choice.",,"Customers find the shirt fits true to size and has a comfortable feel. They appreciate the soft, relaxed fabric that feels like an old shirt. The style is described as good looking and casual. The color combination is nice, and after many washes the color holds nicely. Customers are also happy with wrinkle resistance. However, some customers are disappointed with the material quality and value for money.",https://www.amazon.com/dp/B0D9GXG945
56,B0C1SC8PR9,MoFiz Men's Camo Polo Golf Shirt Hiking Dry Fit Short Sleeve T-Shirts Pique Collared Polo Jersey,MoFiz Store,MoFiz Polo,No especificado,Men,In Stock,24.99,24.99,24.99,4.5,587.0,6.376726947898627,50.0,3.9318256327243257,True,171.0,True,"100% Polyester, Quick Dry & Lightweight,Camo printedMoFiz Men's High Performance Polo Shirt made of 100% polyester features breathable, quick dry and moisture-wicking, to help keep you cool and dry.Regular fit golf polo with 3-button placket and lapel design,the polo body the chest with pocket.No-roll collar, No fade and wrinkle resistance fabric, you can always be classy and gentlemanly & fashion even if you forgot to iron your clothes.Quick dry men's short sleeve polo shirts perfect for golf, tennis, hiking, fishing, cycling, workout,camping,outdoor sports,walking, climbing, traveling or casual daily wear.",,"Customers appreciate the comfortable fit, nice appearance, and good quality of the shirt. They mention it feels like wearing a second skin, the sleeves are just the right length, and the material is lightweight and stretchy. Many find it suitable for casual wear and work settings. However, some customers have issues with the length.",https://www.amazon.com/dp/B0C1SC8PR9
57,B010C7M9Z4,"Hanes Men's Cool Dri Polo Shirt, Quick-Drying Performance Polo For Men, 40+ Upf Protection",Hanes Store,No especificado,No especificado,Men,In Stock,16.4625,16.4625,22.0,4.4,17628.0,9.777300552285743,100.0,4.61512051684126,True,7.0,True,"QUALITY FABRIC - Hanes Sport jersey knit fabric works overtime to keep you cool and dry. (100% Polyester)MOISTURE-WICKING - Cool Comfort moisture-wicking fabric works to wick away wetness, keeping you cool and dry.QUICK DRY - Hanes Sport men's polo shirt features innovative Cool DRI technology, allowing the fabric to dry faster.BUTTON PLACKET - This men's polo shirt is accented with a three-button placket featuring pearlized buttons.SHOULDER SEAMS - Hanes Sport polo shirt is detailed with rolled shoulder seams for a better fit. The classic design also features a ribbed knit collar for added style.COLD WATER WASH - Hanes recommends machine washing this men's shirt in cold water to help reduce energy consumption.","An update to a classic style, this Hanes Sport™ performance polo shirt features innovative Cool DRI® technology. The cutting-edge design dries fabric faster for maximum comfort. Designed to keep you cool, dry and comfortable all day long.","Customers appreciate the shirt's appearance, quality, and comfort. They find it looks nice, is durable, and keeps its finish, color, and shape after washing. Many find it soft, breathable, and good value for money. However, opinions vary on how well it fits.",https://www.amazon.com/dp/B010C7M9Z4
58,B0DPWXCXBX,OYGSieg 5 Pack Mens Polo Shirts Quick Dry Performance Tactical Short Sleeve Golf Polo Shirts Casual Stylish Collared T-Shirts,OYGSieg Store,No especificado,No especificado,Men,In Stock,45.998,45.998,49.99,4.5,13.0,2.6390573296152584,0.0,0.0,False,221.0,True,"Premium Fabric: Made of high-quality polyester, our tactical polo shirt has soft, breathable pique jersey fabric for ultimate comfort in any setting.Functional Design: It features a 3-button placket, spread collar, a button loop for sunglasses or mic, and Sleeve pocket design makes it easy to carry small items such as keys/headphones.Quick-Drying: Advanced sweat-wicking material rapidly draws moisture away, keeping you cool and dry during intense activities like hiking or training.Comfortable: The smooth side seams minimize chafing, and the slit hem with short sleeves allows for unrestricted movement, ensuring you can move freely in any situation.Versatile: Perfect for daily wear, work, outdoor adventures like camping and fishing, as well as tactical operations and training.",,,https://www.amazon.com/dp/B0DPWXCXBX
59,B0CQY7PMMK,TACVASEN Mens Polo Golf Shirts with Pocket Pique Cooling Performance Moisture Wicking Polo Shirts,TACVASEN Store,No especificado,No especificado,Men,In Stock,19.982,19.982,24.98,4.4,95.0,4.564348191467836,0.0,0.0,False,134.0,True,"[FABRIC]Our premium blend fabric polo features a raw yarn texture that provides ultimate comfort every time you wear it.[COOL FEELING]For all-day comfort, we've incorporated cooling technology into the fabric, which keeps you cool and dry.[MOISTURE WICKING]The polo's excellent moisture wicking properties keep you dry and comfortable, making you feel healthier while wearing it.[CLASSIC STYLE]Designed with a classic style featuring a three-button placket, split neckline, side slits, and a convenient left chest pocket, this polo combines style and practical, making it the perfect addition to your wardrobe.[OCCASION]Whether you're on the golf course, hiking trails, or embarking on an adventure, our polo is the perfect companion for your active lifestyle.",,"Customers find the shirt has a nice fit, good material thickness, and a reasonable collar. They like the pocket size and color. The shirt holds its shape well and looks great right out of the dryer. Customers consider it a good value for money.",https://www.amazon.com/dp/B0CQY7PMMK
60,B077ZJXCTS,"Gildan Men's Crew T-Shirts, Multipack, Style G1100",Gildan Store,Gildan,G1100,Men,In Stock,19.97,19.97,19.97,4.6,305325.0,12.629135337232485,5000.0,8.517393171418904,True,6.0,True,"Soft, breathable cottonMoisture wicking technology keeps you cool and dryTag-free to prevent irritationClassic length for easy tuckingDurable stitchingLay-flat collar","Gildan Cotton Crew Neck T-Shirts are anything but basic. Crafted with soft, breathable cotton and moisture wicking technology to keep you cool and comfortable no matter what's on the agenda. Perfect for layering or lounging - you can thank us later.","Customers find the shirts comfortable and well-fitting. They appreciate the soft, durable material that holds up well after washing. Many find them a good value for the price and like the simple design. However, opinions differ on shrinkage and material thickness.",https://www.amazon.com/dp/B077ZJXCTS
61,B08F2P8CS9,"Fruit of the Loom Men's Undershirts, Moisture Wicking & Tag Free, Short Sleeve Crew T-Shirts",Fruit of the Loom Store,No especificado,No especificado,Men,In Stock,21.48,21.48,21.48,4.6,206840.0,12.239705661153277,4000.0,8.294299608857235,True,10.0,True,"6 pack Assorted Crew T-ShirtsSoft, Double stitched lay flat collar won't rub or irritateTag-free for all-day comfortSoft covered seams on neck and shouldersThis is an assorted color pack. This pack may contain all solids, all prints or a combination.",Fruit of the Loom Men's Eversoft Cotton Stay Tucked Crew T-shirt,"Customers appreciate the shirt's fit, quality, and softness. They find it true to size, providing ample coverage and extending comfortably down the backside. Many of them find it a good value for the price. The lay flat collar remains neat and crisp, enhancing the overall look. However, some customers have issues with shrinkage. There are mixed opinions on the material thickness and color variety.",https://www.amazon.com/dp/B08F2P8CS9
63,B077ZJC1N9,"Gildan Men's V-Neck T-Shirts, Multipack, Style G1103",Gildan Store,Gildan,GIL1103,Men,In Stock,15.1224,15.1224,19.99,4.5,138733.0,11.840313709644043,1000.0,6.90875477931522,True,186.0,True,"Soft, breathable cottonMoisture wicking technology keeps you cool and dryTag-free to prevent irritationClassic length for easy tuckingDurable stitchingLay-flat hidden collar",Gildan v-neck t-shirts are the ultimate in comfort. Cool Spire moisture wicking keep you cool and dry while the soft touch yarn and tag-free neck feels great all day long. These tees are built to last with durable tubular collar design and covered shoulder seams. The Gildan t-shirt will soon be your favorite...if it isn't already.,"Customers appreciate the shirt's fit, quality, comfort, and value. They find the sizing true to size, with a good cut and proportion. The cotton fabric is soft yet durable, holding up well after multiple washes. Many customers consider it one of their best brands of undergarments. While most are satisfied with the look and sizing, some have different opinions on shrinkage.",https://www.amazon.com/dp/B077ZJC1N9
64,B086L57B7J,"Hanes Men's Cotton, Moisture-Wicking Crew Tee Undershirts, Multi-Packs Available",Hanes Store,Hanes,2135P6,Men,In Stock,21.34,21.34,21.34,4.5,74633.0,11.22035144643802,3000.0,8.006700845440367,True,21.0,True,"America's #1 Men's Underwear Brand - Source: Circana/Consumer Tracking Service, U.S. Sales, Underwear Bottoms and Undershirts, 12 months ending November 2023.CLASSIC FIT - Just-right standard fit, not too tight and not too loose.QUALITY FABRIC – These men's t-shirts are crafted from soft, breathable cotton. Heathered styles are 75% cotton/25% polyester.KEEP COOL & FEEL FRESH - Cool Comfort moisture-wicking technology wicks away moisture to keep you cool and comfortable. Advanced odor protection technology attacks odor-causing bacteria to keep you feeling fresh.STAYS TUCKED - A longer hem length is designed to stay tucked in.DESIGN DETAILS - A crewneck collar is designed to lay flat, while a tag-free interior eliminates the itch caused by scratchy tags.",These Hanes Dyed Crewneck T-Shirts feature ComfortSoft Cotton that feels great against your skin all day long. The layflat collar will never lose its shape. Available in a convenient 6 Pack.,"Customers find the shirt soft and comfortable. They find it a good value for the money and consider it a great exercise shirt. However, some dislike the material thickness and have different opinions on fit and quality.",https://www.amazon.com/dp/B086L57B7J
65,B0BV257YG8,COOFANDY Men's Linen Shirts Short Sleeve Casual Shirts Button Down Shirt for Men Beach Summer Wedding Shirt,COOFANDY Store,COOFANDY,No especificado,Men,In Stock,29.9914,29.9914,34.99,4.2,6008.0,8.701013624333928,2000.0,7.601402334583733,True,116.0,True,"COOFANDY LINEN SHIRT --- Mens Casual Button Down shirt is made of high quality cotton linen fabric. Feature with Breathable, Lightweight, Skin-friendly, which can resistant shrink, provide you feeling cool and comfotable all dayCASUAL & FASHION --- Mens Casual Linen Shirts comes with button-down closure, short sleeve, adjustable cuff, silm fit, solid color. Casual Beach Style Design to make you feel better about this summerMENS SUMMER OUTFIT --- Mens Summer Shirts Short Sleeve is great to match with beach shorts, solid t-shirts, casual pants, casual shorts. Pair with shorts, sunglasses,a hat, and canvas shoes for your perfect vacation style on the beachOCCASION --- Mens Cotton Linen Shirts For Beach suitable for beach, yoga, vacation, informal business, party, holiday, dating, wedding, travel, streetwear or any casual daily wear. Great for Summer, Spring, bring this Linen Button Down Shirts to Enjoy your Leisure TimeWARM TIPS --- Low temperature hand wash or machine wash, hang to dry. Regular fit. The Size is US Size. Please refer to our SIZE CHART for selection",,"Customers find the shirt has a nice look, good material quality, and comfortable fit. They mention it's trendy, feels nice, and keeps them cool in warm weather. Many consider it a good value for the price, with a lightweight fabric and nice color options. However, some customers have mixed opinions on the fit and buttons.",https://www.amazon.com/dp/B0BV257YG8
66,B07VTSD48H,5 Pack Men's Active Quick Dry Crew Neck T Shirts | Athletic Running Gym Workout Short Sleeve Tee Tops Bulk,Liberty Imports Store,Liberty Imports,No especificado,Men,In Stock,39.9533,39.9533,59.95,4.6,46920.0,10.756220615413271,800.0,6.68586094706836,True,333.0,True,"ATHLETIC CREWNECK SHIRTS: Elevate your workout gear with our pack of 5 premium men's athletic crewneck shirts. These shirts provide the perfect blend of comfort and performance, whether you're pumping iron, hitting the track, or just running errands.ACTIVE STYLE: Look and feel great in the gym with our set of 5 premium athletic crewneck t-shirts in solid colors. Perfect for layering or wearing solo, these shirts will give you the confidence you need to crush your workouts and stand out in the gym.GAME CHANGER: Say goodbye to sweaty, uncomfortable shirts with our quick-drying fabric that wicks away moisture and keeps you cool and dry. The breathable material easily dissipates heat and feels ultra-soft on the skin.MOVE WITH EASE: Enjoy a non-restrictive cut and 4-way stretch construction that allows for optimal range of motion, so you can tackle any activity with ease. Our shirts also feature a tag-free neckline for distraction-free training.MEN'S GYM STAPLES: Add some flair to your gym wardrobe with our stylish and vibrant athletic crewneck shirts. Designed with your comfort and performance in mind, these shirts are a true classic that will never go out of style.",,"Customers find the shirts have a good fit, good quality, and comfortable material. They are true to size, suitable for all body types, and hold up well through use and washing. The breathable fabric feels soft and smooth against the skin. Customers appreciate the gorgeous designs and colors. The shirts offer great value for the price, with a lightweight design that's suitable for workouts and wicking ability.",https://www.amazon.com/dp/B07VTSD48H
68,B07DRMT92L,Real Essentials 5 Pack: Men's Short Sleeve Dry Fit Active Crew Neck T Shirt - Athletic Running Gym Workout Tee Tops,Real Essentials Store,Real Essentials,No especificado,Men,In Stock,34.99,34.99,34.99,4.3,91800.0,11.427378469795439,700.0,6.55250788703459,True,376.0,True,"ACTIVE CREW T-SHIRTS: Elevate your workout gear with our pack of 5 men's athletic workout shirts. These camisas Para hombres provide the perfect blend of comfort and performance, whether you're in the gym, running on the track, or just doing errands.ATHLETIC STYLE: Look and feel great in the gym with our pack of 5 active workout t-shirts in solid colors. Perfect for layering or wearing alone, these shirts will give you the confidence you need to excel your workouts and lead in the gym.WORKOUT TRANSFORMER: Say goodbye to sweaty T-shirts with our quick-drying dry-fit fabric that wicks away moisture and keeps you cool and dry. The breathable dry fit material easily cools heat and feels super-soft on your skinWORKOUT WITH FREE MOTION: Enjoy a non-restrictive cut and 4 way stretch construction that allows for optimal range of motion, so you can tackle any activity with ease. Our shirts also feature a tag-free neckline for pure comfort trainingGYM STAPLES FOR MEN : Add some style to your gym wardrobe with our stylish and vibrant men's athletic crewneck shirts. Designed with your comfort and performance in mind, these shirts are a true classic that will never go out of style.","Introducing the Real Essentials Men's 5-Pack Dry Fit Shirts, the perfect addition to your active wardrobe. These versatile camisas Para hombres Triblend combine style, comfort, and performance to meet all your needs. Crafted with high-quality materials, these shirts offer exceptional durability and a comfortable fit. Whether you're hitting the gym or running errands, these shirts keep you looking stylish and feeling great. Designed with a classic crew neck, these shirts are perfect for any occasion. Wear them as standalone shirts or as a base layer for layering. The lightweight and breathable fabric ensures you stay cool and dry, even during intense workouts or hot summer days. Real Essentials understands the importance of functionality, which is why these shirts feature advanced dri-fit technology. The moisture-wicking fabric pulls sweat away from your skin, keeping you dry and comfortable throughout your activities. With their short sleeves and athletic fit, these shirts are ideal for workouts and sports. Whether you're running, playing tennis, or hitting the gym, these shirts provide the flexibility and freedom of movement you need. In addition to their performance features, these shirts come in a pack of five, offering great value for your money. Choose from a variety of colors, including white, black, red, and grey, to suit your style. Upgrade your activewear with Real Essentials Men's 5-Pack Dry Fit Shirts. Experience the perfect blend of style, comfort, and performance. Don't let sweat or discomfort hold you back. Choose Real Essentials and take your workouts to the next level.","Customers find the shirts comfortable and soft, with a smooth feel. They appreciate the value for money, considering them a great purchase. The shirts have a decent look with attention to detail in the design. Many like the workout shirts, color, and lightweight fabric. However, some customers have mixed opinions on the fit and material quality.",https://www.amazon.com/dp/B07DRMT92L
69,B0CCT3WHSS,True Classic Mens T-Shirts - Short Sleeve Crew Neck Plain Novelty T Shirt for Men,True Classic Store,No especificado,No especificado,Novelty & More,In Stock,49.9944,49.9944,89.97,4.1,14864.0,9.606764735432199,2000.0,7.601402334583733,True,115.0,True,"PERFECT FIT WITH A CONTEMPORARY EDGE: Designed for a modern, athletic fit, these men's t-shirts hug you in all the right places without being too tight. Thanks to the classic side seam, you'll always look sharp.PREMIUM FABRIC BLEND THAT DELIVERS: Made with 60% combed ringspun cotton and 40% polyester, our mens tshirt offers unbeatable softness and durability. Plus, it barely shrinks—because laundry happens.TAG-FREE T-SHIRTS FOR COMFORT ALL DAY LONG: Forget itchy tags! These mens t shirts feature a screen-printed soft tag for maximum comfort. Wear it once, and you'll never go back to those scratchy old mens tee shirts.KEEPS SHAPE & COLOR: All the durability with minimal shrinkage, no-stretch tshirts for men that hold up wash after wash. If you prefer a mens white tee shirt, or the timeless black t shirt, we've got you covered.PERFECT FOR EVERY OCCASION: Get a mens t-shirts multipack or single unit. With black tee shirts or white tee shirt for men we offer versatile style for dressing up, dressing down, or wearing on repeat—your ultimate wardrobe MVP.",,"Customers appreciate the soft material and flattering fit of the shirt. They find it comfortable and cool. Many also like the look and quality of the t-shirt. However, some feel it's slightly expensive and not worth the money. There are mixed opinions on the fit, material quality, and shrinkage.",https://www.amazon.com/dp/B0CCT3WHSS
70,B0BPF1R8KC,"Champion Men's Classic Everyday Soft, Comfortable T-Shirt (Regular or Big & Tall)",Champion Store,No especificado,No especificado,Men,In Stock,5.4573,5.4573,20.0,4.5,35892.0,10.48829756939169,400.0,5.993961427306569,True,114.0,True,"THE FIT - Standard-fit men's Big & Tall T-shirt for easy, all-day comfort.THE FEEL - Crafted with a soft, 5.5 oz. cotton or cotton blend, this men's tee feels great on.THE LOOK - Classic short-sleeve style with ribbed crew neckline and soft back neck tape.YOU'VE GOT OPTIONS - Find this bestselling men's tee in staple to statement colors.SPOT THE C - Iconic C logo at the chest and left sleeve is recognizable on and off the field.Note: C logo patch color may vary from image.","Champion Men'S Classic T-Shirt, Everyday Tee For Men, Comfortable Soft Men'S T-Shirt (Reg. Or Big & Tall)","Customers find the shirt comfortable and accurate in sizing. They appreciate its good quality, durable construction, vibrant colors, and reasonable price. Many consider it a great basic t-shirt. However, some customers have differing views on shrinkage, washability, and cotton material.",https://www.amazon.com/dp/B0BPF1R8KC
71,B00NOY3JKW,"Hanes Men's Beefy-T T-Shirt, Heavyweight Cotton Tee, 1 Or 2 Pack, Big & Tall",Hanes Store,No especificado,#AMZ2,Men,In Stock,8.1932,8.1932,12.0,4.5,59919.0,11.000765618191101,2000.0,7.601402334583733,True,3.0,True,"HANES QUALITY - Men's tees are made with a high-density stitch count, double-needle stitching, and shoulder-to-shoulder taping.HOLDS ITS SHAPE - The ribbed crewneck lays flat and holds its shape for a tee that's made to last.ROOM TO MOVE - A full cut in these men's undershirts gives you extra room to move.COTTON GOODNESS - Soft and strong 6-oz. ringspun cotton feels great for comfort that lasts. (Heathered colors are a cotton blend.)BIG & TALL SIZES - Need more room? These classic men's short-sleeve tees are available in Big Men's sizes up to 6XL.COLD WATER WASH - Hanes recommends washing this men's t-shirt in cold water to reduce energy usage.","For over 45 years, Hanes®' Beefy-T® classic cotton tee has set the standard for T-shirt comfort and quality. Today this unisex tee is better than ever, offering even greater durability and fit. The ultra-soft, 100% cotton T-shirt in 6.1.oz. jersey is a great weight that's beefy indeed. It feels soft against your skin and will continue to feel that way for a long time, getting softer with every washing. With a full-cut for a roomier fit that lets you move with ease, this short-sleeve crewneck tee is made to last, with durable double stitching at the sleeves and hem. Available in 30 colors, this is a better-than-basic cotton tee to stock up on and wear everywhere.","Customers find the shirts have good quality, thick cotton fabric, and comfortable material. They appreciate the value for money and color options. However, opinions differ on the fit and shrinkage.",https://www.amazon.com/dp/B00NOY3JKW
72,B08BC4HDS2,Workout Shirts for Men Short Sleeve Quick Dry Athletic Gym Active T Shirt Moisture Wicking,Brand: MCPORO,No especificado,No especificado,Men,In Stock,29.9732,29.9732,43.99,4.4,10820.0,9.289243969571649,1000.0,6.90875477931522,True,10.0,True,"HIGH-PERFORMANCE ACTIVEWEAR: We combine soft, breathable and stretchy fabric with a functional and modern design to bring you men's athletic wear t-shirts that will give you the extra support you need to push your limits while playing or working outSOFT & COMFORTABLE: Our moisture-wicking t-shirts are made with comfort and functionality in mind. This is why each shirt is made using 4-way stretch fabric that's gentle on the skin and flexes with your body to bring you mens athletic shirts you can comfortably wear all dayBETTER WAY TO WORKOUT: The moisture-wicking short sleeve shirts provide you with the upper body support you need to push your limits while staying dry and cool. Great for most outdoor activities including sports, hiking, climbing, biking, cycling, weight lifting and just for daily useQUICK DRYING & MOISTURE WICKING: Thanks to the breathability of the fabric, our men's workout shirts wick away moisture from the skin and dry quickly so you can stay dry around the clock making them the great choice for any men that want to enjoy comfortable workout sessionsSTAY READY ALL YEAR: We designed our workout shirts for men to offer protection against the sun, enhanced breathability and just the right fit making them the great choice for use around the year in every season. They can also be layered with other clothes to create eye-catching combinations",,"Customers appreciate the quality, comfort, and value of these shirts. They mention the nice material, seams, and that they have held up well over time. Many like the softness and rich colors. Some are satisfied with the workout shirts, weight, and moisture wicking. However, there are mixed opinions on the fit.",https://www.amazon.com/dp/B08BC4HDS2
73,B078LC7GCX,"Champion Men's T-Shirt, Classic Graphic T-Shirt, Soft and Comfortable T-Shirts for Men, Script Logo (Reg. or Big & Tall)",Champion Store,No especificado,No especificado,Men,In Stock,9.0064,9.0064,25.0,4.6,68189.0,11.130053205514699,700.0,6.55250788703459,True,395.0,True,"THE FIT - Standard-fit men's t-shirt.THE FEEL - Comfortable, 5.5 oz cotton or cotton blend that's extra soft.THE GRAPHIC - Classic script sits on the chest of this men's tee.SPOT THE C - Iconic C logo patch hits at the sleeve.EASY CARE - Machine wash this men's t-shirt on cold with like colors for easy care that reduces energy use.Note: C logo patch color may vary from image.","Champion Men'S Tshirt, Classic Graphic Tshirt Soft And Comfortable T-Shirts For Men, Script Logo Reg. Or Big & Tall","Customers find that the shirt fits true to size and has a good length. They appreciate the quality material, saying it looks nice and feels comfortable. Many customers consider it a good value for the money. The color is also appreciated. However, some customers have differing opinions on shrinkage and material thickness.",https://www.amazon.com/dp/B078LC7GCX
74,B0D266SMGD,1/5 Pack Workout Shirts for Men Athletic Running Gym Quick Dry Short Sleeve Performance Moisture Wicking T Shirt,HovSiyla Store,No especificado,No especificado,Men,In Stock,19.9913,19.9913,22.99,4.6,697.0,6.548219102762372,700.0,6.55250788703459,True,24.0,True,"【LOOSE FIT】: The loose fit of our short sleeve shirt provides maximum comfort and style. It's perfect for those who prefer a relaxed, casual look.【RAPID DRYING】: Stay dry and comfortable with fast-drying technology. Moisture-wicking fabric ensures rapid evaporation, ideal for intense workouts or outdoor activities.【VERSATILE STYLE】: This athletic casual shirt is incredibly versatile. Its classic style and neutral colors make it easy to pair with any bottom, suitable for various occasions and styles.【LIGHTWEIGHT & SOFT】: Made of experience ultimate comfort with a lightweight material, this exercise tops is perfect for all-day wear. It won't weigh you down, no matter how long you wear it.【MULTI SENCE】: Whether you're hitting the gym, going for a run, or running errands, this quick dry workout t-shirt is perfect for multiple scenes. Stay stylish and comfortable throughout the day with its functional design.",,"Customers appreciate the fit, quality, comfort, and sexiness of the shirt. They find the sizes accurate, the material soft against the skin, and that it holds up well over time. Many customers like the color options, breathability, and functionality of the product.",https://www.amazon.com/dp/B0D266SMGD
75,B002GHC19I,Carhartt Men's Loose Fit Heavyweight Short-Sleeve Pocket T-Shirt,Carhartt Store,No especificado,No especificado,Men,In Stock,19.99,19.99,19.99,4.6,114611.0,11.649307789822737,2000.0,7.601402334583733,True,18.0,True,Rib-knit crew neckSide-seam construction minimizes twistingLeft-chest pocket with sewn-on Carhartt labelTagless neck labelPrev. Name: Workwear Pocket Short-Sleeve T-Shirt,Carhartt Men's Loose Fit Heavyweight Short-Sleeve Pocket T-Shirt,,https://www.amazon.com/dp/B002GHC19I
76,B086L1PM8V,"Hanes Men's Pocket Undershirt Pack, Cotton Crew Neck T-Shirt, Moisture Wicking Tee, Assorted 6-Pack",Hanes Store,Hanes,2135,Men,In Stock,21.98,21.98,21.98,4.4,29643.0,10.29701502307125,1000.0,6.90875477931522,True,580.0,True,"America's #1 Men's Underwear Brand - Source: Circana/Consumer Tracking Service, U.S. Sales, Underwear Bottoms and Undershirts, 12 months ending November 2023.CLASSIC FIT - Just-right standard fit, not too tight and not too loose.QUALITY FABRIC – These men's pocket tees are crafted from soft, breathable cotton. Heathered styles are 75% cotton/25% polyester.KEEP COOL & FEEL FRESH - Cool Comfort moisture-wicking technology wicks away moisture to keep you cool and comfortable. Advanced odor protection technology attacks odor-causing bacteria to keep you feeling fresh.STAYS TUCKED - A longer hem length is designed to stay tucked in.DESIGN DETAILS - A left chest pocket provides extra function and style while the crewneck collar is designed to lay flat. Tag-free interior eliminates the itch caused by scratchy tags.",,"Customers appreciate the shirts for their softness, comfort, and good value. They find them comfortable, breathable, and worth buying. Customers also like the look and color selection. However, some customers report shrinkage after washing. There are mixed opinions on the fit and quality.",https://www.amazon.com/dp/B086L1PM8V
77,B09JFZTWVJ,J.VER Men's Dress Shirts Solid Long Sleeve Stretch Wrinkle-Free Formal Shirt Business Casual Button Down Shirts,J.VER Store,No especificado,No especificado,Men,In Stock,19.99,19.99,19.99,4.4,25375.0,10.141559124434574,3000.0,8.006700845440367,True,29.0,True,"Flex Fabric: The long sleeve dress shirt is made of stretch fabric,makes you move body easier;soft and comfortable with good breathabilityWrinkle Free: The combination of high-quality fabrics and special technology makes the solid dress shirt not easy to wrinkle, easy to care.The classic spread collar easily matches with a tie or bow tieOccasion: Business/ Wedding/ Party/ Dating/ Office/ Nightclub, whether for formal occasions or daily casual, this mens dress shirt is a perfect choice. The classic design ensures it's a staple in any wardrobeSize: Our button down shirts are US regular fit tailoring style,a variety of sizes and colors for you to choose,please refer to the size chart to choose the size that suits youWashing Method: It is recommended to hand wash or machine wash in cold water to protect the fabric's texture and color. This shirt can be ironed at low temperatures",,"Customers appreciate the shirt's fit, appearance, and quality. They find the sizing accurate, with long sleeves and plenty of room without feeling baggy. Many praise the soft, silky material that feels comfortable and durable after multiple uses. The color is also appreciated, though some have mixed opinions on wrinkle resistance. Overall, customers are satisfied with the shirt's quality and value for money.",https://www.amazon.com/dp/B09JFZTWVJ
78,B01GH5KOZ2,Under Armour Men's Tech Golf Polo,Under Armour Store,Under Armour,1290140,Men,In Stock,19.5551,19.5551,39.99,4.7,61179.0,11.021575617704894,2000.0,7.601402334583733,True,67.0,True,"Textured fabric that's soft, light & breathable|Material wicks sweat & dries really fast|Anti-odor technology prevents the growth of odor-causing microbes","UA Tech™ is our original go-to training gear: Under Armour men's Tech polos are loose, light, and keep you cool. Basically, they're built to be everything you need. Textured fabric that's soft, light & breathable. Material wicks sweat & dries really fast. 3-button placket. Self-fabric collar. Loose: Fuller cut for complete comfort. 100% Polyester.","Customers find the shirt has a good fit and style. They appreciate the flattering shoulders, collar, and extra length for tucking in. The colors are nice and bold, making it a perfect golf shirt. Customers describe the shirt as sturdy and substantial, with a soft, lined texture. They also like the comfort, saying the material is soft against the skin and has a slight stretch. Overall, customers find the shirt comfortable and great quality for the price.",https://www.amazon.com/dp/B01GH5KOZ2
79,B0CNXK4KRH,VATPAVE Mens Summer Striped Shirts Button Down Short Sleeve Vintage Beach Hawaiian Shirts with Pocket,VATPAVE Store,VATPAVE,No especificado,Men,In Stock,19.99,19.99,19.99,4.5,699.0,6.551080335043404,400.0,5.993961427306569,True,49.0,True,"Material: Mens button down short sleeve shirt is made of of 95% polyester and 5% spandex, with its breathable and lightweight fabric, ensuring soft and comfortable feel against the skin.Classic Design: The ribbed textured shirt features striped design and curved hemline that adds a touch of fashion sense, and has one chest pocket that is covenient to hold small items, regular fit shirts are suitable for most people, simple but classic, it never goes out of style.Versatile: Mens hawaiian shirts short sleeve could be easy to match with jeans, casual pants or shorts to create a simple but fashionable style.Occasion: Suitable for all occasions and seasons like holiday, birthday, beach, cruise, informal business, vacation, date, wedding, daily casual, office, school, camping, party and travel.It's a great present for yourself, your friends and your husband.Garment Care: Machine Washable,Do Not Bleach,Tumble Dry Low.Machine wash with cold water setting keeps colors vibrant and ensures long-lasting durability.",,"Customers find the shirt has a nice look and fits well. They appreciate the soft, stretchy material that feels comfortable. The material is durable, doesn't shrink, and hangs nicely. Customers are also satisfied with the breathable fabric, value for money, and wrinkle resistance.",https://www.amazon.com/dp/B0CNXK4KRH
80,B0BB2JC2QX,ZITY Men's Flannel Hoodie Shirts Casual Button Down Plaid Shirt Jackets for Men Long Sleeve Stylish Hooded with Pocket,ZITY Store,No especificado,No especificado,Men,In Stock,19.9951,19.9951,40.99,4.4,1376.0,7.227662498728654,500.0,6.2166061010848646,True,59.0,True,"PREMIUM FABRIC: This men's plaid shirt is made of high quality flannel fabric, soft, skin-friendly, comfortable and breathable. Mens flannel Shirt will give you a more comfortable wearing experienceSTYLISH DESIGN: Men's button down shirt designed with a modern style, drawstring hood and button-down closure, plaid pattern, an utility chest pocket, wearcomfort and fashion senseEASY TO MATCH: The men's flannel hoodie can be paired with jeans, trousers, t-shirt, sweater, boot, leather shoes, etc. Available in a variety of colors and sizes, it's easy to find the perfect fit for youOCCASIONS: Men plaid hooded jacket shirt is often thought upon as the most versatile item a man can own. Men's long sleeve casual shirt is great for daily wear and various casual activities, such as lounging, street wear, shopping, casual daily life, traveling, working, office, and school, or as practical workwear, etc. Suitable for autumn, winter and spring. If there is ever a situation which brings with uncertainty regarding the dress code, the Flannel shirt is fail-proofNOTES: Men's plaid hoodie shirt is suitable for machine or hand washing and are not prone to pilling or fading. US size. Please choose the size refer to our SIZE CHART",,"Customers find the shirt has a nice color and looks good on them. They appreciate the quality material, comfort, and functionality. However, some find the material too thin or cheap-looking. There are mixed opinions on the fit, warmth, and weight.",https://www.amazon.com/dp/B0BB2JC2QX
81,B071WY2Q29,"Amazon Essentials Men's Crew Neck T-Shirts, Pack of 6, Versatile Basics,",Amazon Essentials Store,Amazon Essentials,S17AE80000,Men,In Stock,24.4,24.4,24.4,4.4,42574.0,10.659022505530888,1000.0,6.90875477931522,True,201.0,True,"SLIM FIT DESIGN: These men's crew neck t-shirts contour through the shoulders, sleeves, chest, and waistCOMFORTABLE COTTON JERSEY: Experience the softness of 100% cotton t-shirts with a ribbed knit and added stretchVERSATILE CREWNECK STYLE: The t-shirt's crewneck design is great for layering or wearing it on its ownDURABLE CONSTRUCTION: These t-shirts feature short sleeves, a straight hem, and super soft flexible stitchingHIGH-QUALITY AFFORDABILITY: Quality men's t-shirts at an affordable price","These men's crewneck undershirts feature a comfortable slim fit through the shoulders, sleeves, chest, and waist, and are crafted from a soft cotton jersey t-shirt fabric. With a casual design, these crew neck t-shirts include short sleeves and a straight hem, finished with super soft flexible stitching for durability. These shirts also have a banded crewneck, providing extra resilience and a comfortable feel against the skin.","Customers find the shirts comfortable and soft to wear underneath their main shirts. They appreciate the good quality, value for money, and how well the shirts wash. However, some customers have experienced shrinkage after washing. There are mixed opinions on the fit and thickness of the material.",https://www.amazon.com/dp/B071WY2Q29
82,B09MHS6C6Z,ZITY 5 Pack Mens Polo Shirt Short Sleeve Sports Golf Tennis T-Shirt Moisture-Wicking Summer Shirts,ZITY Store,No especificado,ZT-JYpolo12-5ALL-M,Men,In Stock,68.3935,68.3935,105.99,4.4,1278.0,7.153833801578843,700.0,6.55250788703459,True,16.0,True,"QUALITY MATERIAL: This men's polo shirts short sleeve made from Polyester Spandex, offering lightweight, moisture wicking, soft hand-feel, four way stretch, keep you cool and breathableCOLOR AND SIZE: Our mens golf polo short sleeve based on US regular fit: M, L, XL, XXL, 3XL and multiple colors for choice, allowing for great mobility in any directions and making you have different look everydaySTYLISH FEATURE: Our mens casual shirts, button placket and simple look that make this golf polo shirt a go-to for the office or the vacationOCCASION: This mens shirts casual is easy to match for a daily look, can be a business casual shirt,also perfect for sport, golf, tennis and other outdoor activities. Great gift for husband, friends or boyfriendsWASH TIP: Machine wash, anti-fading and anti-pilling, do not bleach",,"Customers appreciate the comfortable fit, quality, and value of these shirts. They find the length perfect and the colors nice. Many consider the shirts decent for the price and worth it. The breathable material is also appreciated for its comfort in hot weather. While most customers are satisfied with the color variety, some have issues with the material thickness. There are mixed opinions on the material quality and wrinkle resistance.",https://www.amazon.com/dp/B09MHS6C6Z
83,B09S6VVX5B,"Gildan Unisex Adult Heavy Cotton T-Shirt, Style G5000, Multipack",Gildan Store,No especificado,G5000,Men,In Stock,9.9448,9.9448,18.99,4.5,90751.0,11.415885790451744,1000.0,6.90875477931522,True,108.0,True,"Classic fit for loose comfortVersatile mid-weight fabric for year-round wearOur most popular t-shirtNon-topstitched, classic width, rib collarTear away label for customizable comfortScreen printing, embroidery, iron-on transfers, bleaching and tie dyE","Gildan Unisex-Adult Heavy Cotton T-Shirt, Style G5000, Multipack","Customers find that the shirt fits well and is durable. They appreciate its softness and value for money. Many find it a comfortable, no-frills shirt that allows for easy movement. The color is also appreciated. However, some customers have differing opinions on the thickness and shrinkage.",https://www.amazon.com/dp/B09S6VVX5B
84,B0CJTZLCQ2,COOFANDY Men's Cuban Guayabera Shirt Short Sleeve Button Down Shirts Casual Summer Beach Linen Shirts,COOFANDY Store,No especificado,No especificado,Men,In Stock,29.99,29.99,29.99,4.4,1989.0,7.595889917718538,600.0,6.398594934535208,True,24.0,True,"Premium Fabric --- Men's short sleeve cuban shirt is made of premium fabric, which is breathable, soft and skin-friendly, keeping you cool and comfortable in the summerCuban Guayabera Design --- Mens guayabera shirts features short sleeve, spread collar, button closure, cutout embroidery, relaxed fit. Distinct cuban design makes this shirt more fashionable and classicCollocation --- Men's button down short sleeve shirt makes a perfect versatile item that can be easily worn with shorts, jeans, trousers, jackets or suits. Add this summer shirt to your current collection for a sophisticated lookOccasions --- Casual summer shirts are suitable for beach,party,wedding,yoga,work,vacation,cruise,home or other casual daily wear. Perfect gift for husband, son, father, friendGarment Care --- Machine wash mens cuban button down shirt.Please read our size chart before ordering",,"Customers find the shirt has a regular cut with mid-length sleeves. They like the blend of casual and dressy style. The material is comfortable and soft, with good quality stitching and fabric. Many customers appreciate the value for money and lightweight material. However, some have differing opinions on the color and fabric quality.",https://www.amazon.com/dp/B0CJTZLCQ2
85,B07NHW8Z3N,Kingsted T-Shirts for Men Pack - Royally Comfortable - Super Soft Premium Fabric - Well-Crafted Classic Tee,Kingsted Store,Kingsted,Classic Comfort Fit,Men,In Stock,39.992,39.992,50.0,4.3,10657.0,9.274066062856727,800.0,6.68586094706836,True,886.0,True,"ROYALLY COMFORTABLE - Kingsted men's t-shirts are designed to look and feel like an old favorite. These super soft classic tees for men will quickly become your favorite comfy t-shirts you wear firstPREMIUM FABRIC - Our basic shirts for men are made with premium blend of polyester & cotton t-shirt fabric. The finish is a Wrinkle Resistant, Fast-Drying and Ultra-Durable high quality t-shirt for menCLASSIC TEES FOR MEN - Kingsted mens t-shirts are well-crafted true classic tees for men. These casual shirts for men have fitted side seams that help maintain shape better than tubular mens teesLONG LASTING - Kingsted colored t-shirts for men are heather dyed and maintain color much longer than other cheap cotton shirts for men. These lightweight polycotton t-shirts are exceptionally durableVALUE PACK - Bundle & Save on our short sleeve t-shirts for men packs. Kingsted's premium t shirts for men offer the same or more value as other designer t-shirts for men for a better price.","Experience premium comfort and style with Kingsted mens tee shirt pack. Crafted from premium 50 polyester 50 cotton tshirts fabric, these mens t shirts short sleeve offer you one of the best mens t shirts, ensuring a flattering silhouette for all body types. Each mens t shirt pack comes with an assorted plain tshirts, solid colored t shirts, perfect for every occasion. Whether you're looking out for blank t shirts, casual shirts for men, a sleep shirt, fitted t shirts for men or men undershirts to layer under, these mens tee shirts make for an ideal choice. These mens shirts pack of crewneck t shirts for men is a timeless essentials shirt and a must-have mens tshirts in every man's wardrobe. Our cotton t-shirts for men are not just mens plain t shirts, they are about making you look good and feel confident. These men's t-shirts are not just basic shirts, they are a blend of style and comfort that sets you apart. These super soft tees for men are mens fitted tshirts, ensure comfort, making them one of the most comfy shirts for men you ever had. Our mens cotton t shirts are tagless tees for added comfort and come in a bulk t shirts pack so you can refresh your wardrobe with these fresh clean tees. These men's shirts superior fabric of our cotton tshirts for men ensures they retain their shape and color even after multiple washes. We understand the importance of a true classic mens tshirt in a man's wardrobe, hence we have designed these soft t shirts for men to be a perfect blend of designer shirts for men quality and price. These crew neck t shirts for man are perfect as mens undershirts. These basic tees for men are a perfect fit for all. Our goal is to provide the best t shirts for men that combine style, comfort, and durability. These mens tshirt pack are the perfect casual t shirts for men, a lazy sunday, or a night out. Add one of our Kingsted mens t shirts pack to your wardrobe and experience royally comfortable crew neck t shirts for men.","Customers find the shirts soft, comfortable, and huggable. They appreciate the quality, colors, and value for money. However, some dislike the material thickness and have differing opinions on fit, durability, and shrinkage.",https://www.amazon.com/dp/B07NHW8Z3N
86,B0775MHKD6,Amazon Essentials Men's Regular-Fit Long-Sleeve Casual Poplin Shirt,Amazon Essentials Store,Amazon Essentials,S17AE30000,Men,In Stock,18.7821,18.7821,23.7,4.4,33324.0,10.41406314504691,400.0,5.993961427306569,True,299.0,True,"REGULAR FIT: Comfortable, easy fit through the shoulders, chest, and waist.WASHED POPLIN: Made from lightweight yet durable washed poplin, offering comfort and versatility for any season.EVERYDAY SHIRTING: With classic shirting details, the long sleeve poplin shirt is the perfect year-round wardrobe staple. Wear it tucked in for a polished look or untucked for casual sophistication. Pairs effortlessly with jeans, chinos, or shorts.DETAILS: Features a sturdy spread collar construction, a center front placket with secure button closure, and a classic shirt tail hem.",,"Customers appreciate the shirt's fit, quality, and appearance. They find it true to size and color, with a good sleeve length. Many consider it a good value for money, considering it a casual to business casual shirt that can be worn at any occasion. The comfort is also appreciated. However, some customers have issues with wrinkle resistance and material thickness.",https://www.amazon.com/dp/B0775MHKD6
87,B074XY7MTG,"Hanes Men's Moisture-Wicking Crewneck Performance Undershirt, 5-Pack",Hanes Store,Hanes,2535SV,Men,In Stock,24.5,24.5,24.5,4.6,34615.0,10.45207128190472,2000.0,7.601402334583733,True,12.0,True,"Named Best Anti-sweat undershirt by Men's Health"" Menshealth.com – July 7, 2023.QUALITY FABRIC – Our men's white tee shirt 5-pack is made from moisture-wicking 60% rayon/40% polyester that's soft and moves with you.VALUE YOU EXPECT – Each everyday men's undershirts value pack comes with 5 crewneck T-shirts.BREATHABLE & MOISTURE-WICKING – X-Temp, double-dry technology helps wick moisture to keep you cool and dry all day.REMARKABLE ODOR CONTROL - FreshIQ odor protection technology even after a sweaty workout.SIZE OPTIONS – From men's shirt sizes Small-3XL, our multiple size options make shopping simple. Are oversized t-shirts your thing? Order a size up!","Designed to adapt to your temperature and activity level, Hanes® X-Temp™ men's t-shirts are made from a high-quality, blended lightweight fabric that keeps you cool when you're working up a sweat. Each performance tee includes advanced odor technology that fights odor-causing bacteria and Comfort Cool® fabric that wicks away moisture. You'll also appreciate the lay-flat collar and smooth, tag-free interior. Stock up with this convenient 5 pack of white t-shirts, so you'll never be without a clean Hanes tee.","Customers find these shirts soft, comfortable, and well-fitting. They appreciate the cool feel and classic undershirt style. Many are satisfied with durability and effectiveness. However, some customers have concerns about the material thickness, mentioning it's thin and weak. Opinions differ on whether the shirts offer good value for money.",https://www.amazon.com/dp/B074XY7MTG
88,B0CSWGBR4L,1/5 Pack Running Shirts Men Sport Tops Dry Fit Gym Wicking Athletic T Shirts Breathable Cool Workout Shirts,HovSiyla Store,HovSiyla,No especificado,Men,In Stock,23.99,23.99,23.99,4.5,917.0,6.822197390620491,1000.0,6.90875477931522,True,30.0,True,"【MOISTURE WICKING】: This quick dry short sleeve features fast sweat absorption, which allows sweat to evaporate quickly, keeping your body dry and cool, so that you can easily cope with sports or hot weather.【LIGHT AS A FEATHER】: Our running short sleeves are made of lightweight material to lighten the load and make you feel as if you're not wearing any clothes, while providing good breathability.【LOOSE-FIT DESIGN】: This athletic short sleeve applies a loose fit that doesn't constrict the body and offers freedom to stretch out, making you more comfortable and at ease during your activities.【SIMPLE BASIS】: This casual short sleeve adopts a simple design style, suitable for various occasions, whether for sports or daily wear, it can show your fashionable taste.【ALL-ROUND APPLICABILITY】: This moisture wicking short sleeve is suitable for a variety of scenarios, such as sports, traveling, leisure and so on.",,"Customers appreciate the shirts' quality, fit, comfort, and value. They find the shirts well-made, true to size, and comfortable. Many appreciate the colors and find them suitable for summer wear as undershirts. The breathable fabric weight and moisture-wicking properties are also appreciated.",https://www.amazon.com/dp/B0CSWGBR4L
89,B00B6EDB64,Dickies Men's Heavyweight Crew Neck Short Sleeve Tee,Dickies Store,Dickies Men's Sportswear,WS450 Big-Tall,Men,In Stock,16.99,16.99,16.99,4.5,42115.0,10.64818299497665,100.0,4.61512051684126,True,348.0,True,"SUPERIOR COMFORT FIT: Our classic crewneck pocket tee is made of 100% heavyweight, soft jersey-knit cotton. Extra-strong taped shoulder & neck seams for added durability. Tagless labeling eliminates chafing. Long tail looks good tucked or untucked.STURDY FUNCTIONALITY: This 100% preshrunk cotton shirt features a traditional chest pocket with pencil divider & a spacious fit with a long tail for all kinds of work activity. It's a sturdy, basic t-shirt that can be worn either alone or as an undershirtCLASSIC FAVORITE: Fans tell us our sturdy, tagless t-shirts are the ones by which all others should be measured. Try one on and see for yourself! You can wear it alone or as an undershirt, in a wide selection of colors & regular or big and tall sizes.TRUSTED NAME: The world's leading performance workwear brand, Dickies has been making quality workwear & apparel since 1922. All Dickies clothing offers superior craftsmanship & unmatched value to deliver classic style & long-lasting comfort every day.We make jeans, outerwear, school & work uniforms, sports shirts, kids wear, hats, socks, underwear, boots, gloves, belts, eyewear, backpacks, bags & much more.","Hard-working men everywhere will be comfortable in the Dickies' Short sleeve heavyweight crew neck t-shirt. Made of a jersey knit material, this heavyweight cotton blend is durable, and designed with cotton comfort. On top of the fabric durability, The taped neck and shoulder seams up the ante on strength for longer wear.","Customers appreciate the quality, sturdiness, and weight of the shirt. They find it well-made with strong sewing and consider it a good work shirt or casual wear. Many appreciate the comfort and value for money. However, some have differing opinions on the fit, material thickness, and shrinkage.",https://www.amazon.com/dp/B00B6EDB64
90,B072QRN7HR,"Hanes Men's EcoSmart Fleece, Pullover Crewneck Sweatshirt, 1 or 2 Pack",Hanes Store,Hanes Branded Printwear,P1607,Men,In Stock,11.3037,11.3037,18.0,4.6,152280.0,11.93348277732541,2000.0,7.601402334583733,True,13.0,True,"FLEECE TO FEEL GOOD ABOUT - This men's pullover sweatshirt is made with cotton sourced from American farms.STAYS SOFT - Thick, sturdy fleece keeps this crewneck sweatshirt warm and cozy.UNISEX SIZING - This sweatshirt is designed with a standard men's fit that also creates an effortless, oversized look for women. Female model is 5'8"" and wearing a size medium.MADE TO LAST - Double-needle stitching at the neck and armholes adds extra quality and sturdiness to this men's sweatshirt.CLASSIC SILHOUETTE - Basic crewneck sweatshirt shaping for that versatile look you love.BIG & TALL OPTIONS - This pullover sweatshirt is available in Big Men's sizing up to 3XL, so you can find your perfect fit.","Hanes® EcoSmart® men's fleece sweatshirt is sure to become your new go-to wardrobe staple. Soft and plush, this cozy pullover sweatshirt is made from a midweight blend featuring cotton sourced from American farms. A classic crewneck style, this pullover is sturdy and made to keep its plush comfort for a long time. The fleece design is built to hold its shape thanks to a ribbed crewneck, cuffs, and hem. Double-needle stitching at the neck and armholes further enhance the quality and sturdiness. Pair this Hanes crewneck sweatshirt with everything from jeans to sweats for a laid-back look.","Customers appreciate the sweatshirt's fit, softness, and color selection. They find it runs true to size, has a good length from shoulder to waist, and the material is very soft. Many customers appreciate the variety of colors and styles available. The quality is considered good, with some finding it slightly okay but still good for the price. Customers are satisfied with the warmth and weight of the sweatshirt, though some dislike the material thickness.",https://www.amazon.com/dp/B072QRN7HR
91,B0CSJ417P3,5 Pack Mesh Workout Shirts for Men Dry Fit Gym Shirts Quick Dry Athletic Short Sleeve T-Shirt Moisture Wicking,Brand: Kinglaman,No especificado,No especificado,Men,In Stock,19.999,19.999,21.99,4.4,504.0,6.22455842927536,900.0,6.803505257608338,True,27.0,True,"【Unbeatable Value】-5/6 pack workout shirts for men are the only Deal on Amazon. Pay less and Get More.【Moisture Wicking】- Dry fit t-shirts with quick drying properties to help you get rid of the sweat during exercise and keep dry all the time.【Athletic Tees Design】- Active t shirts for men with crew neck and short sleeve will make your excercise more comfortable. Using 4-way stretch fabric that's gentle on the skin and flexes with your body.【High Performance Activewear】- Our sport tshirt is practical whether at home or in the gym, perfect for hiking, fitness, cycling, training, tennis, running, training, outdoor work etc.【Tagless And Easy Clean】- Our breathable top don't have sewn tags, so the tags won't wear your skin during training. They are machine washable.",,"Customers appreciate the shirts' fit, comfort, style, and material quality. They find the shirts long enough to tuck in without getting bunched up at the belt. The shirts look great with their nice color and raglan sleeves. Many customers consider them a good value for the money and a great choice for workout shirts.",https://www.amazon.com/dp/B0CSJ417P3
92,B0CN2WFJLN,6 Pack Men's Quick Dry Long Sleeve Shirts Moisture Wicking Sun Protection Performance T-Shirt for Casual Workout,OYGSieg Store,No especificado,No especificado,Men,In Stock,39.98,39.98,39.98,4.6,1562.0,7.354362330421477,1000.0,6.90875477931522,True,11.0,True,"Quick Dry & Breathable: These active shirts feature quick-dry and breathable technology, wicking away moisture to keep you comfortable.Perfect Fit and Soft: Our mens long sleeve t shirts are made using a blend of 95% Polyester, 5% Spandex Strike the ideal balance between comfort and flexibility with a sweatshirt that is neither too loose nor too tight.UPF Sun Protection: Shield yourself from harmful UV rays during your outdoor runs. The UPF 50+ sun protection feature ensures that you can focus on your run without worrying about sun damage.Comfortable Design:4 way stretch fabric coupled with the flat seams and breathable fabric keep you comfortable all day.Versatile Performance: These shirts are not just for running, you can use for various activities. Whether you're hiking, camping, surfing, fishing, working out, golfing or engaging in any outdoor adventure, this shirt ensures optimal performance.",,"Customers find the shirts comfortable and well-made. They appreciate the good fit, comfort, quality fabric, and functionality. The shirts are reliable, effective at wicking away sweat, and provide great value for money. Customers also like the warmth, color quality, and wearability of the shirts.",https://www.amazon.com/dp/B0CN2WFJLN
93,B0C61X5ZD7,3 Pcs Men's Oversized Heavy Cotton Summer T-Shirts Vintage Tee Loose Fit Short Sleeve Casual Tshirts for Men Women,duwqcui Store,No especificado,No especificado,Men,In Stock,35.998,35.998,38.99,4.5,782.0,6.663132695990803,600.0,6.398594934535208,True,29.0,True,"Size&Material:A Bit Small,Suggest You Choose ONE Size Larger Than Usual.This Tshirt Made from 100% premium cotton,feels ultra-soft and comfortable against your skin.You'll love the way it fits and feels!VINTAGE STYLE:Classic vintage faded color oversized cotton men's t-shirt will make you stand out from the crowd. It's a timeless piece that's perfect for any occasion.VERSATILE:Wear our men's tee to the gym, to the beach, or to any casual outing. It's a versatile piece that looks great with shorts, jeans, or sweatpants.LONG-LASTING:Made from heavy-duty cotton, our t-shirt is designed to withstand repeated washings and wearings. It won't shrink, fade, or lose its shape over time.Our casual t-shirt for men is a great for any occasion. Give it to your boyfriend, husband, brother, or friend for their birthday, Christmas, or any other special occasion.",,"Customers find the shirts comfortable and stylish. They appreciate the soft, durable material that feels like a favorite thin sweatshirt. Many customers find them true to size, with accurate color representation. However, some have differing opinions on the fit, weight, and shrinkage.",https://www.amazon.com/dp/B0C61X5ZD7
94,B0B28SWXWP,Alimens & Gentle Mens Solid Oxford Shirt Long Sleeve Dress Shirt Work Casual Button Down Shirts with Pocket,Alimens & Gentle Store,No especificado,No especificado,Men,In Stock,22.9923,22.9923,29.99,4.3,5734.0,8.65434302956347,400.0,5.993961427306569,True,398.0,True,"Material: This casual shirt made in high-quality cotton for a breathable and strong feeling, button down collar design, oxford fabric will gets softer with each wearDesign: Mens solid dress shirt, long sleeve, button-down front closure, back pleat, adjustable cuff for a tailored look and ensuring more flexibility when movingOccasions: Casual Friday/Dating/Work/Office/Prom/Wedding/Concert/Perform/Party/Daily life, suitable for any casual occasions. It's also an ideal gift for husband, son, dad or friendsMatch: Shirt for men can be worn with or without a tie, classic design chest pocket holds your essentials, match with casual pants, dress pants, or jeansCare: Hand wash or machine wash cold; do not bleach, tumble dry low, low iron if necessary",,"Customers appreciate the shirt's quality, appearance, and value for money. They find it well-made, with solid and breathable fabric that lasts long. Many consider it a nice shirt to wear with anything from slacks to jeans. While some customers like the comfort, others have differing opinions on the fit and fabric quality.",https://www.amazon.com/dp/B0B28SWXWP
95,B077ZH6ZRD,"Gildan Men's A-Shirt Tanks, Multipack, Style G1104",Gildan Store,Gildan,G1104,Men,In Stock,15.2715,15.2715,17.99,4.6,124739.0,11.733986850080113,1000.0,6.90875477931522,True,107.0,True,"Soft, breathable cottonMoisture wicking technology keeps you cool and dryTag-free to prevent irritationClassic length for easy tuckingDurable stitchingRibbed fabrication","Gildan Cotton A-Shirts are anything but basic. Crafted with soft, breathable cotton and moisture wicking technology to keep you cool and comfortable no matter what's on the agenda. Perfect for layering or lounging - you can thank us later.","Customers appreciate the shirt's fit, quality, and comfort. They find it long enough, soft, and breathable. Many consider it a good value for the price. However, some customers feel the material is thin and loses its thickness when sweating. There are mixed opinions on shrinkage.",https://www.amazon.com/dp/B077ZH6ZRD
96,B07NWZ6PBF,Real Essentials 4 Pack: Men's Dry-Fit UV Moisture Wicking UPF 50+ SPF Sun Protective Fishing Hiking Active Long Sleeve Shirt,Real Essentials Store,Real Essentials,Long Sleeve,Men,In Stock,34.993,34.993,50.0,4.4,53960.0,10.896016842396081,400.0,5.993961427306569,True,642.0,True,"Moisture-Wicking & Quick-Dry Performance: Stay cool and comfortable with our men's athletic shirts, designed with moisture-wicking and quick-dry fabric. These long sleeve tees are ideal for intense workouts, whether at the gym, running, or hiking. Available in black, white, blue, and orange, perfect for both casual and activewear. The cool dry fit technology keeps you feeling fresh in all conditions.Multi-Pack Essentials for Every Occasion: Stock up with our convenient multi-pack of dry fit t-shirts for men. From gym to construction work, these camisas para hombres and camisetas hombre are perfect for everyday wear, offering a lightweight and breathable fit. Choose from a variety of styles, including rash guard, compression shirts, and thermal options for colder months, ideal as winter sweatshirts or fall clothes.SPF & UPF Sun Protection: Enjoy superior sun protection with our quick-dry and compression t-shirts featuring SPF, UV, and UPF 50+ ratings. These work shirts are perfect for construction, fishing, golf, and other outdoor activities. Available in hi-vis orange for enhanced visibility during work or running, these manga larga tees are built for performance and protection.Versatile All-Season Wear: From fall to winter, these long sleeve t-shirts are perfect for layering or wearing solo. Crafted from breathable polyester, they provide warmth during cooler months while still being lightweight enough for summer activities. Great for casual wear, construction, or as an undershirt, these essential shirts offer durability and comfort throughout the year.Durable & Stylish Everyday Wear: Built to last, our good fellow playeras combine style and function. Ideal for work, gym, or leisure, these drifit shirts feature a comfortable fit and are available in classic black, red, white, and more. Whether you're on a construction site, hitting the gym, or going for a run, these adult tees offer reliable moisture-wicking and quick-dry features to keep you at your best.","Men's Athletic Shirts: Stay Cool, Comfortable, and Protected Whether you're hitting the gym, going for a run, or working on a construction site, our men's athletic shirts are designed to keep you cool, comfortable, and protected. Made from premium polyester and cotton blends, these moisture-wicking and quick-dry tees ensure you stay dry even during the most intense activities. The lightweight fabric offers excellent breathability, making these shirts perfect for workouts, casual wear, or outdoor activities. Perfect for Every Season Available in various styles like long sleeve tees, compression shirts, and rash guards, these shirts are designed for year-round comfort. In cooler months, our thermal options keep you warm, while the breathable fabric is perfect for warmer days. Whether you're looking for casual fall clothes or something more durable for winter, our shirts offer the versatility you need. Available in popular colors like black, blue, white, red, and hi-vis orange, they easily match your style and activity. Sun Protection & Performance With built-in SPF, UV, and UPF 50+ sun protection, our quick-dry t-shirts shield you from harmful rays, making them ideal for fishing, golf, or any other outdoor activities. Multi-Pack Value for Convenience Get more with our multi-pack options, offering several shirts in one convenient purchase. Perfect for work, gym, or casual wear, these camisetas hombre are ideal for everyday use. Choose from a variety of styles and colors to match your needs, from long sleeves for cooler days to short-sleeve tees for workouts and hiking. Durable & Versatile Built to last, these good fellow shirts are designed with durability and style in mind. Whether you're wearing them for work or as an undershirt, these dry fit shirts provide the perfect combination of function and fashion. With sizes available for all body types, including big and tall, you'll find the perfect fit for any occasion.","Customers appreciate the comfortable, soft, and breathable fabric of the shirt. They find it wearable and easy to sleep in. The product quality is good, with a nice selection of colors to choose from that match pants and jackets. Customers value the lightweight material and warmth. However, opinions differ on the fit and material quality.",https://www.amazon.com/dp/B07NWZ6PBF
97,B0C49Y4YXF,Alimens & Gentle Men's Plaid Button Down Shirts Cotton Long Sleeve Dress Shirts Regular Fit Gingham Shirts,Alimens & Gentle Store,Alimens & Gentle,No especificado,Men,In Stock,22.99,22.99,22.99,4.3,3074.0,8.031060180240619,500.0,6.2166061010848646,True,901.0,True,"Premium Fabric: The long sleeve plaid dress shirt is made of high-quality cotton polyester blend fabric, make you stay comfy, perfect for transitional weather",,"Customers find the shirt has a good fit, looks nice, and offers good value for the price. They appreciate its casual style and functionality. However, some have issues with the fabric quality.",https://www.amazon.com/dp/B0C49Y4YXF
98,B0874W4WQ9,Under Armour Men's HeatGear Compression Long-Sleeve T-Shirt,Under Armour Store,No especificado,No especificado,Men,In Stock,33.305,33.305,35.0,4.6,18341.0,9.81694879111889,1000.0,6.90875477931522,True,373.0,True,Super-light HeatGear fabric delivers superior coverage without weighing you downMesh underarm & back panels for strategic ventilationMaterial wicks sweat & dries really fastErgonomic design keeps seams off high abrasion areas & increases durabilityHybrid raglan sleeve construction for added range of motion & comfortWrite-in locker tag on back of neck for your initials or number,"Super-light HeatGear fabric delivers superior coverage without weighing you down. Mesh underarm & back panels for strategic ventilation. Ergonomic design keeps seams off high abrasion areas & increases durability. Hybrid raglan sleeve construction for added range of motion & comfort. Compression: Ultra-tight, second-skin fit. Body: 84% Polyester/16% Elastane. Mesh: 92% Polyester/8% Elastane.","Customers find the shirt comfortable and well-made. They appreciate its warmth and durability, mentioning it keeps them warm in both warm and cold weather. Many also like the color options, compression, and workouts. However, some customers have different opinions on the fit.",https://www.amazon.com/dp/B0874W4WQ9
99,B0CW39BXTQ,COOFANDY Mens Short Sleeve Casual Button Down Shirts Summer Untucked Dress Shirts with Pocket,COOFANDY Store,No especificado,No especificado,Men,In Stock,19.992,19.992,24.99,4.2,1067.0,6.97354301952014,200.0,5.303304908059076,True,44.0,True,"LIGHTWEIGHT AND COMFORT: The COOFANDY Men's Short Sleeve Casual Shirt prioritizes comfort without compromising on style. The inclusion of soft fabric not only ensures a silky feel but also enhances breathability; allowing for a comfortable wearing experience throughout the dayMODERN LOOK: Embrace a modern aesthetic with men's short sleeve shirt; the urban design features classic shirt collar; button closure; timeless solid color and a regular fit tailored to complement most body types. This shirt effortlessly combines timeless style with contemporary flair, making it a versatile addition to your wardrobeEASY TO MATCH: A new fit for COOFANDY, Relax it's summer you have earned it; Whether paired with chinos or jeans for casual wear or dressed up with formal pants for special occasions, this shirt effortlessly adapts to your style, offering flexibility for a range of outfit choicesMULTIPLE OCCASIONS: This men's casual dress shirt is suitable for a variety of occasions; From weddings and date nights to business meetings and daily casual wear, it effortlessly transitions between different settings; Versatility is key, making it an ideal choice whether worn alone or as a base layer for additional styling optionsWARM TIPS: Machine washable for Mens Button Up Shirt. The convenience of easy care adds to the overall appeal of this exceptional garment. Please refer to our size chart carefully before you order",,"Customers appreciate the shirt's nice appearance, color, and comfort. They find it looks good, feels soft and light, and is a nice balance of dressy and casual. Many customers are happy with the value for money. However, some dislike the buttons. Opinions vary on the fit, material quality, and wrinkle resistance.",https://www.amazon.com/dp/B0CW39BXTQ
100,B0C9C7TKQ7,Mens Casual Short Sleeve Henley Shirts Fashion Button T Shirts with Pocket,Brand: Olidarua,No especificado,No especificado,Men,In Stock,14.9925,14.9925,19.99,4.4,905.0,6.80903930604298,100.0,4.61512051684126,True,857.0,True,"Material: Cotton blend. It is lightweight, soft, breathable, comfy, stretchy and skin-friendlyFeature: Long sleeve, v neck, 3 buttons placket, regular fit, chest pocket, henley shirts for men.Match: Casual and classic style. You can pair this t shirt with jeans, jacket, sneakers, pants.Occassion: These long sleeve shirts are perfect for spring, fall, winter. Suit for work, sports, holiday, beach, lounge and daily wear.Gifts for men: Good gifts for husband, dad or boyfriend. Please refer to Size Information carefully in the last image.",,"Customers find that the shirt fits well and has a nice look. They appreciate the soft, comfortable feel and quality of the material, which is durable and maintains its shape well. Many customers like the sizing, value for money, and fabric weight. However, some find the material too thin or flimsy to be comfortable.",https://www.amazon.com/dp/B0C9C7TKQ7
101,B0CQLQLWXL,COOFANDY Men's Button Down Shirts Short Sleeve Casual Shirts Summer Beach Shirts Vacation Wedding Shirts with Pocket,COOFANDY Store,No especificado,No especificado,Men,In Stock,29.99,29.99,29.99,4.4,873.0,6.773080375655535,400.0,5.993961427306569,True,27.0,True,"Premium Fabric: Mens Button Down Shirt is made of high quality material that is lightweight, comfortable, breathable and skin-friendly; the soft fabric provides you cool feel all day and give you a better wearing experienceStylish Design: The Summer Beach Shirt features with short sleeve, spread collar, button down closure, chest pocket and plaid pattern; classic shirts for men will make you feel handsome and elegant when you wear itCollocation: Short Sleeve Casual Shirt is great for spring, summer or fall; you can match with shorts, jeans or trousers for a casual look; pair with swimming shorts, sunglasses and a hat for vacation beach styleOccasions: Mens Casual Button Down Shirt is suitable for all occasions; such as beach, vacation, cruises, holiday, travel, wedding, party, school, office, business casual, hawaiian, island, yoga, work, or any casual daily wearWarm Tips: Machine wash for Mens Short Sleeve Button Up Shirt; please refer to our size chart carefully before you ordering",,"Customers appreciate the shirt's fit, style, and material quality. They find it comfortable, true to size, and well-made for the price. Many consider it a good value for the money. However, opinions differ on its wrinkle resistance.",https://www.amazon.com/dp/B0CQLQLWXL
102,B07JR4NDKS,Grunt Style 1776 Flag,Grunt Style Store,Grunt Style,No especificado,Men,In Stock,29.99,29.99,29.99,4.7,10479.0,9.257223957875032,400.0,5.993961427306569,True,94.0,True,"WE'VE GOT YOU COVERED - Wrong Size, Tears, Holes, Loose Threads, Stains, We've Got You Covered - With nearly 400 US Veterans and Patriots, our mission is to deliver the highest quality, most Patriotic apparel on the planet, straight to your front door. Backed by our unbeatable lifetime coverage, you will always be blown away by our products, our service, and our ability to 'Merica!COMFORTABLE, TAGLESS, HIGH QUALITY - This Grunt Style men's graphic tee shirt features a Tagless, itch-free design with a ribbed collar that won't lose it's shape or stretch. Our quality, durable fabric is ultra soft and comfortable for all-day athletic comfort fit during workouts or PT.GRUNT STYLE CHARITABLE GIVING - From Military and First Responders to Veteran's and our Community - T-shirts are just part of what we do. We want you all to know that we stand ready to support you and your mission, not just in word but in action.ABOUT GRUNT STYLE - What you wear is more than just a necessity, it's about attitude! We have taken the heroic American spirit and instilled it in everything we do. You do not have to be a veteran to wear Grunt Style, but you do have to love freedom.PROUDLY PRINTED IN THE USA - All Grunt Style shirts are proudly printed in Carol Stream, IL. by our team of Veteran's and Patriots who take pride in self, military and country.",,"Customers appreciate the shirt's fit, quality, and design. They find it well-made, with nice material and a comfortable feel. Many consider it a great everyday shirt with an impressive graphic design that complements their bodies. However, opinions vary on value for money and shrinkage.",https://www.amazon.com/dp/B07JR4NDKS
103,B0874WD2B2,Under Armour Men's HeatGear Compression Short-Sleeve T-Shirt,Under Armour Store,Under Armour Apparel,1361518,Men,In Stock,26.0713,26.0713,30.0,4.6,12765.0,9.454540665816003,1000.0,6.90875477931522,True,662.0,True,Super-light HeatGear fabric delivers superior coverage without weighing you downMesh underarm & back panels for strategic ventilationMaterial wicks sweat & dries really fastErgonomic design keeps seams off high abrasion areas & increases durabilityHybrid raglan sleeve construction for added range of motion & comfortWrite-in locker tag on back of neck for your initials or number,"HeatGear® Armour is our original performance baselayer—the one you put on first and take off last. So we made it extra comfortable by wicking sweat and stretching so you can move no matter what. Super-light HeatGear® fabric delivers superior coverage without weighing you down. Mesh underarm & back panels for strategic ventilation. Material wicks sweat & dries really fast. Ergonomic design keeps seams off high abrasion areas & increases durability. Hybrid raglan sleeve construction for added range of motion & comfort. Write-in locker tag on back of neck for your initials or number. Compression:Ultra-tight, second-skin fit. 84% Polyester/16% Elastane.","Customers find that the compression shirts fit well and feel comfortable to wear. They appreciate the high-quality materials and durability of the shirts. The sleeves are long enough for activities like hot yoga, running, and biking in hot weather. Customers also like the insulating effect, value for money, and how they keep their muscles from moving too much.",https://www.amazon.com/dp/B0874WD2B2
104,B07FMZ12CJ,"POLO RALPH LAUREN Men's Slim Fit Cotton Crew Undershirts, 3 Pack",POLO Store,No especificado,No especificado,Men,In Stock,49.5,49.5,49.5,4.6,11355.0,9.337501517592862,500.0,6.2166061010848646,True,112.0,True,"Length: 29.25in / 74cm, Chest: 41in / 104cm",POLO mens Polo Ralph Lauren Slim Fit Wicking Crew Undershirts 3-pack,"Customers appreciate the shirt's fit, quality, comfort, and style. They find it true to size, durable, and soft. Many mention that the size small works for tall skinny guys. However, opinions vary on value for money, material thickness, shrinkage, and smell.",https://www.amazon.com/dp/B07FMZ12CJ
105,B0DM1XPTL8,Men's Long Sleeve Polo Shirts Casual Button Classic Work Shirt Cotton Collared Basic Golf Shirt with Pocket,Envmb Store,No especificado,No especificado,Men,In Stock,13.99,13.99,13.99,4.1,75.0,4.330733340286331,100.0,4.61512051684126,True,26.0,True,"[Design]:Long sleeve polo shirts for men with delicate designed classic contrast color inside collar and placket, making you look stylish, button closure and lapel collar design,classic cut long sleeve,soft fabric make this polo a go to for the office or the weekend[Material]:Mens long sleeve polo shirts made of soft and comfortable fabric, breathable,no pilling and no wrinkling and convenient to wear[Matching]:Mens long sleeve tee shirts can be easily paired with slacks,jeans and a variety of pants to suit any style and occasion[Occasion]:Mens shirts long sleeve perfect for daily wear, business, work, office, meeting, party, dating, street, holiday, travel etc, also perfect for sport, golf and other outdoor activities.Great choice for Father's Day or Birthday gifts, Christmas, New Year[Note]:Mens casual shirts are machine washable.Please select your size by referring to the size information in the description before ordering",,"Customers find the shirt has a nice color and soft fabric that feels comfortable. They say it fits well and is a good shirt for the holidays. However, some customers feel the shirt is not worth the price and have mixed opinions on the material quality.",https://www.amazon.com/dp/B0DM1XPTL8
106,B0CC2FCKG3,Stretch Mens Dress Shirts Long Sleeve Slim Fit Dress Shirts for Men Muscle Fit Wrinkle Free Button Down Shirt,Lion Nardo Store,Lion Nardo,mens dress shirts,Men,In Stock,25.99,25.99,25.99,4.4,2622.0,7.872073979866873,1000.0,6.90875477931522,True,15.0,True,"SUPER STRETCH FABRIC: Lion Nardo's long sleeve white dress shirts for Men offer 4-Way Stretch comfort with a classic look. MAGIC STRETCHY POWER ensures full coverage, non-sheer, and moves with you. Men's dress shirts that fit the modern gentlemanTIME-SAVING: These big and tall dress shirts for men now with stretch. Perfect for work or casual wear, these stretch dress shirts offer seamless style for any workplace and a quick transition to Exercise Mode, with no time-consuming changes neededSLIM FIT & MUSCLE FIT: Men's slim fit dress shirts offer a sleek, modern cut, while muscle fit dress shirts provide ample space for comfort. Both styles, free of pockets, guarantee a clean, stylish appearance for any eventMOISTURE-WICKING & WRIKLE-FREE: Enjoy cool comfort with men's white button-up dress shirts that wick away moisture and resist wrinkles. ON-IRON FABRIC: Resists wrinkles to keep you looking crisp all day; easy care, easy ironingALL OCCASIONS: Versatile casual white button-down dress shirts suit business, weddings, parties, or dating. Ideal for formal or casual wear, these white button-down shirt make perfect gifts for holidays like Thanksgiving, Father's Day, and Christmas",,"Customers appreciate the shirt's fit, style, and comfort. They find it stylish and true to its design with a sleek look. The material is soft, stretchy, and of good quality. Many customers like the value for money, wrinkle resistance, and lightweight feel of the shirt.",https://www.amazon.com/dp/B0CC2FCKG3
107,B086KKT21F,Hanes Men's Lightweight Cotton Moisture-Wicking Tank Undershirts (6 Pack),Hanes Store,No especificado,No especificado,Men,In Stock,21.98,21.98,21.98,4.5,62490.0,11.042777825355497,2000.0,7.601402334583733,True,102.0,True,"THE COMFORT OF COTTON - Breathable ribbed cotton starts out soft and gets softer with each washing.COOL ALL DAY - Cool Comfort fabric wicks away moisture so you stay cool and dry hour after hourFRESH ALL DAY - FreshIQ technologyfor all-day freshnessBUILT FOR DURABILITY - Banded armholes and scoop neckline resist wear and tear.NO TAG, NO ITCH - No tag to bunch up or itch.STOCK UP IN AN INSTANT - A 6-pack of Hanes essential tank undershirts offers one-and-done convenience.","Hanes® men's cotton tank multipack is made from high-quality cotton that's preshrunk to hold its size and shape wash after wash. Made with Hanes® Cool Comfort™ technology, it wicks moisture away from skin to keep you cool and dry during workouts and beyond. This versatile white tank is great for workouts, the beach, or even as an undershirt. It's designed with a banded neck and armholes that resist wear and tear and a finished hem that looks good worn out or tucked in. These breathable cotton tank tops are also available in multiple color and multipack options, so you can choose the one that works best for you.","Customers find the shirt comfortable and breathable. They consider it a good value for the price. However, opinions differ on the sizing and quality.",https://www.amazon.com/dp/B086KKT21F
108,B073V3LPFL,Levi Strauss Signature Gold Men's Relaxed Fit Flex Jeans (Available in Big & Tall),Levi Strauss Signature Gold Store,Signature by Levi Strauss & Co. Men's Apparel,No especificado,Men,In Stock,27.99,27.99,27.99,4.5,41735.0,10.639119344702229,700.0,6.55250788703459,True,205.0,True,"Same great jeans, brand new name! Signature by Levi Strauss & Co. is now Levi Strauss Signature GoldAll-day comfort and authentic stylePremium denim with ultimate stretch and flexRelaxed seat and thigh; Straight leg openingUnique fabric varies in color due to wash, finish, and dyeMachine wash","Signature by Levi Strauss & Co.™ Men's Relaxed Fit are quality, modern jeans built strong enough to last. With a straight, fuller leg and all-around relaxed fit through the seat and thigh, these jeans are created with premium flex denim that moves with you throughout the day. Signature by Levi Strauss & Co.™ Men's Relaxed Fit Jeans are so relaxed, you don't have to break them in.","Customers find the jeans fit well and have a comfortable stretch in the waist. They adapt well to different body shapes and provide the right amount of room. The jeans are considered a good value for the price. Many customers describe them as classic men's jeans that fit like they did before everyone. While some customers are satisfied with the style and stretchiness, others have mixed opinions on durability and color quality.",https://www.amazon.com/dp/B073V3LPFL
109,B07LGVSPKF,Rustler Men's Classic Relaxed Fit,Rustler Store,Rustler,No especificado,Men,In Stock,13.987,13.987,14.99,4.5,26048.0,10.167734658728754,600.0,6.398594934535208,True,85.0,True,Relaxed fit thru seat and thigh5 pocket stylingStraight legHeavy weight durable denim,"Thank us later for jeans that you don't have to worry about. Each pair of Rustler jeans is made to be durable and long-lasting, all without sacrificing the comfort you want and the terrific value you expect. Available in a variety of colors and fits, our straight leg men's jeans are sure to keep up, no matter the activity.","Customers find the pants fit well and are comfortable. They appreciate the solid construction, well-made seams, and 5-pocket design. Many of them consider these jeans a good value for the price. However, opinions differ on the material thickness.",https://www.amazon.com/dp/B07LGVSPKF
110,B0007CKJSY,Wrangler Men's 13MWZ Cowboy Cut Original Fit Jeans,Wrangler Store,No especificado,13MWZ,Men,In Stock,18.9464,18.9464,53.0,4.5,41485.0,10.63311129990609,200.0,5.303304908059076,True,252.0,True,"ORIGINAL FIT. Designed with a functional fit in mind, these jeans are made to stack over your favorite pair of boots. Constructed with a comfortable fit in the waist, seat, and thigh, this jean is made for both function and comfort for long days in the saddleCLASSIC COWBOY JEAN. Made for authentic cowboys and worn by world champions, this original cowboy cut jean is a tried and true classic. As the Official ProRodeo Competition jean, this western denim essential will stay with you for years to come and maintain that timeless cowboy styleDURABLE MATERIALS. It's no question that this classic can withstand wear and tear. Made with durable heavyweight cotton and felled seams to prevent chafing, this original fit jean was made to last -- no matter the taskCOMFORTABLE WEAR. Whether you're out on the ranch or working in the garage, you need a durable jean that keeps you comfortable throughout the day. Made from 100% cotton, this jean provides comfort and breathability for your day aheadFIVE POCKET STYLING. This cowboy cut jean is constructed with an authentic five pocket styling: (1) watch pocket, (2) front scoop pockets, (3) back patch pockets. Finished with copper rivets for added long-lasting durability",,"Customers appreciate the pants' fit, durability, and look. They find the waistband comfortable and the size fits well. The jeans are described as well-made, durable, and long-lasting. Many customers consider them a great value for the quality. The pants hug the body in the right places without feeling like a second skin. While some customers find the jeans functional, others have different opinions on stiffness.",https://www.amazon.com/dp/B0007CKJSY
111,B07HNWNXM2,Wrangler Authentics Men's Comfort Flex Waist Relaxed Fit Jean,Wrangler Authentics Store,No especificado,10ZM200ST,Men,In Stock,29.99,29.99,29.99,4.6,57468.0,10.95900095096759,200.0,5.303304908059076,True,151.0,True,"RELAXED FIT. Built with a relaxed fit through the seat and thigh, these versatile jeans sit at the natural waist for a comfortable fit during any task. Perfect for everyday wear, this denim classic is a closet staple.COMFORT FLEX WAISTBAND. Designed with comfort in mind, our innovative flex waistband ensures a comfortable fit that moves and bends with you.DURABLE MATERIALS. These jeans are made with durable and comfortable flex denim for added range of motion. Durable construction, built to last.SIGNATURE DETAILS. Finished with a zipper fly, button closure and our signature leather patch, this classic Wrangler jean is built to last with timeless finishes.FIVE POCKET STYLING. Made in a classic 5-pocket blue jean style, these pants are equipped with storage: (2) front scoop pockets, (1) watch pocket and (2) back pockets.",Wrangler Authentics mens Comfort Flex Waist Relaxed Fit Jean,"Customers find the pants comfortable and true to size. They appreciate the loose, relaxed fit that transforms routine moments into legendary sagas of comfort. The jeans look good with no weird thread runs in the seams. Many customers consider them a good value for money, well-made, and durable. They also like the stretchiness and work quality. However, some customers disagree on the color accuracy.",https://www.amazon.com/dp/B07HNWNXM2
112,B074KL8RVS,Wrangler Men's Regular Fit Comfort Flex Waist Jean,Brand: Wrangler,Wrangler Authentics Men's Sportswear,No especificado,Men,In Stock,30.0,30.0,30.0,4.6,3105.0,8.041091003708633,800.0,6.68586094706836,True,470.0,True,"COMFORT FLEX WAISTBAND: Constructed with comfort in mind - our innovative flex waistband with stretch denim bands ensure a comfortable fit that moves and bends with youREGULAR FIT: Built with a regular fit seat and thigh, these five-pocket regular fit jeans sit at the natural waist for a comfortable fitDURABLE MATERIALS: Made with durable and comfortable flex denim for added ease of movement, these versatile jeans are made to last through everyday wearEVERYDAY FIVE-POCKET STYLE: This everyday jean with a comfort waist takes you from the office and out to date night, keeping you feeling and looking greatHEAVY-DUTY HARDWARE: Finished with a zipper fly, button closure and our trademark embroidered back pockets",PRODUCT DESCRIPTION,,https://www.amazon.com/dp/B074KL8RVS
113,B09K1PMWR6,Levi Strauss Signature Gold Men's Slim Fit Jeans,Levi Strauss Signature Gold Store,Signature by Levi Strauss & Co. Men's Apparel,No especificado,Men,In Stock,27.99,27.99,27.99,4.5,9593.0,9.168893182062009,200.0,5.303304908059076,True,23.0,True,"Same great jeans, brand new name! Signature by Levi Strauss & Co. is now Levi Strauss Signature GoldClosure: ZipperSlim Fit Jeans",Signature by Levi Strauss & Co Men's slim fit jeans will be the pair in your closet that's always put comfort first. These jeans fit slim through the seat and thigh and slim leg opening with a lot of room and stretch for sitting or if you're on the move. Great addition to your closet is this slim jean that gives you another option between your skinny and straight jeans.,"Customers find the pants have a good fit, style, and comfort. They mention that the jeans are loose enough in the thigh area, snug on the calf area, and look decent. Many find them soft to the touch and consider them an excellent value for the price. However, some customers are disappointed with the material thickness. There are mixed opinions on durability and color accuracy.",https://www.amazon.com/dp/B09K1PMWR6
114,B07LGQ884Z,Rustler Men's Classic Regular Fit,Rustler Store,Rustler,No especificado,Men,In Stock,13.9826,13.9826,18.99,4.5,35446.0,10.475793902145139,400.0,5.993961427306569,True,78.0,True,Regular fit thru seat and thigh5 pocket stylingStraight legHeavy weight durable denimBelt loops,"Thank us later for jeans that you don't have to worry about. Each pair of Rustler jeans is made to be durable and long-lasting, all without sacrificing the comfort you want and the terrific value you expect. Available in a variety of colors and fits, our straight leg men's jeans are sure to keep up, no matter the activity.","Customers find the pants fit true to size and have a good pocket size. They are well-made, durable, and look like expensive jeans. Many customers appreciate the comfortable feel and functionality of the pants. However, opinions differ on the material thickness.",https://www.amazon.com/dp/B07LGQ884Z
115,B00UV3TGUG,Levi's Men's 559 Relaxed Straight Jeans (Also Available in Big & Tall),Levi's Store,Levi's,00559-0421,Men,In Stock,46.9932,46.9932,69.5,4.5,54212.0,10.900676011066274,400.0,5.993961427306569,True,222.0,True,"Sits below waistExtra room through seat and thighStraight legZip fly and button closureThe model in the image is 6' 1"" and is wearing 32 x 32.","Our 559™ Relaxed Straight embodies a comfortable, relaxed attitude—featuring extra room through the thigh and a timeless straight leg. The best part? It's woven with a hint of stretch for all-day comfort and easy movement.","Customers appreciate the pants' fit, look, and comfort. They find the pants stylish, with a classic straight-leg design that goes well with many outfits. The soft fabric feels durable, and the color is beautiful. Many consider the pants a good value for the price. However, some customers have issues with rip resistance. There are mixed opinions on the quality and stretchiness of the pants.",https://www.amazon.com/dp/B00UV3TGUG
116,B073372KDR,Levi Strauss Signature Gold Men's Regular Fit Flex Jeans (Available in Big & Tall),Levi Strauss Signature Gold Store,Levi Strauss Signature Gold,No especificado,Men,In Stock,27.99,27.99,27.99,4.6,19730.0,9.889946281969461,300.0,5.707110264748875,True,33.0,True,"Same great jeans, brand new name! Signature by Levi Strauss & Co. is now Levi Strauss Signature GoldAll-day comfort and authentic stylePremium flex denimUnique fabric varies in color due to wash, finish, and dyeMachine wash",,"Customers praise the pants for their fit, style, and value for money. They find the waist height good, the pockets satisfactory, and the fabric soft and breathable. However, some customers have mixed opinions on the quality, stretchiness, and color accuracy.",https://www.amazon.com/dp/B073372KDR
117,B07BJKWX4Y,Amazon Essentials Slim Fit Jeans For Men,Amazon Essentials Store,Amazon Essentials,MAE55017FL18,Men,In Stock,19.293,19.293,27.5,4.2,41918.0,10.643494463748558,50.0,3.9318256327243257,True,229.0,True,"SLIM FIT DESIGN: These mens jeans slim fit are designed with a tapered leg and are fitted through the hip and thigh, while sitting below the waistALL-DAY COMFORT: Crafted from mid-weight cotton denim with a bit of stretch, these slim fit jeans provide comfort all day. These jeans come in indigo denim washes or solid colors with a garment wash for a lived in denim-inspired lookSTYLE: Featuring a classic five-pocket design, these mens jeans slim fit are ideal for business casual settings or everyday adventures.DETAILS: These men jeans slim fit feature a zippered fly with a metal button closure, bartack reinforcements, and rivets at the front hand pockets. With stretch denim, it is always recommended to hang to dry for an extended garment lifeLEG OPENING: 7 1/4"" on US size 32","Crafted from mid-weight cotton denim, these blue jeans for men incorporate a light-stretch fabric, providing all-day comfort. The classic design includes five pockets, a zippered fly, metal button closure, bartack reinforcements, and rivets at the front hand pockets. With a variety of denim washes and solid colors, these Amazon Essentials men's slim jeans offer men's clothing that combines affordability and high standards.","Customers find the pants fit true to size and have an accurate sizing guide. The pants are well-made and durable, with a nice look that can be worn for business casual occasions or work. Many customers consider the pants great value for money. The material feels soft and comfortable, though some have mixed opinions on color quality, stretchiness, and slimness.",https://www.amazon.com/dp/B07BJKWX4Y
118,B0D4QWZDB8,Men's Ripped Skinny Slim Fit Stretch Distressed Destroyed Jeans Denim Pants,Brand: TIRANGER C,No especificado,No especificado,Men,In Stock,19.99,19.99,19.99,4.6,61.0,4.127134385045092,50.0,3.9318256327243257,True,264.0,True,"TIRANGER C comfy stretch skinny ripped jeans featuring a distressed ripped holes details at leg looks attractive.Awesome casual outfit ideas that will keep you comfortable and help you look cool.Fashion hight-street style design.Nice cutting in good version style,they are easily to match your tops or sneaker,suitable for outdoor activities or relaxing weekends.Rolling up of the leg may have unexpected effects when wearing.Easy to Match,Casual ripped Style Jeans can be worn casual with flats or boots and a relaxed tee, creating a simple but fashion effect for you.Well-Made Each pair of Jeans uses tough metal buckle, sturdy buttons and zipper.Adopted hight-quality cotton denim blend. Cozy and durable to wear, it will give you that soft feeling when wearing.Functional five pockets for your convenience to keep your keys, cell phone etc,with ripped design on the knee,those jeans show your charming taste and keep you in fashion style.",,,https://www.amazon.com/dp/B0D4QWZDB8
119,B07HNVR4ZD,Wrangler Authentics Men's Relaxed Fit Boot Cut Jean,Wrangler Authentics Store,Wrangler Authentics Men's Sportswear,10ZM4RBRP,Men,In Stock,27.0,27.0,27.0,4.3,24859.0,10.121015365064702,200.0,5.303304908059076,True,21.0,True,"TRADITIONAL STYLE. This classic jean is sure to be comfortable and functional for your everyday wear. From the office to a backyard barbeque, this jean is built for versatility and comfort with a timeless silhouette.FIVE POCKET JEAN. Keeping it classic with this traditional 5-pocket boot cut jean. Made with (2) slant pockets, (2) back patch pockets, and (1) right coin pocket.RELAXED FIT. Constructed with your comfort in mind, this denim pant is made with 100% cotton or premium flex denim. With a relaxed seat and thigh, this jean sits at the natural waistline.FITS OVER BOOTS. Built with a relaxed fit boot cut leg, these classic jeans have a comfortable silhouette that fit over your boots.DURABLE COMFORT. These jeans are made for durability and comfort - made with a soft cotton fabric, these jeans will keep you looking good and comfortable all day.",Wrangler Authentics Men's Relaxed Fit Boot Cut Jean.,"Customers appreciate the comfortable fit of the jeans. They find the fabric stretchy and the jeans have a nice look without being too baggy. Many consider the jeans good value for money, though opinions differ on rip resistance, length, and color.",https://www.amazon.com/dp/B07HNVR4ZD
120,B01H7ENCLA,Levi Strauss Signature Gold Men's Carpenter Jeans,Levi Strauss Signature Gold Store,Signature by Levi Strauss & Co. Men's Apparel,No especificado,Men,In Stock,23.9814,23.9814,27.99,4.5,1149.0,7.047517221357296,500.0,6.2166061010848646,True,530.0,True,"Same great jeans, brand new name! Signature by Levi Strauss & Co. is now Levi Strauss Signature GoldYou may also like our Men's Carpenter ShortDependable all day comfortRelaxed through seat & thighStraight leg openingCarpenter details","Signature by Levi Strauss & Co Men's Carpenter Jeans provide dependable all day comfort and functionality. Crafted from premium durable denim, these carpenter jeans fit relaxed through the seat and thigh and are cut straight from knee to ankle. Quality you trust from Levi's Strauss & Co., established 1853.","Customers appreciate the pants' fit, style, and material quality. They find the pockets spacious and the triple stitching reliable. The pants are comfortable to wear and provide good value for money.",https://www.amazon.com/dp/B01H7ENCLA
121,B0B84WZ5DY,Wrangler Authentics Men's Slim Fit Straight Leg Jean,Wrangler Authentics Store,Wrangler Authentics,112342567,Men,In Stock,27.99,27.99,27.99,4.4,9860.0,9.19634286233233,100.0,4.61512051684126,True,29.0,True,"EVERYDAY JEAN. Great for both long days on the job and kicking back on the weekend, these men's jeans look good and keep you comfortable throughout any task.SLIM FIT. These straight leg jeans have a slim fit through the seat and thigh for complete comfort and a streamlined look.FUNCTIONAL COMFORT. These classic denim jeans are made with a breathable cotton-stretch blend for unrestricted movement.FIVE POCKET STYLING. This jean is constructed with authentic 5 pocket styling: (1) watch pocket, (2) front scoop pockets, (2) back spade pockets.SIGNATURE DETAILS. Finished with a zipper fly, button closure and embroidered back pockets for that classic Wrangler style.","The Wrangler Authentics collection delivers laid-back style for the man on the go. Performance-level comfort is built into our classic shorts, cargo pants, jeans, jackets, and shirts for a complete outfit that feels as good as it looks. With innovative features like our Advanced Comfort technology, the clothes in this collection move with you for all day comfort. Available in many different styles and colors, it's easy to find clothes to fit your needs, all year round. From a night out on the town to a casual weekend spent with friends, you will feel ready for life, every day, with Wrangler.","Customers find the pants comfortable and well-fitting. They appreciate the stretchy material that provides flexibility and comfort. The pants look good and are a good value for the price. However, some customers dislike the material thickness and have differing opinions on the quality and color.",https://www.amazon.com/dp/B0B84WZ5DY
122,B0CBKCGNFR,Lee Men's Extreme Motion Regular Straight Jean,Lee Store,No especificado,No especificado,Men,Low Stock,36.7212,36.7212,41.9,4.6,3707.0,8.218247926685745,100.0,4.61512051684126,True,31.0,True,"Regular fit with straight leg; sits just below the waistFeaturing extreme flex waistband, athletic-style waistband comfortably flexes as you moveExtreme stretch fabric makes bending, crouching, stretching, and moving supremely comfortableFive-pocket styling, logo patch at back waistband and belt loopsLeg opening: 16 inches",,"Customers find the pants comfortable and flattering. They appreciate the soft material and the classic five-pocket design that provides ample storage. Many find the fit true to size with the right length. The stretchiness allows for good flex in the thigh and waste, which customers enjoy. The value for money, quality, and mobility are also appreciated. However, some have mixed opinions on the material quality.",https://www.amazon.com/dp/B0CBKCGNFR
123,B074KL2SHP,Wrangler Authentics Men's Regular Fit Comfort Flex Waist Jean,Wrangler Store,Wrangler Authentics,No especificado,Men,In Stock,29.99,29.99,29.99,4.6,79227.0,11.280085050677155,200.0,5.303304908059076,True,470.0,True,"COMFORT FLEX WAISTBAND: Constructed with comfort in mind - our innovative flex waistband with stretch denim bands ensure a comfortable fit that moves and bends with youREGULAR FIT: Built with a regular fit seat and thigh, these five-pocket regular fit jeans sit at the natural waist for a comfortable fitDURABLE MATERIALS: Made with durable and comfortable flex denim for added ease of movement, these versatile jeans are made to last through everyday wearEVERYDAY FIVE-POCKET STYLE: This everyday jean with a comfort waist takes you from the office and out to date night, keeping you feeling and looking greatHEAVY-DUTY HARDWARE: Finished with a zipper fly, button closure and our trademark embroidered back pockets",PRODUCT DESCRIPTION,"Customers appreciate the pants for their good fit, comfort, and quality. They find the extended sizes thoughtfully tailored to accommodate various body types. The stretch waistband allows for a small weight change without changing the waist size. Many customers find the jeans look nice and have a good stretch. However, opinions differ on the flexibility of the pants.",https://www.amazon.com/dp/B074KL2SHP
124,B09Y8TM3LL,XIMXIMMTIAN Men's Biker Moto Washed Distressed Slim Fit Straight Jeans Denim…,XIMXIMMTIAN Store,No especificado,No especificado,Men,In Stock,35.99,35.99,35.99,4.6,1783.0,7.486613313139955,50.0,3.9318256327243257,True,128.0,True,"Denim and cottonAMERICAN SIZE, CLASSIC 5-POCKET JEANS DESIGN, made from stretch denim for durability and comfort, allowing you to move freely throughout the dayFashion Trend Design. Exquisitely cut, with a variety of colors and styles to choose from, the unique design and trendy street style make you look more handsome and become the coolest guy walking on the street.REGULAR FIT, SLIM FIT JEANS, perfect for contouring your legs, perfect for everyday wear, easily layered with other clothing or accessories like flats, boots and casual t-shirts...others for a cool look and a dash of glamour !Maintenance instructions: Machine wash or hand wash in cold water, turn over the jeans. Do not bleach, machine wash gently, lay flat or hang to dry.",,"Customers appreciate the pants' fit, material quality, and appearance. They find them comfortable and suitable for everyday wear. The stretchiness of the pants is also a positive aspect. Overall, customers consider these pants a good value for the price.",https://www.amazon.com/dp/B09Y8TM3LL
125,B0018ON68A,Levi's Men's 501 Original Fit Jeans (Also Available in Big & Tall),Levi's Store,Levi's,151364,Men,In Stock,55.653,55.653,79.5,4.4,93331.0,11.44391830766695,400.0,5.993961427306569,True,319.0,True,"Regular Through The ThighStraight legSits at your waistFront rise: 11 1/4"", Knee: 17 1/2"", Leg Opening: 16"", Measurements based on size 32.","Close your eyes. Think ""jeans."" Now open. They were 501s, right? With a classic straight leg and iconic styling, they're literally the blueprint for every pair of jeans in existence — burned into the world's collective cortex ever since Levi Strauss (the man himself!) invented them in 1873. To this day they've never gone out of style. And they never will.","Customers appreciate the pants' fit, quality, and style. They find the jeans comfortable and stylish, with a great color option. Many consider them a good value for the price. However, some have issues with the fabric thickness and button fly. There are mixed opinions on the color accuracy.",https://www.amazon.com/dp/B0018ON68A
126,B0CLQ8TV53,Signature by Levi Strauss & Co Men's Fit Flex Jeans,Levi Strauss Signature Gold Store,No especificado,No especificado,Men,In Stock,25.469,25.469,27.99,4.5,3238.0,8.08301991917133,200.0,5.303304908059076,True,44.0,True,"Same great jeans, brand new name! Signature by Levi Strauss & Co. is now Levi Strauss Signature GoldFlex WaistbandRegular FitAll-day comfort and authentic style",Signature by Levi Strauss & Co mens Fit Flex Jeans,"Customers appreciate the pants for their good fit, value for money, comfort, and look. They find them soft and comfortable, with a stretchy denim like feel. Many customers are satisfied with the quality and stretchiness of the jeans. However, some dislike the lack of rip resistance and have mixed opinions on the overall quality.",https://www.amazon.com/dp/B0CLQ8TV53
127,B0BQHVRH11,"HUNGSON Men's Slim Fit Stretch Jeans Ripped Skinny Jeans for Men, Distressed Straight Leg Fashion Comfort Flex Waist Pants",HUNGSON Store,No especificado,No especificado,Men,In Stock,35.99,35.99,35.99,4.1,1662.0,7.416378479192928,200.0,5.303304908059076,True,70.0,True,"These distressed jeans are constructed from a perfect blend of stretch-cotton fabric that help maximize freedom of movement, ensures comfortable to wear all day.the Jeans are Made of Cotton and Spandex, Which Made Them Very Comfortable and StretchySuch a skinny denim Jeans goes well with shirt,T-shirt,pullover,jacket.Simple style, suitable for dating, hanging out, work,school ,casual, party, outdoor activities or relaxing weekends. Light up others' eye, making you the focus.Modified technique process, No chemical smell, natural and healthy, Nice cutting in good version style, all the hem is done well.Deep pockets can address your trouble of carrying big stuff. accommodate your keys, cell phone, hairbands etc.We recommend you to check our size chart carefully before purchase. If you want tighter feeling,just choose the true size. ; if you want loose feeling or you have big belly or wide waist, please choose one size bigger.",,"Customers find the pants comfortable and with a nice look. They appreciate the stretchiness and good quality of the material. However, some customers have issues with the button functionality. There are mixed opinions on the fit, quality, and pocket size.",https://www.amazon.com/dp/B0BQHVRH11
128,B0D98NLXK8,Lee Men's Legendary Loose Jean,Lee Store,Lee,No especificado,Men,In Stock,15.8755,15.8755,34.9,4.5,175.0,5.170483995038151,0.0,0.0,False,82.0,True,"LOOSE FIT. These jeans sit at the natural waist and fit loose through the seat and thigh for a classic, laidback look that keeps you comfortable all day long.CLASSIC STYLING. These jeans feature a classic 5-pocket styling complete with our spade back pockets and s curve stitching and a zip fly with button closure.LEGENDARY DETAILS. Make a statement in pants constructed with our signature Legendary details like our Lee Logo Waistband Button, Lee Logo rivets, and leather patch with the ""twitch"" Lee Logo.A LIFETIME OF QUALITY. For over 100 years, Lee has produced quality apparel with durability and long-lasting construction in mind. Lee is committed to designing clothing that conforms to your body, allowing you to move through life freely.SPECIFICATIONS. 5-pocket styling with (2) spade back pockets. Zipper fly with button closure. Leg opening: (straight) 17.5""","Lee is an iconic American denim and casual apparel brand that's been making legendary product for legendary people since 1889. With over 130 years of purposeful design and craftsmanship, we know a thing or two about style. Fueled by our core values of authenticity, integrity, and drive, we create products our customers love, time and time again. From uniquely styled jeans, pants, and shorts to on-trend shirts and jackets, our movement-inspired innovations, versatile styling, and superior fit have inspired generations.","Customers appreciate the pants' fit, material quality, value for money, style, and comfort. They find the pants true to size with plenty of room in the thigh and leg areas. The pants are well-made and dependable. Many customers like the color and comfortable cut. Overall, they are pleased with the quality and value of these pants.",https://www.amazon.com/dp/B0D98NLXK8
129,B07H12JDN6,Lee Men's Extreme Motion Regular Boot Jean,Lee Store,No especificado,No especificado,Men,In Stock,39.905,39.905,41.9,4.7,5859.0,8.675904882571059,200.0,5.303304908059076,True,30.0,True,"Regular Fit, Boot cut leg openingSits Just Below the WaistFeaturing an Extreme Flex WaistbandExtreme Stretch FabricLeg Opening: 17.5 Inches",,"Customers find the pants fit well, are comfortable, and stretchy. They appreciate the quality, breathable material, and stretchiness that allows for easy movement. Many customers find the pants look good, are reasonably priced, and offer good mobility. However, opinions vary on durability.",https://www.amazon.com/dp/B07H12JDN6
130,B0CBL2WWBG,Lee Men's Legendary Regular Straight Jean,Lee Store,Lee,112339184,Men,In Stock,22.6039,22.6039,36.9,4.5,1592.0,7.373374309910049,50.0,3.9318256327243257,True,57.0,True,"REGULAR FIT. Designed with a regular fit through the seat and thigh, these straight leg jeans sit at the natural waist and are the perfect casual closet essential.STRETCH COMFORT. Made with comfort in mind, these jeans are constructed from a perfect blend of stretch-cotton fabric that moves with you for all-day comfort. Stretch varies by colorway. Some fabrications are all cotton.LEGENDARY DETAILS. Make a statement in pants constructed with our signature Legendary details that make Lee jeans unique.A LIFETIME OF QUALITY. For over 100 years, Lee has produced quality apparel with durability and long-lasting construction in mind. Lee is committed to designing clothing that conforms to your body, allowing you to move through life freely.SPECIFICATIONS. 5-pocket styling with (2) spade back pockets. Zipper fly with button closure. Leg opening: 16"".","Lee is an iconic American denim and casual apparel brand that's been making legendary product for legendary people since 1889. With over 125 years of purposeful design and craftsmanship, we know a thing or two about style. Fueled by our core values of authenticity, integrity, and drive, we create products our customers love, time and time again. From uniquely styled jeans, pants, and shorts to on-trend shirts and jackets, our movement-inspired innovations, versatile styling, and superior fit have inspired generations.","Customers find the pants fit well and have a nice look. They appreciate the durable cotton fabric that stands up to many washings. The pants are comfortable and easy to wear, with just enough stretch to allow movement. Customers also like the color options and stretchiness of the pants.",https://www.amazon.com/dp/B0CBL2WWBG
131,B098QPTCF8,"JUNBAOSS Men's Slim Fit Stretch Jeans Ripped Skinny Jeans for Men, Distressed Straight Leg Fashion Comfort Flex Waist Pants",JUNBAOSS Store,JUNBAOSS,Slim Fit Stretch Jeans for Men,Men,In Stock,33.99,33.99,33.99,4.4,6550.0,8.787372988731876,200.0,5.303304908059076,True,54.0,True,"SLIM FIT. Designed with a slim fit and straight leg, these jeans sit at the natural waist for a slimmer, more tailored look, making it stylish to wear.STRETCH COMFORT. These distressed jeans are constructed from a perfect blend of stretch-cotton fabric that help maximize freedom of movement, ensures comfortable to wear all day.FASHION TREND DESIGN. Nice cutting in good version style, variety of colors and styles for you to choose, personalized and unique design, hipster street style , make you look more handsome, to be the coolest guy when walking on the street.DURABLE MATERIALS. This stretch fit jean is made with durable cotton denim, stretchy, soft, breathable, wear-resistant, durable, and can be worn all day. Great to match with any tops or outfit, keep you in fashion style.CLASSIC 5-POCKET STYLING. Zipper fly, button closure; 2 Front Pockets, 1 Watch Pocket, 2 Back Pockets. Five deep pockets easy to store keys, watch, mobile phones, wallets Etc.",,"Customers appreciate the pants' fit, style, and material quality. They find the pants comfortable to wear, with a stretchy and flexible waist. Many of them consider the pants durable and long-lasting. The stretchiness is also appreciated by customers. While most customers find the pants a good value for money, opinions differ on the color.",https://www.amazon.com/dp/B098QPTCF8
132,B09GK5CYD7,Rock & Republic Men's Relaxed Straight Jean,Rock & Republic Store,No especificado,No especificado,Men,In Stock,24.5351,24.5351,49.98,4.6,1541.0,7.340835554123275,100.0,4.61512051684126,True,90.0,True,"RELAXED FIT. Casual and comfortable, these men's jeans are built with a relaxed fit through the hip and thigh for unrestricted movement and a casual look.HIGH-PERFORMANCE FABRIC. Made for men on the move, these jeans are constructed with ultra-comfort denim that delivers movement and style. This high-performance fabric maintains lasting quality for all-day wear.CASUAL STYLING. These relaxed-fit jeans are perfect for casual weekends and chill hangouts. Throw on your favorite sneakers and head out the door, you're ready to rock for whatever you have planned.PREMIUM DETAILS. These jeans come in a variety of washes with worn-in details so they look like your longtime favorites. Elevated stitched details, a Rock & Republic embroidered logo and the perfect amount of distressing make these jeans a standout.5-POCKET JEANS. Built with extra storage for your phone, keys, wallet and more, these jeans feature classic 5-pocket styling with (2) front pockets, (1) watch pocket and (2) back pockets. Leg Opening: 17.5""",,"Customers find the pants comfortable and well-fitting. They appreciate the good quality, nice look, durability, and value for money. Many customers like the stretchiness of the pants.",https://www.amazon.com/dp/B09GK5CYD7
133,B0C9CPWWR1,OIIIO Men's Ripped Slim Fit Straight Leg Jean Denim Pant,Brand: OIIIO,No especificado,No especificado,Men,In Stock,28.4711,28.4711,31.99,4.2,415.0,6.030685260261263,100.0,4.61512051684126,True,96.0,True,"US STANDARD SIZE - Elegant fashion and comfortable experience to wear and offer casual and relaxed mobility without any restrictions like other jeans.SLIM FIT. Designed with a slim fit and straight leg, these jeans sit at the natural waist for a slimmer, more tailored look, making it stylish to wear.QUALITY MATERIALS. Made from high-quality material, this relaxed fit boot cut jean is constructed for comfort, function, and style. Finished with a unique wash technique - whiskering, handsanding, distressing - each style varies in finishing.FASHION TREND DESIGN. Nice cutting in good version style, variety of colors and styles for you to choose, personalized and unique design, hipster street style , make you look more handsome, to be the coolest guy when walking on the street.Wash And Dry Inside Out With Like Colors; Liquid Detergent Is Recommended.",,"Customers appreciate the pants for their good quality, durable fabric, and stylish look. They find the pants comfortable and great value for the price. However, some customers are disappointed with the rip resistance and have mixed opinions on the fit.",https://www.amazon.com/dp/B0C9CPWWR1
134,B07BHKQ8SM,Lee Men's Extreme Motion Athletic Taper Jean,Lee Store,No especificado,No especificado,Men,In Stock,39.905,39.905,41.9,4.6,12963.0,9.469931564261438,100.0,4.61512051684126,True,29.0,True,"ATHLETIC FIT. With a tapered leg and fitted waist, these jeans sit at the natural waist. Made with comfort in mind, this jean is perfect for everyday wear.CLASSIC STYLING. A modern fit jean designed with an authentic five-pocket style. Our bestselling straight fit jean is designed with a timeless five-pocket style, perfect for most occasions.EXTREME MOTION. Athletic Fit Extreme Motion Jeans feature an incredibly comfortable flexible waistband that actually adapts to your body and never binds and innovative power stretch fibers that allow you to move in total freedom.A LIFETIME OF QUALITY. For over 100 years, Lee has produced quality apparel with durability and long-lasting construction in mind. Lee is committed to designing clothing that conforms to your body, allowing you to move through life freely.SPECIFICATIONS. Zipper fly with button closure, leg opening: 15.5"".",,"Customers appreciate the pants for their comfortable fit, stretchiness, and quality. They find the pants true to size, with a nice stretch when needed. Many praise the jeans for being flexible and moving with them without feeling restricted. The pants are considered a good value for money and go well with simple T-shirts.",https://www.amazon.com/dp/B07BHKQ8SM
135,B098KXZG2Z,Lee Men's Legendary Slim Straight Jean,Lee Store,Lee,No especificado,Men,In Stock,34.905,34.905,36.9,4.5,2544.0,7.841885928984623,50.0,3.9318256327243257,True,85.0,True,"SLIM FIT. Designed with a slim fit and straight leg, these jeans sit just below the waist for a slimmer, more tailored look.STRETCH COMFORT. Made with comfort in mind, these jeans are constructed from a perfect blend of stretch-cotton fabric that moves with you for all-day comfort.LEGENDARY DETAILS. Make a statement in pants constructed with our signature Legendary details that make Lee jeans unique.A LIFETIME OF QUALITY. For over 100 years, Lee has produced quality apparel with durability and long-lasting construction in mind. Lee is committed to designing clothing that conforms to your body, allowing you to move through life freely.SPECIFICATIONS.5-pocket styling with (2) spade back pockets. Zipper fly with button closure. Leg opening: 15.5"".","Just like our founder, H.D. Lee, our passion is helping can-do people do more. We are committed to designing clothing that conforms to your body, allowing you to move through life freely. We help you chase the things that bring you joy and laughter. The things that make you fearless and hopeful because your passion is what makes you unique. And what moves you, moves us. Move your Lee.","Customers find the pants fit well, are comfortable, and made with good quality. They appreciate the simple style with a faux distressed look. The material feels durable yet soft, and the pants have stood the test. Many customers find them a good value for the price. While most customers are satisfied with the slim fit, some have mixed opinions on fabric softness and thickness.",https://www.amazon.com/dp/B098KXZG2Z
136,B07BJLDWXJ,Amazon Essentials Men's Skinny-Fit Stretch Jean,Amazon Essentials Store,Amazon Essentials,MAE55018FL18,Men,In Stock,28.5,28.5,28.5,4.3,17067.0,9.744960644307891,50.0,3.9318256327243257,True,715.0,True,"SKINNY FIT: Snug fit through hip, thigh, and leg; sits below the waist.LIGHT-STRETCH DENIM: Mid-weight cotton denim with a bit of stretch for all-day comfort. Comes in indigo denim washes or solid colors with a garment wash for a lived in denim-inspired look.SKINNY JEAN: With classic, five-pocket denim styling, our skinniest fit jean is ideal for everyday wear.DETAILS: Features zippered fly with metal button fly closure, bartack reinforcements, and rivets at front hand pockets. With stretch denim, it is always recommended to hang to dry for an extended garment life.LEG OPENING: 6 5/8"" on US size 32.","Amazon Essentials is focused on creating affordable, high-quality, and long-lasting everyday clothing you can rely on. Our line of men's must-haves includes polo shirts, chino pants, classic-fit shorts, casual button-downs, and crew-neck tees. Our consistent sizing takes the guesswork out of shopping, and each piece is put to the test to maintain the highest standards in quality and comfort.","Customers appreciate the pants' quality, comfort, and look. They find the material durable, breathable, and long-lasting. Many of them describe the pants as comfortable, soft, and snug. The colors are described as deeper than expected. The fit is generally considered satisfactory, though opinions vary on stretchiness and color.",https://www.amazon.com/dp/B07BJLDWXJ
137,B0018OMIOI,Levi's Men's 550 Relaxed Fit Jeans (Also Available in Big & Tall),Levi's Store,No especificado,No especificado,Men,In Stock,43.7937,43.7937,69.5,4.4,81145.0,11.30400528029226,300.0,5.707110264748875,True,256.0,True,"LEVI'S 550: These jeans feature a classic, relaxed style with more room for a slightly baggy fit. The 550 also features a tailor-like taper at the leg, complete with zip fly and 5 Pocket Styling.SIZE & FIT: These 550 jeans sit at the waist with a loose fit through the hip and thigh with a straight but slightly tapered leg opening.MATERIAL & FABRIC: Levi's 550 jeans are made from a cotton blend.CARE INSTRUCTIONS: Machine wash cold inside out with like colors, Do not bleach, Tumble dry medium, Hot iron if needed, Dry cleaning possible.",Levi's Men's 550 Relaxed Fit Jeans (Also Available in Big & Tall),"Customers find the jeans fit well, have a classic style, and provide good value for money. They appreciate the comfort and look of the jeans. However, opinions differ on quality, rip resistance, and color.",https://www.amazon.com/dp/B0018OMIOI
138,B09NMN9C21,Wrangler Men's Free to Stretch Relaxed Fit Jeans,Wrangler Store,No especificado,No especificado,Men,In Stock,29.9924,29.9924,39.5,4.6,2793.0,7.935229539816907,200.0,5.303304908059076,True,40.0,True,"RELAXED FIT. These jeans feature a roomier fit through the seat and thigh for complete comfort and a straight leg opening for a streamlined look.FLEX COMFORT. Made with a comfortable cotton-stretch blend, these jeans allow you to move throughout your day without restriction.SUSTAINABLY MADE. At Wrangler, We Care about the planet and the people that call it home. That's why we made these pants with 100% sustainable cotton and renewable energy, saving water and reducing energy use.FIVE POCKET STYLING. This jean is constructed with authentic 5 pocket styling: (1) watch pocket, (2) front scoop pockets, (2) back spade pockets.SIGNATURE DETAILS. Finished with a zipper fly, button closure, waistband logo patch and tonal W embroidery on the back pockets for that classic Wrangler style.",,"Customers find the pants fit well and have a comfortable stretch. They appreciate the good quality, sturdy construction, and soft material that allows for easy movement. Many customers find the color appealing and like the value for money. However, some customers report issues with rip resistance.",https://www.amazon.com/dp/B09NMN9C21
139,B01IR7TZWG,Levi's Men's 505 Regular Fit Jeans (Also Available in Big & Tall),Levi's Store,No especificado,No especificado,Men,In Stock,47.1732,47.1732,69.5,4.5,130587.0,11.77980260798882,100.0,4.61512051684126,True,133.0,True,"LEVI'S 505: These jeans feature a classic straight leg styling created in 1967 with the original zip fly and 5 Pocket Styling.SIZE & FIT: These 505 Regular jeans sits at the waist with a straight leg opening and designed with room in the thigh for a comfortable fit.MATERIAL & FABRIC: Levi's 505 jeans are made from a cotton blend.CARE INSTRUCTIONS: Machine wash cold inside out with like colors, Do not bleach, Tumble dry medium, Hot iron if needed, Dry cleaning possible.",Levi's Men's 505 Regular Fit Jeans (Also Available in Big & Tall),"Customers appreciate the fit, quality, and value of these jeans. They find them comfortable, durable, and suitable for various body types. Many appreciate the stretch material that helps with comfort, and they feel softer over time. The look and color are also liked. However, some customers dislike the lack of rip resistance.",https://www.amazon.com/dp/B01IR7TZWG
140,B071H3C5HP,Levi's Men's 511 Slim Fit Jeans (Also Available in Big & Tall),Levi's Store,Levi's,04511-4534,Men,In Stock,59.99,59.99,59.99,4.5,50822.0,10.836104287009055,0.0,0.0,False,293.0,True,"Slim ThroughoutSlim legSits below your waistFront rise: 10 1/4"", Knee: 16 1/4"", Leg Opening: 14 1/2"", Measurements based on size 32.","Think of this modern slim as not-so-skinny skinny jeans. (If you want the style, but not the feeling, this is a great alternative.) With a streamlined fit that's narrow through the seat and thigh, our 511™ Slim is perfectly calibrated to look good with everything—without looking like you're trying too hard.","Customers find the jeans fit well, are comfortable, and have a classic look. They appreciate the quality material and durability of the jeans. Many customers find them a solid choice that makes them feel good. The fit is perfectly balanced - not too baggy or too tight. Customers are satisfied with the value for money. However, some customers have mixed opinions on the color and stretchiness.",https://www.amazon.com/dp/B071H3C5HP
141,B09NMPH8Y7,Wrangler Authentics Men's Athletic Fit Stretch Jean,Wrangler Authentics Store,Wrangler Authentics,No especificado,Men,In Stock,29.05,29.05,29.05,4.4,4161.0,8.33375100695358,100.0,4.61512051684126,True,38.0,True,"EVERYDAY JEAN. Great for both long days on the job and kicking back on the weekend, these men's jeans look good and keep you comfortable throughout any task.ATHLETIC FIT. Built with a roomier fit through the seat and thigh, these five-pocket jeans are made with stretchy fabric for performance-level comfort.FUNCTIONAL COMFORT. These classic denim jeans are made with a breathable cotton-stretch blend for unrestricted movement.FIVE POCKET STYLING. This jean is constructed with authentic 5 pocket styling: (1) watch pocket, (2) front scoop pockets, (2) back spade pockets.SIGNATURE DETAILS. Finished with a zipper fly, button closure, inside waistband label and side saddle stitch for that classic Wrangler style.","The Wrangler Authentics collection delivers laid-back style for the man on the go. Performance-level comfort is built into our classic shorts, cargo pants, jeans, jackets, and shirts for a complete outfit that feels as good as it looks. With innovative features like our Advanced Comfort technology, the clothes in this collection move with you for all day comfort. Available in many different styles and colors, it's easy to find clothes to fit your needs, all year round. From a night out on the town to a casual weekend spent with friends, you will feel ready for life, every day, with Wrangler.","Customers find these pants comfortable and durable. They appreciate the straight and narrow leg design that prevents getting stuck in bikes. The jeans are soft and easy to wear, even after a few washes. Many customers like the look and blend of the jeans, describing them as nice denim. The pants offer good value for money and are lightweight, making them great summer pants. However, opinions differ on rip resistance, quality, and stretchability.",https://www.amazon.com/dp/B09NMPH8Y7
142,B073QX15SG,Ariat Men's M2 Boot Cut Jean,ARIAT Store,No especificado,No especificado,Men,In Stock,59.95,59.95,59.95,4.5,1700.0,7.438971592395862,100.0,4.61512051684126,True,72.0,True,"Stretch in some stylesExtra Deep PocketsEkstra Derin Cepler, Stretch in some stylesCare_instructions: Machine Wash","This is go-anywhere, do-anything denim. Quality crafted to work hard and play hard, these jeans have a relaxed fit with a stackable, boot-cut leg for authentic cowboy style.","Customers appreciate the jeans' fit, style, and quality. They find the jeans comfortable with extra room in the thighs and wide range of sizes to accommodate tall and large leg shapes. Many consider the jeans a great buy that offers good value for the cost. The durability and color accuracy are also appreciated. However, some customers have issues with sizing.",https://www.amazon.com/dp/B073QX15SG
143,B08WKCT1CH,Lee Men's Relaxed Fit Straight Leg Jean,Lee Store,Lee,2055551,Men,In Stock,34.901,34.901,38.9,4.4,13164.0,9.48531707193041,50.0,3.9318256327243257,True,99.0,True,"RELAXED STRAIGHT FIT. This jean sits at the waist and features a relaxed fit through the seat and thigh with a straight fit through the leg. This timeless fit keeps you comfortable all day long.5-POCKET STYLING. A classic jean designed with an authentic five-pocket style. This bestselling straight leg jean is designed with a timeless five-pocket style, perfect for everyday wear.A LIFETIME OF QUALITY. For over 100 years, Lee has produced quality apparel with durability and long-lasting construction in mind. Lee is committed to designing clothing that conforms to your body, allowing you to move through life freely.SPECIFICATIONS. (5) Pockets. Zipper fly with button closure. Signature label at back waistband. 16.5"" leg opening.","Just like our founder,  H.D. Lee, our passion is helping can-do people do more. We are committed to designing clothing that conforms to your body, allowing you to move through life freely. We help you chase the things that bring you joy and laughter. The things that make you fearless and hopefully because your passion is what makes you unique. And what moves you, moves us. Move your Lee.","Customers find the jeans fit well and feel comfortable. They are well-made with solid seams and fabric that withstand wear. The jeans offer good value for money and have a nice look. However, some customers dislike the belt loops and have mixed opinions on color accuracy.",https://www.amazon.com/dp/B08WKCT1CH
144,B01GQBWBYO,Wrangler Men's Retro Slim Fit Straight Leg Jeans,Wrangler Store,No especificado,c8916e38-6fc2-4350-aeaf-cc9561f973e3,Men,In Stock,39.0043,39.0043,68.0,4.2,7781.0,8.9595686535445,100.0,4.61512051684126,True,26.0,True,"SLIM FIT. This slim fit straight leg jean is designed with fashion-forward style. Built with a slim fit through the seat and thigh, our Retro jean sits lower on the waist and leaves enough room to fit over your favorite pair of boots.RETRO STYLING. Designed with Retro style in mind, this slim straight jean provides a vintage look for the modern man. Complete with our signature Retro finishes and slim fit, this jean will keep you looking good for any occasion.QUALITY MATERIALS. Made from high-quality material, this slim fit straight jean is constructed for comfort, function, and style. Finished with a unique wash technique - whiskering, handsanding, distressing - each style varies in finishing.ICONIC EMBELLISHMENTS. This premium slim jean is finished with our iconic Wrangler ""W"" stitching, leather Wrangler patch on the back pocket, and 1947 rivet on the front pocket. Maintain that effortless classic style with a touch of Retro.FIVE POCKET STYLING. Constructed with our classic five-pocket jean styling, these straight leg jeans are made with (2) embroidered hip pockets, (1) watch pocket, and (2) front pockets.",,"Customers find the pants have a good fit, with a snug and comfortable fit. They appreciate the retro style and color options. The denim feels durable but soft, like real denim. However, some customers have experienced rips and splits in the back pockets. Opinions vary on quality, value for money, longevity, and fabric weight.",https://www.amazon.com/dp/B01GQBWBYO
145,B078LZL68J,Wrangler Authentics Men's Classic 5-Pocket Regular Fit Flex Jean,Wrangler Authentics Store,Wrangler Authentics,No especificado,Men,In Stock,31.77,31.77,31.77,4.5,53677.0,10.89075851312733,100.0,4.61512051684126,True,737.0,True,"REGULAR FIT. This classic five-pocket jean is constructed with a regular fit through the seat and thigh, made to sit at the natural waistDURABLE MATERIALS. Made with durable flex denim, these jeans are built to last and will allow you to move with comfort throughout the dayFUNCTION MEETS STYLE. From a lunch date to a night out, this stretch denim jean is built for comfort and durability. Designed with a timeless fit, these jeans will be your new closet stapleHEAVY-DUTY HARDWARE. Finished with a zipper fly, button closure and embroidered back pocketsFIVE POCKET STYLING. This jean is constructed with an authentic five pocket styling: (1) watch pocket, (2) front scoop pockets, (3) back patch pockets","The Wrangler Authentics collection delivers laid-back style for the man on the go. Performance-level comfort is built into our classic button-downs and blue jeans for an outfit that feels as good as it looks. Wrangler Authentics jeans are constructed with 5-pocket styling, made from heavyweight 100% cotton denim and feature a comfortable waist with deep front pockets. Available with Advanced Comfort technology that helps your jeans move with you for all day comfort. Pair with your favorite Wrangler Authentics shirt for a night out or casual weekend.","Customers appreciate the pants for their comfortable fit, quality construction, and soft denim material. They find the waist and length suitable, making them ideal for casual wear or work. Many of them consider the pants to be a good value for the price. The stretchiness and look are also praised. However, opinions differ on the color.",https://www.amazon.com/dp/B078LZL68J
146,B0006U6C0Q,Wrangler Men's Cowboy Cut Slim Fit Jeans,Wrangler Store,No especificado,No especificado,Men,In Stock,29.9843,29.9843,53.0,4.4,21421.0,9.972173710324576,100.0,4.61512051684126,True,25.0,True,"SLIM FIT. Designed with a functional fit in mind, these jeans are made to stack over your favorite pair of boots. Constructed with a slim fit through the seat and thigh, this jean is made for both function and comfort for long days in the saddle.CLASSIC COWBOY JEAN. Made for authentic cowboys and worn by world champions, this cowboy cut jean is a tried and true classic. As the Official ProRodeo Competition jean, this western denim essential will stay with you for years to come and maintain that timeless cowboy style.DURABLE MATERIALS. It's no question that this classic can withstand wear and tear. Made with durable heavyweight cotton and felled seams to prevent chafing, this original fit jean was made to last -- no matter the task.COMFORTABLE WEAR. Whether you're out on the ranch or working in the garage, you need a durable jean that keeps you comfortable throughout the day. Made from 100% cotton, this jean provides comfort and breathability for your day ahead.FIVE POCKET STYLING. This cowboy cut jean is constructed with an authentic five pocket styling: (1) watch pocket, (2) front scoop pockets, (3) back patch pockets. Finished with copper rivets for added long-lasting durability.",,"Customers appreciate the jeans for their quality, durability, and look. They find the jeans well-made, durable, and comfortable. The jeans have a nice color and style for everyone. Many consider them a good value for the price. However, some customers have mixed opinions on the fit, color accuracy, and fabric quality.",https://www.amazon.com/dp/B0006U6C0Q
147,B09JYPMWP2,Levi Strauss Signature Gold Men's Athletic Fit Jeans,Levi Strauss Signature Gold Store,Levi Strauss Signature Gold,No especificado,Men,In Stock,31.99,31.99,31.99,4.6,10758.0,9.283497892593909,50.0,3.9318256327243257,True,71.0,True,"Same great jeans, brand new name! Signature by Levi Strauss & Co. is now Levi Strauss Signature GoldAll day comfort and authentic styleTapered Leg",Signature by Levi Strauss & Co. Gold Mens Athletic Fit Jeans,"Customers find the pants fit well and provide a comfortable feel. They appreciate the soft material and how the pants hold up through many washes. The pants are considered a good brand and have a nice color that stays strong after washing. Some customers like the stretchiness and value for money, while others mention the fabric rips easily.",https://www.amazon.com/dp/B09JYPMWP2
148,B00MGBBMTY,Levi's Men's 541 Athletic Fit Jeans (Also Available in Big & Tall),Levi's Store,No especificado,187570103,Men,In Stock,43.2638,43.2638,69.5,4.5,29930.0,10.306650011581617,0.0,0.0,False,725.0,True,"LEVI'S 541: These jeans give a tailored look with the comfort of a relaxed jean, an athletic and contemporary fit that features a roomier seat and thigh for added mobility, complete with zip fly.SIZE & FIT: These 541 jeans sit at the waist, offer extra room in the seat and thigh, as well as a slightly tapered fit from the knee to hem.MATERIAL & FABRIC: Levi's 541 jeans are made from a cotton blend with flex fabric, designed to move with you.CARE INSTRUCTIONS: Machine wash cold inside out with like colors, Do not bleach, Tumble dry medium, Hot iron if needed, Dry cleaning possible.",Levi's Men's 541 Athletic Fit Jeans (Also Available in Big & Tall),"Customers find the pants have a good fit with plenty of room. They like the style and cut of the jeans. The pants are durable, rip-resistant, and comfortable to wear. Many appreciate the soft, stretchy fabric that moves with them. The pants provide good value for money. However, opinions differ on the color and fabric.",https://www.amazon.com/dp/B00MGBBMTY
149,B0B31C4S86,Carhartt Men's Relaxed Fit 5-Pocket Jean,Carhartt Store,No especificado,No especificado,Men,In Stock,44.99,44.99,44.99,4.4,1503.0,7.315883504509785,100.0,4.61512051684126,True,55.0,True,"13-ounce, 100% cottonSits slightly below the waistComfortable fit through the seat and thigh with more room to moveStraight leg opening fits over boots",,"Customers appreciate the durability and quality of the jeans. They mention they're well-made, made of 100% cotton, and wear well. Some value the fabric weight and color. However, opinions differ on the fit, material quality, value for money, and fabric thickness.",https://www.amazon.com/dp/B0B31C4S86
150,B0008EOGAS,Lee Men's Regular Fit Straight Leg Jean,Lee Store,No especificado,No especificado,Men,In Stock,31.98,31.98,31.98,4.5,316.0,5.75890177387728,100.0,4.61512051684126,True,24.0,True,"REGULAR FIT. This classic jean sits at the waist and features a straight fit through the seat, leg, and thigh. Made with a 16-inch leg opening, this regular fit jean provides a tailored look that keeps you comfortable all day long.CLASSIC 5-POCKET STYLING. A classic fit jean designed with an authentic five-pocket style. Our bestselling straight leg jean is designed with a timeless five-pocket style, perfect for most occasions.JEANS FOR ALL. This jean is available in heavyweight and midweight denim with a wide variety of washes, finishes, and fits. Add a classic denim jean to your everyday rotation or try out a new alternative wash -- there's a pair of Lee jeans to fit every style.A LIFETIME OF QUALITY. For over 100 years, Lee has produced quality apparel with durability and long-lasting construction in mind. Lee is committed to designing clothing that conforms to your body, allowing you to move through life freely.SPECIFICATIONS. Zipper fly with button closure, signature label at back waistband, leg opening: 16"".",,"Customers find the jeans fit true to size and are comfortable. They appreciate the quality fabric, dependable wear, and value for money. The jeans have a nice appearance and color.",https://www.amazon.com/dp/B0008EOGAS
151,B01ISMKS7G,Levi's Men's 569 Loose Straight Fit Jeans,Levi's Store,Levi's,No especificado,Men,In Stock,59.9914,59.9914,69.5,4.5,36466.0,10.504163021027956,200.0,5.303304908059076,True,34.0,True,"Sits below waistExtra room through seat and thighStraight legZip flyThe model in the image is 6' 1"" and is wearing 32 x 32.","We call the 569™ Loose Straight our modern, laid-back fit. These jeans sit low on your waist with a feel that's roomy, but not baggy, through the seat and thigh. And to finish things off? A classic straight leg.","Customers find the jeans fit well, have a good style, and are comfortable to wear. They appreciate the good quality and durability of the jeans. However, some customers feel the material is thinner than expected and not genuine denim material.",https://www.amazon.com/dp/B01ISMKS7G
152,B07GX21XWG,Lucky Brand Men's 363 Vintage Straight Jean,Lucky Brand Store,No especificado,e641c46b-2d74-4b3a-8341-f3a3f0e6faa8,Men,In Stock,59.864,59.864,99.0,4.5,2975.0,7.998335395952982,50.0,3.9318256327243257,True,159.0,True,"Inseam: available in 30"", 32"" and 34""FIT: Mid-rise, classic fit with a straight legFront rise: 10 1/2 inches, Leg opening: 17 inches (Size 32)Classic 5-pocket stylingZip fly with button closure","With an easy mid-rise and slightly tapered leg, our 363 vintage straight is the go-to jean for a classic look and comfortable feel.","Customers appreciate the nice looking jeans with a slightly distressed look. They find the stretch fabric and waste soft, making them feel like sweatpants. Many customers find the pants comfortable and good value for money. However, opinions differ regarding the fit, durability, stretchiness, weight, and color.",https://www.amazon.com/dp/B07GX21XWG
153,B01N58LDY4,FREDD MARSHALL Men's Skinny Slim Fit Stretch Straight Leg Fashion Jeans Pants,FREDD MARSHALL Store,FREDD MARSHALL,FFMBY004,Men,In Stock,23.994,23.994,39.99,4.3,10310.0,9.240966565517944,200.0,5.303304908059076,True,106.0,True,"Slim fit,simple style,basic jeans you need everydayWith enough elasticity and good material,feels very comfortable and looks great after trying it onNice cutting in good version style,they are easily to match your tops or shoesFunctional five pockets for your convenience to keep your keys, cell phone, hairbands etc.Fashion street style design,suitable for your outfit or go out at night or club in town",,"Customers find the pants comfortable and stretchy, providing good value for money. They appreciate the nice look and color. However, some customers have differing opinions on the fit, fabric quality, and color accuracy.",https://www.amazon.com/dp/B01N58LDY4
154,B01MYQDZU2,Wrangler Men's Retro Relaxed Fit Bootcut Jeans,Wrangler Store,Wrangler Men's Sportswear,WLT20,Men,In Stock,51.6724,51.6724,68.0,4.3,6859.0,8.83346272071993,50.0,3.9318256327243257,True,46.0,True,"RELAXED FIT. This relaxed fit boot cut jean is designed with fashion-forward style. Built with a relaxed fit through the seat, thigh, and knee, our Retro jean sits lower on the waist and leaves plenty of room to fit over your favorite pair of bootsRETRO STYLING. Designed with Retro style in mind, this boot cut jean provides a vintage look for the modern man. Complete with our signature Retro finishes and relaxed fit, this jean will keep you looking good for any occasionQUALITY MATERIALS. Made from high-quality material, this relaxed fit boot cut jean is constructed for comfort, function, and style. Finished with a unique wash technique - whiskering, handsanding, distressing - each style varies in finishingICONIC EMBELLISHMENTS: This boot cut jean is finished with our iconic Wrangler ""W"" stitching, leather Wrangler patch on the back pocket, and 1947 rivet on the front pocket. Maintain that effortless classic style with a touch of retroFIVE POCKET STYLING: Constructed with our classic five-pocket jean styling, these boot cut jeans are made with (2) embroidered hip pockets, (1) watch pocket, and (2) front pockets","Since 1947, Wrangler has maintained a relentless commitment to quality apparel built to fit your life. Wrangler fills your closet with authentic snap shirts, tees, jackets and authentic western denim that keep you comfortable in true western style. Our shirts feature iconic details such as pearl snaps, pointed yokes, 'W' stitching on the pockets, and spread collars. Jeans come in 100% heavyweight denim or with a bit of stretch for extra comfort and feature a Wrangler patch, W stitching on pockets and classic 5 pocket styling. Crafted with care, our western line is made for men who start their day before the sun comes up and won't stop working until the job is done. This is Wrangler, made for you.","Customers find the pants have a good fit, look, and quality. They mention they run true to length, are comfortable, and have a nice vintage color. However, some customers report issues with rips and material thickness. Opinions vary on the overall quality and value for money.",https://www.amazon.com/dp/B01MYQDZU2
155,B073V3JSSB,Levi Strauss Signature Gold Men's Bootcut Fit Jeans,Levi Strauss Signature Gold Store,Signature by Levi Strauss & Co. Men's Apparel,No especificado,Men,In Stock,27.99,27.99,27.99,4.5,16711.0,9.723882303236401,100.0,4.61512051684126,True,51.0,True,"Same great jeans, brand new name! Signature by Levi Strauss & Co. is now Levi Strauss Signature GoldAll-day comfort and authentic style.Easy fit through seat & thighBoot Cut leg openingFive-pocket stylingSuperior quality, strength and durability","Signature by Levi Strauss & Co.™ Men's Boot Cut Fit Jeans provide dependable all day comfort and authentic style. Crafted from premium durable denim, these Boot Cut Jeans fit easy through the seat and thigh with a boot cut leg opening. Quality you trust from Levi Strauss & Co., est. 1853.","Customers find the pants fit well, offer good value for money, and have a nice look. They appreciate the comfortable stretchy fabric, deep pockets that hold large phones securely, and the bootcut design that looks great with boots. The jeans feel like old-school Levi's and are versatile. While most customers are satisfied with the comfort, stretchiness, and weight, opinions vary on durability.",https://www.amazon.com/dp/B073V3JSSB
156,B01MZFNQNC,Haggar Men's Premium No Iron Khaki Classic Fit Expandable Waist Flat Front Pant (Regular and Big & Tall Sizes),Haggar Store,No especificado,HC90884 or HC10884,Men,In Stock,38.0046,38.0046,70.0,4.6,28445.0,10.255762832130173,100.0,4.61512051684126,True,446.0,True,"PREMIUM NO IRON KHAKI: Eliminate the need to iron with the premium khaki pant from Haggar. Featuring a hidden expandable waistband that stretches up to 3"", off seam front pockets, single welt back pockets in a flat front, classic fit silhouette.MATERIAL: Made of 61% Cotton, 37% Polyester, 2% Elastane for stretch and recovery. The comfort of the stretch is what makes this classic pant your go-to for the office or a formal event.HIDDEN EXPANDABLE WAISTBAND: The waistband stretches up to 3"" in the waist for all-day comfort and mobility in your mid-section.STYLE: The khaki that looks as great as it feels. Stretchable cotton-blend fabric, hidden expandable waistband and permanent crease will keep you looking sharp and comfortable.NO IRON: Whether you are at the office our out on the weekend the easy care of eliminating the need to iron will make this your favorite casual pant!",,"Customers find the pants comfortable and suitable for casual occasions. They appreciate the nice fabric and well-designed waist. Many consider the pants a good value for the price, with an adjustable waist and wrinkle resistance. However, some customers have differing opinions on wearability and color.",https://www.amazon.com/dp/B01MZFNQNC
157,B073SLX239,Amazon Essentials Men's Classic-Fit Wrinkle-Resistant Pleated Chino Pant (Available in Big & Tall),Amazon Essentials Store,Amazon Essentials,F16AE60001,Men,In Stock,25.4211,25.4211,28.6,4.3,15176.0,9.627536402960045,0.0,0.0,False,648.0,True,"CLASSIC FIT: Roomy through hip & thigh with straight leg. Sits at the waist.WRINKLE-RESISTANT CHINO: Easy care cotton-blend chino fabric with a wrinkle-resistant finish and peached hand-feel. These pants are not wrinkle-free, but treated for ease of care with a wrinkle-resistant finish.CLASSIC STYLE: Pleated chino details with a versatile yet tailored look and all-day comfort.DETAILS: Front slant pockets and button-through back pockets; zipper fly and button closure. Machine washable.LEG OPENING: 8 1/2"" on US size 32.",An Amazon Brand - A pleated dressy chino that offers classic style all week long; made to be wrinkle-resistant and easy-care with a traditional relaxed look and fit,"Customers find the pants fit true to size and have a nice look. They appreciate the good quality material, thick pants that hold up well, and good value for money. The pants are comfortable and soft, with a good texture. However, opinions differ on wrinkle resistance and washability.",https://www.amazon.com/dp/B073SLX239
158,B077PHG1MV,Dockers Men's Classic Fit Signature Lux Cotton Pleated Stretch Pants (Regular and Big & Tall),DOCKERS Store,No especificado,No especificado,Men,In Stock,49.99,49.99,49.99,4.5,11971.0,9.390325868972589,0.0,0.0,False,53.0,True,"Wrinkle-Resistant Pleat-Front Pant with Permanent Crease featuring slant hand pockets and cuffed hemButton welt pocket at the back of these men's pleated khaki pantsComfort fit waistband with up to 2"" additional expansion",Dockers Men's Classic Fit Signature Lux Cotton Stretch Pants-Pleated (Regular and Big & Tall),"Customers find the pants comfortable and well-fitting. They appreciate the good material quality, strong elastic waistband, and nice appearance. Many consider them a great value for the price. However, opinions differ on the fabric quality, color, and stretchiness.",https://www.amazon.com/dp/B077PHG1MV
159,B00QNAL9U6,Lee Men's Extreme Motion Flat Front Regular Straight Pant,Lee Store,No especificado,No especificado,Men,In Stock,36.9012,36.9012,41.9,4.5,20805.0,9.94299668563084,100.0,4.61512051684126,True,554.0,True,"STRAIGHT FIT. With a straight fit through the hip and thigh, these khaki pants sit at the natural waist with a flex waistband for comfort. These straight fit pants provides a tailored look that keeps you comfortable all day long.CLASSIC 4-POCKET STYLING. These straight fit pants are designed with four pockets with a timeless look, perfect for most occasions.LIVE IN COMFORT. The Extreme Comfort Pant offers work-to-play versatility. Athletic details like mesh pockets, a flex waistband and Active Comfort Fabric are combined with a classic khaki look for maximum comfort and style.A LIFETIME OF QUALITY. For over 100 years, Lee has produced quality apparel with durability and long-lasting construction in mind. Lee is committed to designing clothing that conforms to your body, allowing you to move through life freely.SPECIFICATIONS. Zipper fly with button closure, leg opening: 16.875"".",Lee Men's Extreme Motion Flat Front Regular Straight Pant,"Customers find these pants comfortable and breathable. They appreciate the soft, stretchy fabric that allows for easy movement and allows room for weight loss. The fit is true to size and the pants sit just below the ankle of boots. Many customers consider these pants suitable for casual wear or work settings, with a flattering cut that's not too tight or loose. They also like the stretchiness and value for money. However, some customers dislike the pockets and have mixed opinions on the overall quality.",https://www.amazon.com/dp/B00QNAL9U6
160,B08885RKFY,Wrangler Authentics Men's Relaxed Fit Stretch Cargo Pant,Wrangler Authentics Store,Wrangler Authentics,No especificado,Men,In Stock,29.99,29.99,29.99,4.5,23784.0,10.076810408866383,200.0,5.303304908059076,True,74.0,True,"RELAXED FIT. These cargo pants sit at the natural waist. Designed with a relaxed fit through the seat and thigh, these cargos will keep you comfortable during any task.STRETCH TWILL. A Wrangler classic, these straight-leg men's pants have stretch and flexibility for comfort in movement. A Hollywood waistband offers extra support with your favorite belt.CLASSIC CARGO PANT. This classic cargo pant is sure to be comfortable and functional for everyday wear. From the outdoors to work, this pant is built for versatility with a timeless silhouette and extra storage.HEAVY-DUTY HARDWARE. Finished with a heavy-duty zipper fly and button closure.QUICK-ACCESS STORAGE. Equipped with (6) pockets for maximum storage capacity. (2) side cargo flap pockets, (2) slash pockets, and (2) back patch pockets, for easy-access storage. Great for safely storing your cell-phone, tools, wallet, and other personal items or gadgets.","Wrangler Authentics Men's Classic Cargo Stretch Twill Pant. This classic cargo pant is constructed with durable materials built for long-lasting comfort. This cargo pant sits at the natural waist and features a relaxed fit through seat and thigh. Stretch fabric moves with your body, whether you're working in the yard or busy with the family on the weekend. (6) Pockets. (2) cargo side pockets (2) back patch pockets, and (2) slash pockets.","Customers find the pants comfortable and well-made. They appreciate the soft fabric, good fit, and durability. The pants look nice and are a nice shade of black. Many customers like the pockets and value for money. However, some dislike the material thickness.",https://www.amazon.com/dp/B08885RKFY
161,B09YY6SQB8,"CRZ YOGA Men's All Day Comfy Golf Pants - 30""/32""/34"" Quick Dry Lightweight Work Casual Trousers with Pockets",CRZ YOGA Store,CRZ YOGA,NS002S32,Sport Specific Clothing,In Stock,45.0,45.0,45.0,4.5,1459.0,7.286191714702382,100.0,4.61512051684126,True,3.0,True,"Designed for golfBreathable fabric dries fast, decent stretch, wrinkle-resistant and shape-retention30""/32""/34"" Inseam. Regular fitTwo side pockets and two back pockets. One hidden zipper pocketSlight tapered leg makes you taller and more slimPerfect for golf, casual, work or daily wear",,"Customers find the pants comfortable, breathable, and soft. They appreciate the good quality, durable material, and no signs of ripping or wearing down. The pants look like brand-name styles and are great value for money. While most customers find the fit satisfactory, some have different opinions on how well the pants fit.",https://www.amazon.com/dp/B09YY6SQB8
162,B08JM661K7,Men's Cozy Hidden Expandable Waist Dress Pants | Premium Stretch Texture Weave Work to Weekend Pants,YUCENFU Store,No especificado,No especificado,Men,In Stock,29.4535,29.4535,45.0,4.4,6389.0,8.762489547371581,800.0,6.68586094706836,True,926.0,True,"A Cozy Dress Pants – Made of 67.8% polyester and 32.2% viscose/67.8% polyester, 28% viscose, 5% spandexDesigned for Style & Comfort – 4 pockets and the zipper, hook and button. Enjoyment for every business occasion and special eventHidden Expandable Waist –Redesign the stretch index and position of the elastic expandable waistband, so that you will not be tight during squatting or short exercises and stay relaxed. It is most important that anexpandable waistband can adapt to your shapeGet the Right Size for You – Available in a variety of colors. Please check for your optimal waist size in the sizing table. These comfortable pants for men are designed to be generous and loose fitting and practical and easy to put on, without compromising on that classic lookQuality and Value – Yucenfu has been manufacturing products for 40 years and after that long we have learned a thing or two about quality and design. High-quality construction and materials guarantee you'll be holding on to a pair of these dress pants for a long time. Shop quality and value by adding our dress slacks to your cart today",,"Customers find the pants fit well and have a good material quality. They are comfortable and feel nice. The pants have a nice look that matches well with sports coats or business casual looks. Customers appreciate the stretchability, functionality, and value for money.",https://www.amazon.com/dp/B08JM661K7
163,B0D635RHQX,PJ PAUL JONES Men Vintage Tweed Pants Herringbone Pleated Suit Trousers,PJ PAUL JONES Store,No especificado,No especificado,Men,In Stock,48.99,48.99,48.99,3.8,69.0,4.248495242049359,0.0,0.0,False,120.0,True,"FEATURES: Herringbone pattern tweed trousers, double pleated dress pants, regular fit, straight fit, zipper closure, casual pants and business dress pantsCOMFORTABLE TO WEAR: With the added internal expansion tabs on the waistline, there was plenty of give for free movement while standing, sitting, bending, kneeling, etc.VINTAGE STYLE: The herringbone pattern and italian naples style make this pants vintage and classicOCCASIONS: Dress up or down. Perfect for casual wear, party, office, school, cocktail, hunting, festival, christmas day, cold weather, etc. You can pair it with tweed vest, sport coat, peacoat, dress shirts, sweaters.CARE: Machine wash or hand wash",,"Customers appreciate the pants' nice design with pleats and a nice taper. However, some customers have reported that the pants are pilling already despite being unworn. There are mixed opinions on the fit and material quality.",https://www.amazon.com/dp/B0D635RHQX
164,B08BC5YNP3,COOFANDY Men's Casual Linen Pants Elastic Waist Drawstring Beach Summer Pants Lightweight Linen Trousers,COOFANDY Store,No especificado,No especificado,Men,In Stock,35.991,35.991,39.99,4.2,2400.0,7.783640596221253,400.0,5.993961427306569,True,34.0,True,"DRAWSTRING WITH ZIP FLY - With a drawstring waistband and metal zipper fly, these mens linen pants are easy to adjust for a comfortable and secure fit.FUNCTIONAL POCKETS - Keep your essentials safe with 2 side pockets and 2 rear buttoned welt pockets on these beach pants for men.LOOSE FIT - These men's straight leg linen pants feature a loose fit to provide total comfort, you'll surely have no problem wearing these lightweight casual summer pants from day to evening.VERSATILE PANTS - Whether you're relaxing at home, going to the beach, or doing yoga, these mens casual linen pants are perfect for any activity.WARM TIPS - Please follow our directions for laundering to avoid shrinking. Choose low temperatures and lukewarm water (<40°C/104°F) or machine wash cold on gentle cycle. Air dry it on a line or rack for drying to avoid wrinkles and even ironing! Do not bleach, tumble dry low. Loose fit, please refer to our SIZE CHART for selection.",,"Customers appreciate the pants' appearance, comfort, and quality. They find them nice-looking, comfortable, and lightweight. Many customers consider the pants a good value for money. However, some dislike the fabric composition and have mixed opinions on the fit and color accuracy.",https://www.amazon.com/dp/B08BC5YNP3
165,B01JQTOOMA,Amazon Essentials Men's Classic-Fit Wrinkle-Resistant Flat-Front Chino Pant (Available in Big & Tall),Amazon Essentials Store,Amazon Essentials,F16AE60000,Men,In Stock,29.5,29.5,29.5,4.2,56625.0,10.944223522673548,100.0,4.61512051684126,True,206.0,True,"CLASSIC FIT: Roomy through hip & thigh with straight leg. Sits at the waist.WRINKLE-RESISTANT CHINO: Easy care cotton-blend chino fabric with a wrinkle-resistant finish and peached hand-feel. These pants are not wrinkle-free, but treated for ease of care with a wrinkle-resistant finish.CLASSIC STYLE: Flat-front chino details with a versatile yet tailored look and all-day comfort.DETAILS: Front slant pockets and button-through back pockets; zipper fly and button closure. Machine washable.LEG OPENING: 8 1/2"" on US size 32.",An Amazon brand - A flat-front wrinkle-resistant dressy chino pant that offers classic style all week long,"Customers find the pants well-made with sturdy and thick material. They consider them good value for money and as good as any comparable pants. The pants have a nice look and are comfortable to wear. However, some customers have mixed opinions on the fit, color quality, and wrinkle resistance.",https://www.amazon.com/dp/B01JQTOOMA
166,B01NA0C8IO,Dockers Men's Classic Fit Easy Khaki Pants - Pleated (Standard and Big & Tall),DOCKERS Store,Dockers,346350003,Men,In Stock,39.99,39.99,39.99,4.5,19191.0,9.862248804519531,100.0,4.61512051684126,True,26.0,True,"Eased Fit Through Seat and Thigh, Sits at Waist With a Straight Leg Stretch for PerformanceThese Men's Pleated Khakis Feature Side Hand Pockets and Button-Through Welt Pockets at BackThese Stretch Khaki Pants Come With a Front Button ClosureSoft handButton through front closure",,"Customers appreciate the pants for their good fit, comfort, and appearance. They find the length and waist just right, with an extendable waist. The material is smooth and supple, and they enjoy the cut and feel of them. Many customers consider the pants a good value for the price. However, some have mixed opinions on the quality and fabric quality.",https://www.amazon.com/dp/B01NA0C8IO
167,B07849QXR8,Dockers Men's Straight Fit Signature Lux Cotton Stretch Khaki Pant,DOCKERS Store,No especificado,No especificado,Men,In Stock,41.3917,41.3917,49.99,4.4,11771.0,9.373479109353363,100.0,4.61512051684126,True,17.0,True,"Lux Cotton StretchWrinkle free technology, super durable buttons, permanent crease, shirt gripperFlexible Waistband, for extra comfort when you're on the move","Your favorite Signature Khaki reinvented with style and performance details. Now with a Flex Comfort Waistband, Lux Cotton Stretch, Wrinkle Free technology, Shirt Gripper, and a Permanent Crease to keep you looking sharp no matter what. This khaki means business.","Customers find the pants have a good fit, excellent material quality, and nice style. They appreciate the soft, stretchy material that drapes well without needing ironing. Many customers find the pants comfortable and a good value for money. The casual style and durability are also appreciated. However, some customers are disappointed with the rip resistance.",https://www.amazon.com/dp/B07849QXR8
168,B01N7VGA1T,Dockers Men's Classic Fit Easy Khaki Pants (Regular and Big & Tall),DOCKERS Store,Dockers,No especificado,Men,In Stock,39.99,39.99,39.99,4.5,27059.0,10.205811901724779,50.0,3.9318256327243257,True,18.0,True,"Eased Fit Through Seat and Thigh, Sits at Waist With a Straight LegNo Wrinkle Men's Khaki Pants With Stretch for PerformanceFeatures of These Khaki Pants Include Side Hand Pockets and Button-Through Welt Pockets at BackSoft HandZip Fly With Button Closure, Single Welt Button Through Back Pocket","Rely on the Dockers Easy Khaki D3 Classic Fit Pants for a versatile weekday-to-weekend look. The trouser is crafted from a stretch-twill woven with a super soft-hand finish. Easy Khaki D3 classic-fit pant eases through the hip and thigh with a straight leg. No-wrinkle technology for easy all-day wear. All-motion comfort waistband sits naturally at the waist. Belt loops throughout the waist. Four pocket design. Button-through rear welt pockets. Wings & anchor embroidery above back pocket. Button front and a zip-fly closure. 64% cotton, 34% polyester, 2% elastane. Machine wash, tumble dry. Imported.","Customers appreciate the pants' fit, comfort, and appearance. They find the sizing right, the fabric soft and smooth, and the waistband comfortable. Many appreciate the casual style and durability. However, some customers have mixed opinions on the material quality and wrinkle resistance.",https://www.amazon.com/dp/B01N7VGA1T
169,B07BJKT4ZB,Amazon Essentials Men's Slim-Fit Casual Stretch Chino Pant,Amazon Essentials Store,Amazon Essentials,MAE60012FL18,Men,In Stock,28.5,28.5,28.5,4.4,27632.0,10.226765989656345,50.0,3.9318256327243257,True,182.0,True,"SLIM FIT: Fitted through hip and thigh, with tapered leg. Sits below the waist.COTTON CHINO: Washed for softness, this breathable cotton twill has a bit of stretch for comfort and flexibility.KHAKI CHINO STYLING: Classic khaki chino trousers in a light garment washed fabric for a wardrobe staple. Versatile enough for everyday on-the-go or dressed up for business casual.DETAILS: Features zipper fly and button closure, front slant pockets, fifth-coin pocket at waistband, and button-through classic back welt pockets.LEG OPENING: 7 1/2"" on US size 32.",1Placeholder text placeholder text placeholder text placeholder text placeholder text placeholder text placeholder text placeholder text placeholder text placeholder text,"Customers find these pants have a nice fit and look. They are versatile, with an accurate size chart and soft, comfortable material. The pants are well-made and durable, with thick enough fabric that holds up over time. Many customers consider them a good value for the price. While some customers appreciate the stretchiness and wearability, others have mixed opinions on the color accuracy.",https://www.amazon.com/dp/B07BJKT4ZB
170,B0CLL68CBS,Floerns Men's Classic Fit Flat Front Dress Pants Office Business Trousers,Floerns Store,No especificado,Y19-8211988399-S,Men,In Stock,39.99,39.99,39.99,3.8,142.0,4.962844630259907,0.0,0.0,False,153.0,True,"Fabric has non stretchFeature: Zipper up, plicated detail, solid color, buckled detail, suit pantsGreat for wedding, business, meetings, prom, graduation, date, fashion shows, parties, holiday, casual dailyGarment Care: Machine washable with cold water/Hang to dryPlease select your size according to the Product Measurement in the third image before ordering(Not body size)",,"Customers find the pants comfortable and cozy. They say the pants are good value for money. However, opinions differ on sizing, material quality, and style.",https://www.amazon.com/dp/B0CLL68CBS
171,B07BJT1V5K,Amazon Essentials Mens Straight-Fit Casual Stretch Chino Pants,Amazon Essentials Store,Amazon Essentials,MAE60011FL18,Men,Other,23.7,23.7,23.7,4.3,10422.0,9.251770181739323,0.0,0.0,False,459.0,True,"STRAIGHT FIT: Designed with a straight fit, these mens chino pants fit with slight ease through the hip and thigh and sit at the waistSTRETCH CHINO: Our stretch chinos are crafted from breathable cotton twill with a bit of stretchCASUAL STYLE: These classic men's chino pants are suitable for everyday wear or for a business casual lookPRACTICAL DETAILS: These men's chino pants feature a zipper fly and button closure, front slant pockets, a fifth-coin pocket, and button-through back welt pocketsSTRAIGHT LEG: Our chino pants have an 8"" leg opening on a US size 32","The Amazon Essentials Men's Straight-Fit Casual Stretch Chino Pant is crafted with a breathable cotton twill and a bit of stretch for flexibility. The straight-fit design features a slight ease through the hip and thigh with a straight leg, and they sit at the waist. Our chino pants feature a zipper fly and button closure, along with front slant pockets, a fifth-coin pocket, and button-through back welt pockets. These chino pants for men have a leg opening of 8 inches on a US Men's size 32. Whether you're in need of casual men's pants for daily wear or business casual pants, these stretch chino pants for men are a suitable choice.","Customers find the pants comfortable and well-made. They appreciate the nice look, color, and stretchiness of the material. Many consider them a good value for the price. However, some customers dislike the wrinkle resistance and have differing views on the material weight.",https://www.amazon.com/dp/B07BJT1V5K
172,B07JHY96QC,Amazon Essentials Men's Athletic-Fit Casual Stretch Chino Pant (Available in Big & Tall),Amazon Essentials Store,Amazon Essentials,AE190196,Men,In Stock,23.7,23.7,23.7,4.4,15110.0,9.62317823441376,50.0,3.9318256327243257,True,151.0,True,"ATHLETIC FIT: Extra room in the hip and thigh for athletic builds. Sits at the waist.COTTON CHINO: Washed for softness, this breathable cotton twill has a bit of stretch for comfort and flexibility.KHAKI CHINO STYLING: Classic khaki chino trousers in a light garment washed fabric for a wardrobe staple. Versatile enough for everyday on-the-go or dressed up for business casual.DETAILS: Features zipper fly and button closure, front slant pockets, fifth-coin pocket at waistband, and button-through classic back welt pockets.LEG OPENING: 7 1/2"" on US size 32.","We listen to customer feedback and fine-tune every detail to ensure our clothes are more comfortable, higher quality, and longer lasting—at affordable prices for the whole family.","Customers find the pants to have a good fit, style, and comfort. They appreciate the stretchy material and consider them a solid choice for daily use. Many find the pants suitable for school uniforms. However, some customers have differing views on color fade and wrinkle resistance.",https://www.amazon.com/dp/B07JHY96QC
173,B07FH9W2J7,Amazon Essentials Men's Straight-Fit Wrinkle-Resistant Flat-Front Chino Pant,Amazon Essentials Store,Amazon Essentials,AE190476,Men,In Stock,21.1711,21.1711,23.7,4.3,11313.0,9.333796175903101,50.0,3.9318256327243257,True,451.0,True,"STRAIGHT FIT: Fitted through the hip and thigh with a straight leg. Sits at the waist.WRINKLE-RESISTANT CHINO: Easy care cotton-blend chino fabric with a wrinkle-resistant finish and peached hand-feel. These pants are not wrinkle-free, but treated for ease of care with a wrinkle-resistant finish.CLASSIC STYLE: Flat-front chino details with a versatile yet tailored look and all-day comfort.DETAILS: Front slant pockets and button-through back pockets; zipper fly and button closure. Machine washable.LEG OPENING: 8"" on US size 32.",1Placeholder text placeholder text placeholder text placeholder text placeholder text placeholder text placeholder text placeholder text placeholder text placeholder text,"Customers find the pants look nice and professional. They are well-made with quality fabric that seems to last. The pants offer good value for the price and are comfortable, with a soft, high-quality feel. However, opinions differ on the fit, color, wrinkle resistance, and material thickness.",https://www.amazon.com/dp/B07FH9W2J7
174,B07848QFW3,Dockers Men's Classic Fit Signature Khaki Lux Cotton Stretch Pants,DOCKERS Store,No especificado,No especificado,Men,In Stock,39.992,39.992,49.99,4.5,13249.0,9.491752831414368,0.0,0.0,False,39.0,True,"Best Pressed- Timeless details and sharp center crease for a polished and confident lookClassic Fit (D3) - Sits naturally at waist, eased through seat and thigh with a straight legComfort Waistband offers up to 2"" of extra room in the waistZip fly with button-through front closure, double welt button-through back pockets and fine topstitching",Dockers Men's Classic Fit Signature Khaki Lux Cotton Stretch Pants,"Customers find the pants comfortable to wear with a good fit and quality material. They appreciate the classic style and look that is dressy yet casual. Many consider the pants a good value for money. However, some have mixed opinions on the fabric quality and color.",https://www.amazon.com/dp/B07848QFW3
175,B0CLL5X2V5,Floerns Men's Slant Pocket Tailored Pants Work Office Fold Pleated Trousers,Floerns Store,No especificado,No especificado,Men,Low Stock,29.99,29.99,29.99,3.6,45.0,3.828641396489095,50.0,3.9318256327243257,True,273.0,True,"Fabric has non stretchFeature: Slant pocket, fold pleated, zipper up, loose fit, trousers pantsOccasion: Such as daily wear, casual, team sports, baseball athletic, work, beach walking, vacationCare: Machine or hand wash in cold gentle/Line dry/Do not bleachPlease select your size according to the Product Measurement in the third image before ordering(Not body size)",,"Customers find the pants good value for money and consider them solid work trousers. However, some customers have issues with the material quality and fit.",https://www.amazon.com/dp/B0CLL5X2V5
176,B07JVL5CW2,Plaid&Plain Men's Skinny Stretchy Khaki Pants Colored Pants Slim Fit Slacks Tapered Trousers,Plaid&Plain Store,Plaid&Plain,01-PANTS-M1504,Men,In Stock,27.99,27.99,27.99,4.4,11776.0,9.373903755841548,100.0,4.61512051684126,True,6.0,True,"Slim through hip and thigh, with a narrower legMens skinny fit chinos/ chino pants/ khakisSlim/ skinny stretch khaki dress pants for menOccasion: men's tapered dress pants, smart casual trousers, slim fit school trousers or slim fit work trousersDesigned for guys who like a trim, modern cut, this pant is made in a chino fabric with a small bit of added flex",,"Customers appreciate the pants for their comfortable fit, stylish look, and good quality. They find the pants versatile enough to dress up or down, with deep pockets and a simple yet good-looking design. Many customers consider the pants great value for money. However, opinions differ on the material quality and color accuracy.",https://www.amazon.com/dp/B07JVL5CW2
177,B07NX8H7QZ,Haggar Men's Iron Free Premium Khaki Classic Fit Pleat Front Expandable Waist Casual Pant (Regular and Big & Tall Sizes),Haggar Store,No especificado,No especificado,Men,In Stock,35.782,35.782,44.99,4.5,2810.0,7.941295570906532,0.0,0.0,False,23.0,True,"IRON FREE - Our traditional classic fit that keeps it timeless in a pleat front silhouette. Additional features include offseam front pockets, single welt back pockets and roll hem.STYLE: These are the perfect classic fit trouser pants for a weekend out or for the office. They are a classic fit, meaning they are relaxed throughout the hip and thigh. They sit at or below the waist and have a relaxed leg opening.COMFORT: Without a doubt, this easy care trouser will not hinder your comfort throughout the day. This pant features a hidden expandable waistband that stretches up to 3 inches, so your pants will stay secure and you can feel comfortable all day!FABRICATION: Made of 61%Cotton 37%Polyester 2%Elastane offering stretch with incredible recovery.EASY CARE: Best of all, these pants are machine washable while eliminating the need to iron. Not to mention, the permanent center crease will keep your pants looking just good as new.",Haggar Men's Iron Free Premium Khaki Classic Fit Pleat Front Expandable Waist Casual Pant (Regular and Big & Tall Sizes),"Customers are satisfied with the pants' fit, material quality, and appearance. They find the slacks true to size, made with thick, high-quality material that holds up well. The pants have a nice look and feel comfortable, with an expandable waistband. Many customers appreciate the value for money, waist extension, and wrinkle resistance.",https://www.amazon.com/dp/B07NX8H7QZ
178,B0DJKR8WY6,JMIERR Mens Cotton Pants Casual Elastic Waist Drawstring Lightweight Summer Beach Trousers with Pockets,JMIERR Store,No especificado,No especificado,Men,In Stock,24.99,24.99,24.99,4.5,81.0,4.406719247264253,300.0,5.707110264748875,True,23.0,True,"Product Features: These casual pants feature an elastic waistband with coulisse for adjustable comfort. Equipped with two front slant pockets and a back patch pocketWearing Effect and Matching Suggestions: The slim fit design accentuates your body lines, making it easy to pair with t-shirts, hoodies, or casual shirtsOccasions: The drawstring cotton pant is suitable for both clothing and casual, nice for daily wear. Dates, beach wedding, party, vacation, night out and lounging etc. Perfect gift for father, friend and boyfriendMaterial and Functionality: Crafted from cotton, these pants offer excellent durability. They ensure comfort and ease of movement, making them ideal for everyday wearPurchase Advice: Please refer to the JMIERR size chart before purchasing to ensure the right fit. Follow the care instructions on the label to maintain the pants in their best condition. (Note that due to variations in monitor settings, the actual color of the item may differ slightly from what is displayed on your screen. )",,"Customers appreciate the pants' fit, quality, and length. They find them comfortable and suitable for summer activities like island getaways. The lightweight material is also praised as being great value for money.",https://www.amazon.com/dp/B0DJKR8WY6
179,B0BQQJMVKJ,"Libin Mens Golf Pants Stretch Work Dress Pants 30""/32""/34"" Quick Dry Lightweight Casual Comfy Trousers with Pockets",Libin Store,No especificado,LBGPF-S-SB,Sport Specific Clothing,In Stock,39.99,39.99,39.99,4.3,1655.0,7.412160334945205,400.0,5.993961427306569,True,309.0,True,"Comfort Fabric: Lightweight, stretchy, quick dry, moisture wicking fabric keeps you dry and cool all day, gentle stretch and shape-retention, water-resistant capacity to help resist light rain for a short time. PS: Although the pants may arrive with some creases due to packaging, a simple water wash will eliminate themDetail designs: Belt loops allow these mens dress pants fit to your waistlines, button closure with a zippered fly, 3D-cutting design fits most men's body type, sits at the waist with a straight leg4 Functional Pockets: 2 convenient deep front pockets and 2 back snap fastener pockets for storage, can put your phones, golf gloves and other small itemsMultiple selection: The mens casual pants are available in three inner lengths-30inch/ 32inch/ 34inch, you can choose the length that suits your height according to the size chartSuitable Occasion: Libin mens slacks fit golf sports, walking, hiking, climbing, workout, traveling and daily life, also can be worn as dress pants or work pants for business offices",,"Customers appreciate the pants' comfortable fit, good looks, and quality material. They find the length and waist suitable for golf or work. However, some feel the fabric is too thin and baggy, reminiscent of polyester pants. Overall, customers are satisfied with the pants' fit, comfort, and appearance.",https://www.amazon.com/dp/B0BQQJMVKJ
180,B0DJQWS3VY,COOFANDY Men's Casual Linen Cotton Pants Elastic Waist Summer Beach Trousers Lightweight Yoga Vacation Pants,COOFANDY Store,No especificado,No especificado,Sport Specific Clothing,In Stock,29.99,29.99,29.99,3.9,59.0,4.0943445622221,0.0,0.0,False,17.0,True,"Linen Cotton Blend --- Mens casual yoga pants feature soft and stretchy linen and cotton fabric, lightweight, breathable and skin-friendly, provide you with a comfortable wearing experience.Loose & Casual --- Summer beach linen yoga trousers with the elastic waistband allows for adjustable fit. Double-sided slant pockets and back patch pockets offer you convenient storage.Easy Match --- Mens casual straight leg pants can pair with lounge linen t-shirt to create a leisure summer wear or with a white shirt and slim fit vest to build a beach wedding dress look, always make you stylish and smart.Occasions --- These relaxed fit linen slacks are ideal for casual or formal occasions like yoga, dance, school, vacation, beach, lounging, jogger and so on. Great for Spring, Summer and Fall.Warm Tips --- Machine wash. Please check the size chart for perfect match before purchase our linen casual summer yoga beach pants.",,"Customers enjoy the comfortable fit and light color of the pants. They find the quality satisfactory, though some mention the button is too large for the buttonhole.",https://www.amazon.com/dp/B0DJQWS3VY
181,B01MSUQY5T,Haggar Men's Cool 18 Pro Classic Fit Pleat Front Hidden Expandable Waist Pant (Regular and Big & Tall Sizes),Haggar Store,No especificado,No especificado,Men,In Stock,38.0046,38.0046,70.0,4.6,5027.0,8.522777569710138,0.0,0.0,False,30.0,True,"COOL 18 PRO: This collection from America's favorite pant brand features 4-way stretch for ultimate comfort, moisture wicking technology, UV protection, and last but not least, are wrinkle resistant.FABRICATION: Made of 50% polyester and 50% sorbtek polyester, these pants will stay comfortable all day and will become a staple in your closet. Best of all, they are machine washable, with no iron necessary.STYLE: These are the perfect pleated front dress pants for going to work or a formal family event. They are a classic fit, meaning they are relaxed throughout the hip and thigh. They sit at or below the waist and have a straight leg opening.COMFORT: Without a doubt, these dress pants will not hinder your comfort throughout the day. They feature a hidden expandable waistband that stretches up to 3 inches, so your pants will stay secure.FEATURES: There are many subtle details of these pants including offseam front pockets, a single welt back pocket, a roll hem, and a shirt gripper to keep your shirt easily tucked in at all times.",Haggar Mens Cool 18 Pro Classic Fit Pleat Front Hidden Expandable Waist Pant- Regular And Big And Tall Sizes,"Customers find the pants comfortable to wear with an adjustable waist. They like the look and quality of the pants, mentioning that they look good and are easy to maintain. Many customers consider the pants a good value for the price, with lightweight fabric suitable for warmer climates. While most customers are satisfied with the washability, there are mixed opinions on wrinkle resistance and fabric quality.",https://www.amazon.com/dp/B01MSUQY5T
182,B00YKRP324,Dockers Men's Relaxed Fit Comfort Khaki Pants - Pleated,DOCKERS Store,No especificado,No especificado,Men,In Stock,49.99,49.99,49.99,4.5,5621.0,8.634442751466477,0.0,0.0,False,55.0,True,"Wrinkle-Resistant Pleat-Front Pant With Permanent Crease Featuring Slant Hand Pockets and Cuffed HemThese Men's Pleated Khakis Feature Buttoned Welt Pocket at BackThese Stretch Khaki Pants Come With a Comfort Fit Waistband, up to 2"" of Additional ExpansionCuffed Hem","Best-in-class men's pleated pants that come with dress pant details like a crisp cuffed hem. These men's pleated khaki pants are constructed with comfort in mind. They feature added stretch for performance, a super soft hand and a comfort waistband, which offers up to 2 inch. The perfect men's pleated dress pants to add to your wardrobe.","Customers find the pants comfortable and well-fitting. They appreciate the soft material against their skin, roomy thighs, and nice look with pleats and cuffs. The pants are considered a good value for the price and a great buy. While some customers like the stretchiness, others have mixed opinions on the material thickness and wrinkle resistance.",https://www.amazon.com/dp/B00YKRP324
183,B0D5WLQ9FZ,OYOANGLE Men's Pleated High Waist Wide Leg Pants Loose Fit Casual Pants with Pocket,OYOANGLE Store,No especificado,No especificado,Men,In Stock,35.99,35.99,35.99,3.0,17.0,2.8903717578961645,50.0,3.9318256327243257,True,114.0,True,"Fabric: Soft, no stretch, comfortable, skin friendlyDesign: These men's casual pants feature pleated, high waist, wide leg, slant pockets, solid, loose fitOccasion: Nice choice for leisure, work, office, business, casual, street, hanging out, vacation, daily life and other occasionsPair: Great to match with t shirts, dress shirts, tank tops, suit tops, sneakers, casual shoes and morePlease refer to size measurement before ordering ( The size chart is product measurement, not body measurement)",,,https://www.amazon.com/dp/B0D5WLQ9FZ
184,B0D4DXQBF1,JMIERR Men's Casual Pants Cotton Twill Drawstring Elastic Waist Chino Pants with Pockets,JMIERR Store,No especificado,No especificado,Men,In Stock,24.9917,24.9917,29.99,4.3,262.0,5.572154032177765,0.0,0.0,False,151.0,True,"Elegant trouser cut in a contemporary slim fit, suitable for men. Featuring an elastic waistband with drawstring, side pockets, and back pockets, the vibrant colors and signature pocket embellishments offer a subtle statement while ensuring your comfort. These twill trousers are a comfortable classic choice.Made from 98% Cotton and 2% Elastane, it offers maximum mobility. Wrinkle-resistant and does not shrink after washing. The unique woven pocket design makes these solid color pants both classic and stylish.Our Cotton Casual Stretch Pants are inspired by your favorite pair of chino pants, with added elasticity to enhance performance and offer all-day comfort.Suitable for various occasions, the internal drawstring and elastic waistband design, tapered leg, and slim fit make you look slender and well fitted. With these casual pants, you can wear them in daily life and at work. It's the perfect gift for boyfriends, sons, husbands, and yourself.Please refer to the JMIERR size chart before ordering, not the Amazon size chart.",,"Customers find the pants comfortable and well-made. They like the soft, good quality fabric with a nice texture. The pants are suitable for casual wear around the house, religious meetings, and even work. Many customers find the size suitable. However, opinions differ on the pocket design.",https://www.amazon.com/dp/B0D4DXQBF1
185,B0DPZQCX42,Mens Pants Wool Tweed Herringbone Vintage Dress Pant Trousers Regular Fit Suit Pants for Men,Garqia Clyon Store,No especificado,No especificado,Men,Low Stock,35.99,35.99,35.99,4.2,22.0,3.1354942159291497,0.0,0.0,False,69.0,True,"Tailored Design: These suit pants feature precise tailoring and a structured silhouette that flatters your figure, enhancing your overall appearance. The classic straight-leg cut fits a variety of body shapes and pairs effortlessly with different tops, elevating your style.Thoughtful Features: Designed with convenience in mind, these pants come with side pockets and back pockets for easy storage of small items. The flexible waistband ensures a comfortable fit, making them ideal for all-day wear without feeling restricted.Versatile for Various Occasions: Our herringbone tweed suit pants are perfect for business meetings, formal events, and casual gatherings. Whether you're in the office, attending a wedding, or enjoying a night out, these pants will showcase your professionalism and elegance.Easy Care Instructions: These suit pants can be hand-washed or dry cleaned to maintain their high quality and appearance. We recommend gentle washing and laying flat to dry to extend the lifespan of the pants.Customization Service: For any extra larger and longer or smaller pants, please leave your requirements and data. No extra charg.",,,https://www.amazon.com/dp/B0DPZQCX42
186,B0D7W4SRZ8,PJ PAUL JONES Men's Vintage Pants Stretch Herringbone Knit Pleated Pants Casual Business Suit Trousers,PJ PAUL JONES Store,No especificado,No especificado,Men,Other,39.99,39.99,39.99,4.0,41.0,3.7376696182833684,0.0,0.0,False,211.0,True,"Classic Designs: Herringbone pant, double pleated pants, regular fit, straight fit, zipper closure, elastic waist, 2 side slant pockets, 2 back pockets with anti-theft buttons, casual pants and business dress pants.Convenient Storage: The vintage tapered pants for men is featuring a total of 4 pockets, including 2 side slant pockets, 2 back pockets with anti-theft buttons to provide ample storage space for your essentials, making them easily accessible.High Quality Material: Mens pants are made from soft herringbone pattern fabrics, high stretchy, feels great on the skin, and mataining durability. These dress pants for men straight fit is capable of offering a comfortable feeling for cold or other seasons days.Occasions: You can wear the herringbone pattern tapered trousers for various occasions. Perfect for casual wear, party, office, school, cocktail, hunting, festival, wedding, dinner, christmas day, cold weather, etc. You can pair it with tweed vest, sport coat, coat, dress shirts, sweaters, etc.Size & Care: Please refer to our SIZE CHART carefully before you order (Not Amazon size chart). It can be hand wash or machine wash cold, hold up well after washing. Do not bleach, tumble dry low.",,"Customers find these pants comfortable and soft. They find them great for lounging at home or casual wear in an office setting. The fit is true to size, though some customers mention the material runs small. The quality is good, and the style is nice.",https://www.amazon.com/dp/B0D7W4SRZ8
187,B08R652XRB,Sailwind Men's Drawstring Linen Pants Casual Summer Beach Loose Trousers,Sailwind Store,No especificado,SW5009-FBA,Men,In Stock,29.98,29.98,29.98,4.3,4613.0,8.4368504387337,300.0,5.707110264748875,True,36.0,True,"【US Size】Relaxed fit and stretchy.US 28=(28Wx30L),US 30=(30Wx30L), US 32=(32Wx30L), US 34=(34Wx31L), US 36=(36Wx31L), US 38=(38Wx31L), US 40=(40Wx31L). linen pants for men.【Elaborately Designed】The casual pant has a elastic waistband with adjustable internal drawstring for a custom fit, zip fly with button closure and two side pockets.【Collocation】When you walk on the beach in a casual shirt and sandals, it looks casual, comfortable and cool.【For All Occasions】The drawstring linen pant is suitable for both clothing and casual, nice for daily wear.dates, beach wedding, party, vacation, night out and lounging etc. Perfect gift for father, friend and boyfriend.【Garment Care】Machine Washable, do not bleach, tumble dry low.",,"Customers find the pants comfortable and stylish. They appreciate the appropriate crotch length and slim bottoms that prevent dragging. The material is soft, stretchy, and lightweight, making them great for summer wear. Many find the pants value for money, functional, and appealing to the beach. However, some customers have reported issues with color accuracy, mentioning a light yellow or blue tint instead of white as advertised. There are mixed opinions on the material quality.",https://www.amazon.com/dp/B08R652XRB
188,B0D8TGP38Y,JMIERR Men's Chino Pants Casual Stretch Waist Tapered Trousers with Pockets,JMIERR Store,No especificado,No especificado,Men,In Stock,23.9927,23.9927,32.99,4.3,306.0,5.726847747587197,100.0,4.61512051684126,True,77.0,True,"Product Features: Crafted with a modern slim fit design, these casual pants are tailored to flatter all body types. Featuring a front zipper and button closure. The two side pockets and single back pocket offer practical storage for everyday essentials, making them perfect for various occasions.Material and Functionality: Made from 98% cotton and 2% elastane, these chinos combine durability with comfort. The twill cotton fabric is not only soft and breathable but also resistant to wrinkles, ensuring easy maintenance. The added elastane provides the right amount of stretch, enhancing mobility and comfort for all-day wear.Design Inspiration and Suitable Occasions: Inspired by classic chino pants and infused with modern fashion elements, these trousers are suitable for daily casual, golf, work, and business settings. Whether you're heading out for a weekend outing or commuting to work, these pants seamlessly blend style and function. It's the perfect gift for boyfriends, sons, husbands, and yourself.Wearing Effect and Matching Suggestions: The slim fit design creates a sleek and polished look, making the wearer appear more trim and professional. Pair these pants with casual shoes or sneakers for a trendy, relaxed style. They can be matched with T-shirts, shirts, or casual jackets, making them versatile for both casual and semi-formal occasions.Purchase Advice: Refer to the JMIERR size chart before purchasing to ensure the perfect fit. Follow the care instructions on the label to maintain the pants in their best condition. Ideal for those seeking a blend of comfort, style, and practicality.",,"Customers find the pants have a good fit and look that matches well with various outfits. They are comfortable, stretchy, and made of durable fabric. The waist is accurate, and the material quality feels good for the price. Overall, customers consider these pants a great value.",https://www.amazon.com/dp/B0D8TGP38Y
189,B0CNGR3PSB,COOFANDY Mens Dress Pants Expandable Waist Wrinkle Free Suit Pants Flat Front Casual Dress Slacks,COOFANDY Store,No especificado,No especificado,Men,In Stock,35.99,35.99,35.99,4.2,274.0,5.616771097666572,0.0,0.0,False,5.0,True,"Premium Material --- Mens wrinkle free dress pants feature soft and skin-friendly fabric, lightweight, stretchy and breathable, bringing you a comfortable and refreshing wearing experience.Classic Design --- Men straight fit dress pants are designed with expandable waist to better fit your figure. The casual dress slacks also 2 front pockets and 2 back pockets for you to store items.Easy Match --- Men Flat front suit pants pair with linen T-shirt to create an everyday casual style, or with a formal shirt to build a business dress look, always make you stylish and elegant.Occasions --- The classic fit dress slacks are suitable for business causal, beach wedding, formal meetings, office, proms, school, dates, outing, making them a must-have for any wardrobe.Warm Tips --- US Size. Please check the size chart for perfect match before purchase our casual dress slacks. Hand wash or dry clean recommended.",,"Customers appreciate the pants' appearance, comfort, and value for money. They find the pants nice-looking, with a clean cut and good color. However, some customers have mixed opinions on the fit and quality.",https://www.amazon.com/dp/B0CNGR3PSB
190,B01JZ0XPDE,Hoerev Men Casual Beach Trousers Linen Summer Pants,Hoerev Store,No especificado,No especificado,Men,In Stock,28.99,28.99,28.99,4.1,7347.0,8.902183446335016,50.0,3.9318256327243257,True,318.0,True,"[Breathable linen Fabric]: These lightweight linen cotton pants made from 45% Linen, 35% Cotton and 20% Viscose, are perfect for warm weather and casual beach days, natural linen keeping you cool and comfortable all days.[Waistline Size]: XS : 27.5in/69.85cm; S: 30in/76.2cm; M: 32.5in/82.55cm; L: 35in/88.9cm; XL: 37.5in/95.25cm; XXL: 40in/101.6cm; 3XL: 42.5in/107.95cm. Please choose the correct size according to your waist circumference.[Relaxed Fit]: These pants offer a comfortable, loose fit for the utmost in leisure thanks to their adjustable drawstring waist, they are loose around the hips and thighs too.[Occasion]: These pants' understated yet fashionable style makes them appropriate for a range of informal situations, including daily leisure activities, business casual settings, commuting to work, weekend outdoor excursions, get-togethers with friends, lounging at home, and running errands.[Durable Construction]: Made from a cotton and linen blend, these pants are easy to maintain and provide long-lasting usage.[Convenient Pockets]: Featuring two side pockets, these pants provide ample storage space for your essentials while on the go.",,"Customers find the pants comfortable and relaxing. They appreciate the soft, breathable material that feels good quality without being too cheap. The pants are described as nice-looking and suitable for casual and dressy occasions. Many customers consider the material lightweight and thin, which is perfect for summer wear. However, some customers disagree on the fit, color, and fabric quality.",https://www.amazon.com/dp/B01JZ0XPDE
191,B07NSQNLPB,Tommy Hilfiger Chino Pants Custom Fit,Tommy Hilfiger Store,Tommy Hilfiger,78C2340,Men,In Stock,53.3233,53.3233,79.5,4.4,2653.0,7.8838232148921525,0.0,0.0,False,54.0,True,"A hallmark of classic style, Tommy Hilfiger's chino pants for men are best-sellers season after season, thanks to their sharp look, crisp feel and ultra-comfortable stretch fit.COOL COMFORT: The Tommy team used premium cotton woven with a hint of stretch fiber to ensure these all-time-favorite men's chino pants are always comfortable and keep their shape.CLASSIC CONSTRUCTION: Designed with classic chino styling, from the zip fly with button closure and belt loops to the buttoned black pockets with embroidered flag—a Tommy Hilfiger signature—these men's khaki pants are as classic as it gets.REGULAR FIT: These Tommy Hilfiger's chinos for men are designed to be fitted through the seat and thigh and extend straight from hip to hem.ALWAYS PULLED TOGETHER: Tommy Hilfiger's mens chinos are made to look polished work to weekend, on duty to off.A WARDROBE STAPLE: Discover the quintessential go-to mens chino pants , perfected by the team at Tommy Hilfiger—purveyors of classic, American cool style since 1985.","A smart, crisp pair of Tommy Hilfiger Chinos is the hallmark of polished style. Custom fit chino pant: our classic chinos for men pant fitted through the waist and thigh extending straight down to the ankle. Chino pants in a stretch fabric for comfort with two front pockets and two back pockets. Front rise: 10"", Approx. inseam: 32""; Leg opening: 15 1/2"" (based on size 32 x 32). These Classic Chino Pants from Tommy Hilfiger are perfect for work or any casual occasion.","Customers appreciate the pants' fit, appearance, and comfort. They find the pants well-made with a true-to-size fit and stretchy fabric that provides good comfort without being too thick or thin. Many customers praise the pants for their quality, durability, and versatility for various occasions. However, some have issues with wrinkle resistance. There are mixed opinions on the fabric quality, value for money, and color accuracy.",https://www.amazon.com/dp/B07NSQNLPB
192,B0D59TM92S,COOFANDY Men's Knit Sweatpants Lightweight Open Bottom Casual Pants Drawstring Jogger Yoga Pants with Pockets,COOFANDY Store,No especificado,No especificado,Men,In Stock,29.99,29.99,29.99,4.3,189.0,5.247024072160486,0.0,0.0,False,183.0,True,"Knit Material: Crafted with 97% polyester and 3% spandex, these mens sweatpants feature a textured knit fabric that offers the softness and comfort of cotton. The stretch material ensures both durability and a pleasant tactile experience.Seam Front Design: These lightweight pants boast a straight-leg, loose-fitting design, complete with pleated details for a sophisticated touch. They come with two front pockets, one back pocket, and a combination of an elastic waistband and drawstring for a prefect fit.Styling Match : Versatile and stylish, these mens casual pants pair perfectly with a casual t-shirt for a laid-back look or a crisp button-down shirt for a more polished appearance. They can easily transition from day to night, making them a wardrobe staple.Occasions: Ideal for various occasions, these pants are perfect for daily wear, lounging at home, casual outings, or even semi-formal events. Their comfort and style make them suitable for both work and leisure activities.Care Tips: Machine washable for easy care, wash in cold water and tumble dry on low. Please refer to the size chart for your perfect fit.",,"Customers appreciate the comfortable, soft fabric and good-looking pants. They find the pants well-made and great for casual wear. However, some customers dislike the thickness and have differing opinions on how they fit.",https://www.amazon.com/dp/B0D59TM92S
193,B09QYBYFTP,Soojun Men's Classic Fit Flex Waist Flat Front Dress Pant,Soojun Store,No especificado,No especificado,Men,In Stock,29.99,29.99,29.99,4.4,1793.0,7.492203042618741,100.0,4.61512051684126,True,10.0,True,"COMFORT - Dress pants for men to keep your look crisp and comfy for long daysCLASSIC FIT - Mens dress pants with a roomy through hip & thigh with straight leg, these mens slacks sit at the natural waist with a flex waistband for comfortFEATURES - This black slacks and features a button front and a zip-fly closure, Belt loops throughout the waist, Fits good and stays up with comfortable waistSPECIFICATIONS - This mens flat front dress pants are designed with four pockets with a timeless look; Two hand pockets at front, two rear pockets and button-through closure, giving you a classic lookESSENTIALS - Men's dress pants is comfortable to wear all day at work, It is easy to iron and durable in the washing machine",,"Customers appreciate the pants' fit, appearance, and quality of material. They find them comfortable, with a nice color and well-made seams. Many consider them a good value for the price and say the fabric feels soft on the skin. However, some dislike the thickness of the fabric and have differing opinions on wrinkle resistance and stretchiness.",https://www.amazon.com/dp/B09QYBYFTP
194,B09Q618MMY,Mens Chinos Slim Fit Pants Flat Front Stretch Skinny Tapered Dress Pants Comfort Casual Solid Trousers,Coutgo Store,No especificado,No especificado,Men,In Stock,38.99,38.99,38.99,3.9,463.0,6.139884552226255,0.0,0.0,False,260.0,True,"Made of high quality 100% Cotton, eco-friendly and comfortable, exquisite workmanship. The pants will be a little big. Please go one SIZE DOWN if you like more SLIM FIT.Well-Made, each pair of mens casual stretch chino pants uses tough stitches, sturdy buttons and high quality zipper for all-day wear without worrying it broken. Expandable Waist is designed to move with you, adding flexibility and comfort.Men's slim fit tapered pants can perfectly highlight your figure. This flat front dress pants is suitable for leisure and outdoor activities. Perfect for casual wear, business, travel, hiking, climbing, work and daily wear.Suitable for all seasons. Men's classic straight skinny jeans features the timeless 4-pocket and basic wrinkle-free design. Easy to pair with shirt, jackets, or pair with oxfords to create a leisure style.Standard US size, S, M, L, XL, XXL. Hand wash or machine wash in cold water, do not dry, do not bleach, hang to dry. Please carefully check the SIZE CHART in the Picture and Description.",,"Customers appreciate the pants' sporty style, comfort, and lightweight material. They find them versatile for both dressy and casual wear. However, some feel the material feels cheaply made and lacks shine as shown in photos. There are mixed opinions on the fit and value for money.",https://www.amazon.com/dp/B09Q618MMY
195,B001NSEC9I,Haggar Men's Hidden Expandable Waistband Classic Fit Pleated Front Gabardine Dress Pant,Haggar Store,No especificado,No especificado,Men,In Stock,65.0,65.0,65.0,4.5,7431.0,8.913550280493675,0.0,0.0,False,49.0,True,Classic pleated dress pant with cuffed hem and button-through welt pockets at backHidden expandable waistband for customizable fitSlanted hand pockets,HAGGAR Mens Mynx Gabardine Classic Fit Pleated Front Hidden Expandable Waistband Dress Pant,"Customers find that the pants fit well, have a nice look, and feel comfortable to wear. They appreciate the stretchy material and good value for money. However, opinions differ on the fabric quality.",https://www.amazon.com/dp/B001NSEC9I
196,B0CN68233N,Floerns Men's Fold Pleated Tailored Pants Work Office Business Trousers Pants,Floerns Store,No especificado,No especificado,Men,In Stock,42.99,42.99,42.99,3.9,29.0,3.4011973816621555,0.0,0.0,False,614.0,True,"Fabric has slight stretchDetail: Zipper up, button up, pleated detail, slant pocket, tailored pantsLeisure wear, daily life, home wear, school, office, golf, tennis, work, vacation, travelingCare: Machine or hand wash in cold gentle/Line dry/Do not bleachPlease select your size according to the Product Measurement in the third image before ordering(Not body size)",Size Chart(Product Measurements):,,https://www.amazon.com/dp/B0CN68233N
197,B01N28YIF8,Haggar Men's Casual Classic Fit Denim Trouser Pant-Regular and Big & Tall Sizes,Haggar Store,No especificado,No especificado,Men,In Stock,42.5039,42.5039,70.0,4.6,10559.0,9.264828557260252,0.0,0.0,False,101.0,True,"FEATURES: This Premium Stretch Denim Trouser features a hidden expandable waistband in a classic fit, flat front model. Sublte details include offseam front pockets, single welt back pockets and roll hem. We made this denim pant even better with stretch!STYLE: Broken in and comfortable from the start with garment-washed softness, a classic fit and comfortable expandable waistband. This denim trouser allows you to have the comfort of your everyday denim with a business casual look.COMFORT: Featuring a hidden expandable waistband that allows up to 3"" of stretch for the ultimate comfort!MATERIAL: A stretch denim without hindering the garment wash after wash! This pant is made with 63% Cotton, 36% Polyester, 1% Elastane Stretch. Elastane provides stretch with an incredible recovery.EASY CARE: Best of all, this pant is machine washable!",HAGGAR Mens Casual Classic Fit Denim Trouser Pant-Regular and Big & Tall Sizes,"Customers find these pants comfortable and well-fitting, especially for larger men. They appreciate the nice look and color, describing them as similar to dockers. The pants are soft and flexible, making them perfect for casual wear without being too dressy. Many customers consider the pants a good value for money, with a waist extension and crease resistance. However, some dislike the button hole size.",https://www.amazon.com/dp/B01N28YIF8
198,B07HNTS427,"Calvin Klein Men's Modern Fit Dress Pants | Suit Pants for Men | Performance Stretch Fabric, Flat Front, Ready-to-Wear",Calvin Klein Store,Calvin Klein,No especificado,Men,In Stock,47.2221,47.2221,59.99,4.5,5965.0,8.693831965074693,100.0,4.61512051684126,True,14.0,True,"Enhanced Comfort with Performance Fabric: Crafted from high-quality performance fabric with added stretch, these dress pants offer exceptional comfort and flexibility throughout your day.Modern Fit with Tailored Style: Features a modern fit with a gentle taper to the ankle for a sleek, contemporary look that pairs effortlessly with a button-down shirt and blazer.Ready-to-Wear Convenience: Delivered with a finished hem, these pants are ready to wear straight out of the box, saving you time and hassle.Easy Care and Maintenance: Machine washable for effortless care, these pants maintain their shape and quality even after multiple washes.Versatile Color Options: Available in multiple colors to suit any occasion, these versatile dress pants are perfect for both formal events and professional settings.",,"Customers find the pants have a nice fit, style, and comfort. They appreciate the elastic waist and modern look. Many find them good value for money, with soft fabric and no spandex feel. However, some customers are unhappy with the seam quality. There are mixed opinions on the overall quality and stretchiness.",https://www.amazon.com/dp/B07HNTS427
199,B096YQ5KTS,Amazon Essentials Men's Classic-Fit Expandable-Waist Pleated Dress Pant,Amazon Essentials Store,Amazon Essentials,MAE65005SP18,Men,In Stock,26.1622,26.1622,33.5,4.4,7983.0,8.9851948179913,0.0,0.0,False,20.0,True,"CLASSIC FIT: Roomy through hip & thigh with straight leg. Sits at the waist.SUITING FABRIC: Cut from a sleek polyester twill suiting material with a subtle refined sheen for a tailored or business casual look all year round. Offered in conventional or recycled polyester fabric.BUSINESS CASUAL: These pleated front dress pants can be worn with a dress shirt or paired with a blazer. Wear with Amazon Essentials Men's Derbies and leather belts to accessorize.DETAILS: Subtle, expandable waistband detail stretches up to 2 inches in the waist for all-day comfort. Features a waistband curtain for a tailored look, button closure and zip fly, front off-seam pockets, and button-through double-welt back pockets.LEG OPENING: 8 3/4"" on US size 32.","Amazon Essentials is focused on creating affordable, high-quality, and long-lasting everyday clothing you can rely on. Our line of men's must-haves includes polo shirts, chino pants, classic-fit shorts, casual button-downs, and crew-neck tees. Our consistent sizing takes the guesswork out of shopping, and each piece is put to the test to maintain the highest standards in quality and comfort.","Customers find these pants fit well and have a nice look. They are true to size, with a flexible waistband that allows for sitting. The material is soft and durable, holding up nicely after multiple washes. Many customers consider these pants good value for the price, considering them dress slacks. They appreciate the comfortable feel of the material, which is suitable for warm weather use. However, some customers have issues with the pocket depth and have mixed opinions on wrinkle resistance.",https://www.amazon.com/dp/B096YQ5KTS
200,B096YLM4CK,Amazon Essentials mens Straight-fit Stretch Golf Pant,Amazon Essentials Store,Amazon Essentials,AE1905960_S,Sport Specific Clothing,In Stock,25.6712,25.6712,29.3,4.3,2112.0,7.655864017616056,0.0,0.0,False,900.0,True,"STRAIGHT FIT: Fits with slight ease through hip and thigh with straight leg. Sits at the waist.PERFORMANCE FABRIC: Train in confidence with these lightweight golf pants featuring a moisture-wicking, gentle stretch and wrinkle-resistant fabricGOLF STYLING: Designed for optimal performance and all day comfort on or off the course. Shirt-gripping active waistband keeps your shirt neatly tucked in.DETAILS: Features classic front and back pant pocketing with a fifth pocket for tees, markers, or coins.LEG OPENING: 8"" on US size 32.",,"Customers find the pants fit true to size, with enough room for comfort. They are comfortable and look stylish. Many consider them a good value for the price. However, some customers have differing opinions on the material quality, wrinkle resistance, and washability.",https://www.amazon.com/dp/B096YLM4CK
201,B0DNF5CRSK,OYOANGLE Men's Baggy Wide Leg Pants Zipper Fly Pleated Trousers Business Casual Dress Pants with Pocket,OYOANGLE Store,No especificado,No especificado,Men,In Stock,36.99,36.99,36.99,5.0,3.0,1.3862943611198906,0.0,0.0,False,123.0,True,"Fabric: Non-stretch, comfortable, and skin-friendlyFeatures: Pleated detail, zipper fly closure, solid color, wide-leg pants, loose long trousers with pocket​Occasion: Suit for the workplace, office settings, business meetings, social gatherings, or a day out running errandsPair: These pants can be paired with a dress shirt and a blazer for a business casual look, or with a simple t-shirt or collar shirt for a more relaxed outfitPlease refer to size measurement before ordering ( The size chart is product measurement, not body measurement)",Size Chart:(Product Measurement),,https://www.amazon.com/dp/B0DNF5CRSK
202,B06XD4BK82,"Hanes, EcoSmart Fleece Sweats for Men, Open Bottom Sweatpants, 30.5""",Hanes Store,Hanes,O5995,Men,In Stock,9.9845,9.9845,18.0,4.3,57216.0,10.954606336009089,1000.0,6.90875477931522,True,56.0,True,"FLEECE FOR THE FUTURE - EcoSmart mid-weight, year-round cotton/poly fleece with up to 5% of the poly fibers.RELAXED SILHOUETTE - For warming up, cooling down, or kicking back, these sweats have a relaxed fit with a straight leg and an open hem.SOFT, PLUSH, AND MADE TO STAY THAT WAY - Pill-resistant durable fleece stays warm and cozy.HANDY POCKETS - Side-seam pockets hold essentials.EASE AT THE WAIST - An inside drawstring assures the fit you want at the waist.TAG-FREE AND ITCH-FREE - Tagless design means no annoying tag to itch or bunch up.","Have you heard of wearing your heart on your sleeve? Well, now you can wear your values on your legs with Hanes® EcoSmart® fleece sweatpants. These are plush fleece sweats you can feel good about buying and feel good about wearing. Hanes® EcoSmart® fleece is your new go-to wardrobe staple. Soft and plush, these drawstring-waist fleece joggers are made of mid-weight cotton/poly fleece with up to 5% of the poly fibers. The medium-weight fleece in these classic men's sweats is pill-resistant, super-soft, and made to keep its plush feel for a long time. The inside drawstring at the waist makes adjusting the fit a breeze. The relaxed fit is enhanced by straight legs with an open hem, and there are side-seam pockets for your essentials.","Customers appreciate the pants for their comfort, warmth, and value for money. They find the material soft, cozy, and warm. Many consider the pants a nice transitional pair with a good waistband and length. However, some customers have issues with the thickness of the material. There are mixed opinions on the fit, build quality, and pockets.",https://www.amazon.com/dp/B06XD4BK82
203,B0D36NX7KC,Dickies Men's Original 874 Work Pants,Dickies Store,Dickies Men's Sportswear,874,Men,In Stock,29.99,29.99,29.99,4.3,87513.0,11.37955405954707,200.0,5.303304908059076,True,792.0,True,Reinforced seamsHook-and-eye waist closure with zipperSturdy workwear waistbandWelt back pockets with secure button closureSignature wide-tunnel belt loops,"Get more for your money from this comfortable, good-looking utility pant. It's built of sturdy fabric for hard wear and easy care. The flattering flat front looks sharp wherever work takes you--field to the office, back shop to the back yard. Tradesmen swear by the 874's comfort and durability; office guys praise the look, fit, quality, and price. The 874 is comprised of Heavyweight 8.5 oz. twill of easy-care and 65% polyester/35% cotton. The pant comes in a wide choice of fade-resistant colors with a 26"" to 72"" waist sizing variance.","Customers appreciate the pants' durability, appearance, and value for money. They find the pants sturdy and well-made, with a nice look and cool colors. The pants are considered great for work or casual wear, and practical for various occasions. Many customers find them comfortable and washable. However, some dislike the stiffness and have mixed opinions on sizing.",https://www.amazon.com/dp/B0D36NX7KC
204,B08JGBB9N1,BALENNZ Athletic Shorts for Men with Pockets and Elastic Waistband Quick Dry Activewear,BALENNZ Store,No especificado,No especificado,Men,In Stock,29.9932,29.9932,43.99,4.6,25683.0,10.153623508913938,5000.0,8.517393171418904,True,82.0,True,"BOOST PERFORMANCE: We use soft fabric to bring you sports shorts for men that offer just the right balance of softness, breathability, and stretchiness to keep you comfortable throughout your workouts10-INCH INSEAM: Whether you're working out at the gym or running on the track, our men's gym shorts have you covered. They are suitable for all your sports and workout activities including gym, cycling, running, basketball, football, tennis and morePOCKETS ON BOTH SIDES: Thanks to the hand pockets, you can easily carry your wallet, smartphone, and other small accessories when working out or traveling. These mens athletic shorts can be paired up with other clothing to create your own lookBREATHABLE & QUICK DRYING: Our breathable sports shorts for men wick moisture away from the skin while being gentle and quick-drying so you can workout, train and push your limits while staying comfortable and feeling dryGET THE RIGHT FIT: Our men's workout shorts feature an encased elastic waistband which coupled with the inner drawcord makes sure you get the great fit every time. Our shorts stay comfortably in place whether running or training without sliding up or down",,"Customers find these shorts comfortable and well-made. They appreciate the breathable, soft material and good waistband. Many consider them suitable for both workouts and everyday wear. While some find the material thickness satisfactory, others have differing opinions on it. Overall, customers find the shorts to be a good value for the price.",https://www.amazon.com/dp/B08JGBB9N1
205,B0CRHF41F7,5 Pack Athletic Gym Mens Shorts - Workout Black Quick Dry Basketball Shorts with Pockets for Running Casual Activewear,BOOJO Store,No especificado,No especificado,Men,In Stock,27.0515,27.0515,31.89,4.5,2918.0,7.978996370854115,3000.0,8.006700845440367,True,860.0,True,"【Soft & Comfortable & Cost Effective】Men's athletic shorts are made with soft fabric, upgraded in comfort, breathability and stretch, making you feel comfortable during your workout,5 packs offer a more favorable price than 1, 2, 3 and 4 pack.【Fit & LightWeight】 Our men's gym shorts feature an elastic waistband with an inside drawstring. Whether you're running or training, our shorts stay comfortable and don't slide up or down, ensuring you get the perfect fit every time.【LARGE POCKETS & STRONG SEAMS】 Two side pockets are designed to take the hassle out of backpacking for you, you can carry your smartphone, wallet or other essentials when you workout or go out. Upgraded shorts stitching and 10 inch inseam, so you can avoid the embarrassment of torn shorts.【Quick Drying & Breathable】 Men's casual basketball shorts are made of moisture wicking fabric, which can absorb sweat from the skin and dry gently and quickly, so that you can stay comfortable and dry when exercising, home activities and sports.【Multiple Occasions & Customer Service】BOOJO men's athletic shorts you can use as gym shorts, running shorts, basketball shorts or home leisure shorts, all of which can bring you a comfortable experience, if you have any questions about our products, please contact us!",,"Customers find the shorts comfortable and well-fitting. They appreciate the good quality, lightweight fabric that doesn't flimsy, and value for money. The color options and lightweight material are also appreciated. However, some customers have differing opinions on the size and material thickness.",https://www.amazon.com/dp/B0CRHF41F7
206,B085NF55WL,COOFANDY Men's 2 Pack Gym Workout Shorts 7 Inch Quick Dry Athletic Shorts Lightweight Running Shorts with Pockets,COOFANDY Store,COOFANDY,No especificado,Men,In Stock,29.9925,29.9925,39.99,4.2,13674.0,9.523324627290181,700.0,6.55250788703459,True,11.0,True,"Lightweight, 4-way stretch fabric with moisture-wicking and quick-dry technology makes the 7-inch gym shorts comfortable and stress-free during workouts and other activitiesMens workouts shorts design in regular fit, featuring elasticized waist with adjustable drawstring, solid color, 1 back zipper pocket ; 2 side pockets prevent your phone from falling out when you exercise; Open flap design allows more movement for weight training.You can pair this 7 inch athletic shorts with tank tops/t shirts for workout or leisure all day long.Quick dry gym shorts great for all seasons, suitable for workout, gym, athletic, running, jogging, fitness, bodybuilding, basketball, squats, lunges, boxing wear, training, exercise, vacation, fishing, outdoor leisure or trendy casual wear.Machine washable. US sizes. Please check our size chart before ordering",,"Customers find these shorts comfortable and lightweight, making them great for workouts or leisure. They have a nice texture that stays cool even in the heat. Many consider them good value for money. However, some customers dislike the pocket size. There are mixed opinions on the fit and material quality.",https://www.amazon.com/dp/B085NF55WL
207,B07HNWC5LC,Wrangler Authentics Men's Classic Cargo Stretch Short,Wrangler Authentics Store,Wrangler,112316284,Men,In Stock,26.85,26.85,26.85,4.6,50100.0,10.821796246953596,700.0,6.55250788703459,True,131.0,True,"TRADITIONAL CARGO STYLE: Built for versatility and comfort, this classic cargo short takes you from the outdoors to work, to every day with this timeless silhouetteRELAXED FIT. These cargo shorts sit at the natural waist with a relaxed seat and relaxed fit through the thighs. This short is built with a 10-inch inseam and will keep you comfortable all day.QUICK-ACCESS STORAGE. Equipped with (6) pockets for maximum storage capacity. (2) side cargo flap pockets, (2) slash pockets, and (2) back patch pockets, for easy-access storage. Great for storing personal items or gadgetsDURABLE STRETCH MATERIALS. Offered in a variety of stretch fabrications including twill and rip stop, these pants are built to last while maintaining comfort and styleHEAVY-DUTY HARDWARE. Finished with a heavy-duty zipper fly and button closure","The Wrangler Authentics collection delivers laid-back style for the man on the go. Performance-level comfort is built into our classic button-downs and blue jeans for an outfit that feels as good as it looks. Wrangler Authentics jeans are constructed with 5-pocket styling, made from heavyweight 100% cotton denim and feature a comfortable waist with deep front pockets. Available with Advanced Comfort technology that helps your jeans move with you for all day comfort. Pair with your favorite Wrangler Authentics shirt for a night out or casual weekend.","Customers find the shorts comfortable and well-made. They appreciate the true-to-size fit, good quality fabric, and reasonable value for money. The style, pockets, and weight are also praised. However, opinions differ on durability.",https://www.amazon.com/dp/B07HNWC5LC
208,B0BLKKW3M4,JMIERR Mens Casual Shorts - Cotton Drawstring Summer Beach Stretch Twill Chino Golf Shorts,JMIERR Store,No especificado,JM5M731035-P-T02,Men,In Stock,19.992,19.992,24.99,4.3,5269.0,8.569785641535407,600.0,6.398594934535208,True,509.0,True,"Twill elastic and comfortable Breathable material: Our JMIERR Men's Casual Shorts are made of a 94% Cotton + 6% Elastane blend twill fabric, ensuring maximum breathability, softness, and comfort. The highly elastic material provides great flexibility for daily activities, making it perfect for sports or casual wear.Sports design: Our sports design features tapered sports pants made of micro-elastic fabrics, providing optimal comfort during physical activities. The long drawstring waistband allows for adjustable fit, and the front and back pockets with a three-dimensional leather label design enhance the overall style.Reinforced pockets: Our sports casual shorts come with reinforced pockets - 2 on the front and 2 on the back. The reinforced treatment ensures that your phone, keys, or wallet stay securely in place while jogging or running.Our workout shorts are designed for multiple occasions. They come with an adjustable internal drawstring and elastic waistband, providing a slim and fit appearance. These versatile shorts can be worn for golf, hiking, training, gym workouts, running, and other sports activities, as well as for daily life and work. They also make perfect gifts for your loved ones.Package Content: The package includes 1 X Men's Casual Shorts. Please refer to the JMIERR Size Chart for accurate sizing before placing your order. These stylish and high-quality shorts are a must-have addition to any wardrobe, making them perfect for yourself or as a thoughtful gift for your boyfriend, son, husband, or any fashion-conscious individual.",,"Customers find the shorts comfortable and well-fitting. They like the soft, stretchy fabric that feels like basketball shorts but looks like khakis. The color is nice and goes with anything. Many customers consider the shorts a good value for the price. While some appreciate the wearability, fabric weight, and stretchiness, others have differing opinions on the material quality.",https://www.amazon.com/dp/B0BLKKW3M4
209,B08TB5KMQ8,Lee Men's Extreme Motion Carolina Cargo Short,Lee Store,No especificado,No especificado,Men,In Stock,15.0057,15.0057,34.9,4.6,3289.0,8.098642843759418,500.0,6.2166061010848646,True,177.0,True,"REGULAR FIT. When you're on the move, this cargo short will be your go to. Designed with a regular fit and Extreme Motion flex waistband, these shorts are made to keep you comfortable through any activity.EXTREME FLEX WAISTBAND. Constructed with comfort in mind, our innovative flex waistband ensures an unrestricted fit that moves and bends with you.PERFORMANCE FABRIC. Made with our moisture-wicking performance stretch fabric for breathable 360-degree motion, these cargo shorts allow you to move without restriction.A LIFETIME OF QUALITY. For over 100 years, Lee has produced quality apparel with durability and long-lasting construction in mind. Lee is committed to designing clothing that conforms to your body, allowing you to move through life freely.SPECIFICATIONS. (7) Pockets with extra storage. Zipper fly with button closure. 11-inch inseam.",,"Customers find the shorts comfortable and well-made. They appreciate the right length, loose fit in the areas needed most, and soft fabric that feels like 100% cotton. The shorts are suitable for everyday wear and have pockets, stretchability, and good value for money.",https://www.amazon.com/dp/B08TB5KMQ8
210,B0CRRF28SH,3 Pack Gym Basketball Mens Shorts - Quick Dry Black Workout Athletic Shorts with Pockets for Casual Running (S-6XL),BOOJO Store,No especificado,No especificado,Men,In Stock,18.9927,18.9927,25.99,4.5,1315.0,7.182352111885263,2000.0,7.601402334583733,True,9.0,True,"【LIGHTWEIGHT & BREATHABLE】BOOJO athletic shorts are designed with premium polyester for softness, breathability, and stretch. These lightweight shorts offer a comfortable texture, eliminating any irritation. With quick-drying properties, they ensure cool and comfy wear for any activity.【SECURE POCKETS & COST-EFFECTIVE】Our gym shorts offer both affordability and convenience. They feature deep, secure pockets that ensure comfortable wear and unrestricted movement. Safely store essentials like your phone, keys, or wallet, allowing you to focus on your activities【PRACTICAL DRAWSTRING】Our men's workout shorts feature a highly elastic waistband and a practical drawstring for a secure and comfortable fit. Designed for excellent performance during lounging, exercise, or basketball, they stay in place for unparalleled comfort without slipping or sliding.【MAXIMUM FLEXIBILITY & COMFORT】The running shorts, with a 10-inch inseam, provide maximum flexibility and comfort. Designed to minimize friction during various activities, they suit different sports. Whether in intense workouts or casual outings, enjoy the freedom and comfort our shorts offer.【MANY OCCASIONS】The men's shorts are designed to suit a variety of activities, including basketball, lounging, casual wear, walking, sleeping, yoga, training, athletics, jogging, running, tennis, or travel. Available in a range of colors, our shorts deliver unmatched comfort while catering to your diverse style preferences.",,"Customers find these shorts comfortable and well-fitting. They appreciate the soft, breathable material and good value for money. Many of them find them suitable for workouts and basketball games. The shorts are lightweight with pockets. However, opinions differ on the material thickness.",https://www.amazon.com/dp/B0CRRF28SH
211,B0BWNHZCCR,NY Threads Men's Athletic Shorts Quick Dry Loose-Fit Lightweight Running Workout Gym Shorts with Pockets,NY Threads Store,NY Threads,No especificado,Men,In Stock,7.992,7.992,9.99,4.6,1280.0,7.155396301896734,3000.0,8.006700845440367,True,692.0,True,"Size - You have chosen the size ""Large"", Please refer to the 'Size Chart' for detailed measurements.High Quality - Made of the finest polyester, it is stretchable, wrinkle-resistant, moisture-wicking, and breathable, allowing unrestricted movement and ease. Perfect finishing and look that boost confidence.Strength & Comfort - A blend of durability and Lightweight that helps athletes go the extra mile. Perfect for indoor and outdoor sports.Versatile Comfort - Shorts feature 2 Pockets with an incredibly adaptive design to store Essentials and an adjustable Drawstring elastic waistband for a perfect fit.Care Instructions - Advisable to machine-wash with cold water and like colors. Use only non-chlorine bleach when needed. Avoid dry clean.","Elevate your athletic performance and functionality with NY Threads Men's Athletic Shorts. Crafted from premium polyester, these shorts offer superior stretch, moisture-wicking, and breathability for unrestricted movement during workouts. Their durable yet lightweight design suits indoor and outdoor sports. They ensure convenience and a perfect fit, featuring two handy pockets and an adjustable drawstring waistband. Easy-care and machine-washable, these quick-dry shorts maintain quality wash after wash. Elevate your performance and style effortlessly with these versatile workout shorts, ideal for those seeking comfort and peak performance in their active lifestyle.","Customers find these shorts comfortable, well-made, and a good value for the price. They appreciate the soft, stretchy material that dries quickly and allows for movement. The shorts have a nice look and hold up well after a few months of use. Many customers find them lightweight, with deep pockets and breathable material.",https://www.amazon.com/dp/B0BWNHZCCR
212,B096YJ8663,Amazon Essentials Men's Classic-Fit Stretch Golf Short (Available in Big & Tall),Amazon Essentials Store,Amazon Essentials,AE1916102,Sport Specific Clothing,In Stock,26.6,26.6,26.6,4.4,20553.0,9.930810848185018,200.0,5.303304908059076,True,410.0,True,"CLASSIC FIT: Roomy through hip & thigh with straight leg. Sits at the waist.PERFORMANCE FABRIC: Train in confidence with these lightweight golf pants featuring a moisture-wicking, gentle stretch and wrinkle-resistant fabricGOLF STYLING: Designed for optimal performance and all day comfort on or off the course. Shirt gripping active waistband that keeps your shirt neatly tucked in.DETAILS: Features classic front and back pant pocketing with a fifth pocket for tees, markers, or coins.INSEAM: 9"" on US size 32 and 46.","We listen to customer feedback and fine-tune every detail to ensure our clothes are more comfortable, higher quality, and longer lasting—at affordable prices for the whole family.","Customers appreciate the shorts' fit, material quality, and value for money. They find the waist and leg length good, with an option for leg length. The belt loops feel sturdy and the zipper seems solid and reliable. Many customers are impressed with the comfort and feel like high-end shorts. The look is nice, with a sleek and smooth fabric that matches the picture perfectly. Overall, customers find the shorts comfortable and well-made, though opinions differ on the stretchiness.",https://www.amazon.com/dp/B096YJ8663
213,B0CSQGX6CZ,Wrangler Authentics Authentics Men's Flat Front Short,Wrangler Authentics Store,Wrangler Authentics,112353009,Men,In Stock,21.99,21.99,21.99,4.4,438.0,6.0844994130751715,50.0,3.9318256327243257,True,7.0,True,"REGULAR FIT. These shorts for men have a regular fit through the seat and thigh for complete comfort and a streamlined look.EVERDAY STYLE. The perfect combination of comfort and durability, these shorts always have your back. Wear them with your favorite t-shirt, button-down or hoodie to complete the look.STRETCH FABRIC. These men's shorts are crafted from comfortable cotton with just a hint of stretch to keep you comfortable no matter what's on the agenda.ON-THE-GO STORAGE. Slash front pockets and two back pockets hold your wallet, keys and phone when you're on the go.SIGNATURE DETAILS. Equipped with our easily recognizable 'W' stitching on the button-back pocket, this is a style that will never go away. Plus, they come in 2 inseams (7"" & 9"") for versatility.","The Wrangler Authentics collection delivers laid-back style for the man on the go. Performance-level comfort is built into our classic shorts, cargo pants, jeans, jackets, and shirts for a complete outfit that feels as good as it looks. With innovative features like our Advanced Comfort technology, the clothes in this collection move with you for all day comfort. Available in many different styles and colors, it's easy to find clothes to fit your needs, all year round. From a night out on the town to a casual weekend spent with friends, you will feel ready for life, every day, with Wrangler.","Customers find the shorts comfortable and well-fitting. They appreciate the soft fabric and nice length. The shorts have a dressy look suitable for work or casual wear like barbecues. Customers value the shorts for their good value and lightweight design. However, some customers have differing opinions on the fabric quality and pockets.",https://www.amazon.com/dp/B0CSQGX6CZ
214,B00BBW2XZG,Dockers Men's Perfect Classic Fit Shorts (Regular and Big & Tall),DOCKERS Store,Dockers,No especificado,Men,In Stock,23.6416,23.6416,27.99,4.5,45836.0,10.732846904220825,300.0,5.707110264748875,True,2.0,True,"Classic fit - Our classic fit is what we built our brand on, with easy, straight lines10.5"" Inseam; Twill FabricationLarger smart phone pocket; features hidden security pocket with a concealed zipper & coin compartmentZip Fly; welt pockets","Cleverly crafted in a range of timeless and bold tones, the Dockers Perfect Shorts are a gentleman's best friend. These classic-fit shorts are crafted from a lightweight twill woven with added stretch for a comfortable all-day wear, making it practically perfect everyday shorts. D3 Classic fit sits naturally at the waist, is eased through seat and thigh. Flat-front styling with belt loops throughout waist. Side hand pockets and back button-through welt pockets. Embroidered logo above the right rear pocket. Buttoned front and a zip-fly closure. 98% cotton, 2% elastane Machine wash, tumble dry.","Customers appreciate the shorts' fit, material quality, style, comfort, and side pockets. They find the shorts comfortable and stylish, with a high waist and long length. The shorts hold up well to regular wear and washing, and are durable enough to wear out. Many customers appreciate the side pockets for their wallets and phones. Overall, customers are satisfied with the shorts' quality, value, and functionality.",https://www.amazon.com/dp/B00BBW2XZG
215,B07BPPGDWH,Nike Dri-FIT Icon,Brand: Nike,Nike Apparel (Sporting Goods),AJ3914,Men,Low Stock,33.24,33.24,33.24,4.5,11890.0,9.38353709043758,700.0,6.55250788703459,True,19.0,True,"NIKE SHORTS: Men's basketball shorts offer effortless mobility and unstoppable comfort on and off the court. Take training to the next level with sweat management technology.MEN'S ATHLETIC SHORTS: Embroidered Nike Swoosh trademark on the men's shorts' left hem. Can be worn as basketball shorts, running shorts, or gym shorts.DRI-FIT TECHNOLOGY: Nike Dry fabric with Dri-FIT technology moves sweat away from your skin to the surface of the garment where it evaporates quickly to help keep you dry and comfortable. Knit jacquard construction offers excellent breathability.ADJUSTABLE DESIGN: These basketball shorts have an elastic waistband and internal drawstring to create a secure, adjustable fit. Side pockets offer easy access for storage essentials.TRAINING SHORTS: Machine wash, imported, fabric: 100% polyester",The Nike Dri-FIT Icon Men's Basketball Shorts offer effortless mobility and unstoppable comfort on and off the court. The athletic shorts are made from a breathable knit fabric that's powered by Dri-FIT technology to help keep you dry.,"Customers find the shorts comfortable and well-made. They like the design and length, making them one of their favorite shorts to wear in their wardrobe. The lightweight material is also appreciated by customers for its functionality. However, some have mixed opinions on the quality, value for money, and thickness of the material.",https://www.amazon.com/dp/B07BPPGDWH
216,B08D2TC7BT,5 Pack Men's Active Quick Dry Fit Shorts - Athletic Running Gym Workout Casual Shorts with Pockets Bulk,Real Essentials Store,No especificado,No especificado,Men,In Stock,28.4721,28.4721,35.99,4.3,70848.0,11.168306130693178,200.0,5.303304908059076,True,21.0,True,"Comfort & Mobility for Every Activity – These men's athletic shorts are designed with a 9-inch inseam, offering full range of motion and flexibility. Made from stretchy, breathable fabric, they provide comfort during running, weightlifting, or casual activities. Perfect for active individuals looking for versatile shorts for all types of physical activities.Moisture-Wicking Technology – Experience all-day comfort with the moisture-wicking properties of these dry fit shorts. Whether you're hitting the gym or jogging outdoors, these mens shorts athletic help keep sweat away from your body, allowing you to stay dry and comfortable through the most intense workouts. Stay fresh and focused with every move.Unmatched Performance and Adaptability - Crafted from lightweight, quick-drying material, these gym shorts men are made to withstand the toughest workouts. The breathable fabric promotes airflow, ensuring comfort and durability. Ideal for running, training, or any high-energy sport, they offer maximum flexibility to move freely and support your active lifestyle.Timeless Style Meets Everyday Comfort - Timeless Style – These workout and basketball shorts men come in sleek colors like black, white, and navy, offering a stylish and functional design. Their versatile look allows you to wear them both on and off the court, making them suitable for any workout shorts men or mens shorts casual outing. Pair them with your favorite athletic wear for a perfect combination of style and performance.Effortless Care for Long-Lasting Wear – Our men's athletic shorts are easy to care for, machine washable, and retain their shape and color after multiple washes. Made from durable, high-quality materials, they're built to last, keeping you fresh and ready for any activity without the hassle. Real Essentials makes maintaining your gym shorts simple.","Real Essentials Men's Performance Athletic Shorts – Lightweight, Quick-Drying, and Versatile Activewear (5-Pack) The Real Essentials Men's Performance Athletic Shorts (5-Pack) are designed for active lifestyles, offering the perfect mix of comfort, durability, and performance. Made from a high-quality polyester and spandex blend, these lightweight athletic shorts are breathable, quick-drying, and ideal for mens basketball shorts, gym workouts, outdoor activities, and sports. Whether you're running errands, lounging, or at the gym, these athletic shorts for men provide comfort and flexibility. Each pair features two deep side pockets for securely storing your phone, keys, or wallet on the go. The elastic waistband and adjustable drawstring of the athletic mens shorts offer a customizable, secure fit, ensuring the shorts stay in place during any activity. The ideal length allows full mobility for high-intensity workouts, running, or casual wear. Available in versatile colors like black, white, navy blue, and gray, this 5-pack of mens athletic shorts is perfect for mixing and matching with your favorite activewear for men. At Real Essentials, we offer premium activewear that combines style, comfort, and functionality at an affordable price. These performance shorts are a must-have addition to your wardrobe. Key Features: Crafted with a durable blend of polyester and spandex for lightweight, breathable, and quick-drying athletic shorts. Deep side pockets for secure storage of essentials like phones and wallets. Elastic waistband with adjustable drawstring for a custom fit that stays in place. Versatile for gym workouts, sports, casual wear, or lounging. Comes in a 5-pack of shorts with classic color options for easy styling. Machine washable activewear for easy care and durability. Upgrade your activewear collection with the Real Essentials Mens Shorts. Enjoy the perfect blend of style, comfort, and performance for all your active lifestyle needs.","Customers appreciate the comfortable and affordable shorts. They find them to be soft and lightweight, with a decent look and functional design. However, some customers are unhappy with the pocket holes and material thickness. There are mixed opinions on the overall quality and fit.",https://www.amazon.com/dp/B08D2TC7BT
217,B00CAXS2Q4,"Hanes Men's Boxers, Cotton Knit Comfortable Boxer Underwear, Moisture-wicking Cotton Boxers, 5-pack",Hanes Store,Hanes Red Label Underwear - Bottoms,548BX5,Men,In Stock,20.0,20.0,20.0,4.6,38226.0,10.551297351207467,4000.0,8.294299608857235,True,87.0,True,T-SHIRT SOFTNESS - Soft and breathable cotton feels as good as your favorite tee.STAY COOL - Cool Comfort fabric wicks away moisture to keep you cool and dry all day.COMFORT AT THE WAIST - ComfortSoft no-pinch stretch logo waistband moves with you and won't stretch out.NO-WORRY BUTTON FLY - Stays flat and smooth.TAGLESS - No annoying tag to bunch up or itch.STOCK-UP 5-PACK - Pack of basic colors for one-and-done ease.,"Think of everything you love about your softest tee and imagine how that would feel in ultra-comfortable cotton knit boxers. Here they are from Hanes® with comfort in every detail. Soft and breathable, these basic knit boxers are made from Cool Comfort® fabric that wicks moisture away from your skin to keep you cool and dry all day. These cotton boxers enhance comfort further with the ComfortFlex® stretch logo waistband that moves with you and keeps its shape wash after wash without pinching or binding. Another detail of comfort designed into Hanes® T-shirt-soft knit underwear is the tagless styling which means no annoying tag to bunch up or itch. You'll also appreciate the button fly that stays smooth and the convenience of a 5-pack for stock-up ease.","Customers find these underpants comfortable and well-fitting. They appreciate the soft material, good fit, and quality fabric that holds up well over time. Many consider them a great value for the price, with solid colors and a traditional boxer look. The underwear is also appreciated for its functionality and quality. However, opinions differ on the color variety.",https://www.amazon.com/dp/B00CAXS2Q4
218,B08GZL48D9,"Fruit of the Loom Men's Tag Free Woven Boxer Shorts, Relaxed Fit, Moisture Wicking, Assorted Color Multipacks",Fruit of the Loom Store,No especificado,No especificado,Men,In Stock,19.9923,19.9923,25.99,4.6,31816.0,10.36775601712027,9000.0,9.105090961257085,True,118.0,True,"This is an assorted color pack. This pack may contain all solids, all prints or a combination.Legs don't bunch or bindFly front","Fruit of the Loom Men's Men's Tag Free Woven Boxer Shorts, Relaxed Fit, Moisture Wicking, Assorted Color Multipacks","Customers find these boxers to be of good quality and a solid product that holds up well after multiple washes. They fit comfortably, with soft cotton material that feels very comfortable. Many customers consider them a good value for the price and a great stocking stuffer. While most are happy with the color quality and material weight, some feel the material is too thin and falls slightly short of expectations. Opinions vary on the elasticity of the fabric.",https://www.amazon.com/dp/B08GZL48D9
219,B09PYTB8SD,"Men's 5"" Running Shorts 2 Pack Quick Dry Athletic Workout Gym Shorts with Zipper Pockets",Brand: Gaglg,Gaglg,No especificado,Men,In Stock,21.9915,21.9915,25.99,4.3,5309.0,8.577347114235984,800.0,6.68586094706836,True,12.0,True,"A relaxed-fit workout gym shorts made from lightweight for a supple feel and ideal drape.The premium quality polyester fabric is stitched with double lock systems. The quick-dry, breathable fabric helps the ventilation to your skin during the workouts. Running workout shorts are tested to last long and stay in great condition all throughout. Our men's fitness athletic shorts offer a comfortable fit and perforated detail for breathability to keep you dry through intense workouts;Athletic training shorts offer a relaxed fit with a rugged cut-off hem to cater to both style and performance. The dual-concealed zippered pockets hold your small essentials,whilst our premium elastic waistband with invisible drawcord provides a secure fit during high-paced activities.Our bodybuilding workout running shorts have a streamlined design and very unique cuts and details that will be suitable for the fitness sports;The athletic fitness shorts will have a breathable elastic panel between the sides and inner seams,promoting ventilation as well as flexibility.A super lightweight, high-stretch elastic panel - complimented by breathable mesh fabric and low-profile seams - is technically engineered so you can train for flexibility and focus harder than ever before;Gaglg gym workout shorts have been carefully chosen for their fit,their performance, and their durability. If you want gym bodybuilding shorts for men that can keep up with you, pace for pace,our fitness workout collection is easily up to the task.Suitable for Running,Workout,Training,Jogging,Basketball,Boxing Wear,Soccer,cycling,hiking and other training activities;Use the chart below to determine your size based on your measurements.The chart below is based on ranges, so look for the range that best suits you. If you're on the borderline between two sizes, order the smaller size for a tighter fit or the larger size for a looser fit.We are committed to continuously improving our customers' wearing experience.If for any reason, you are unhappy with the gym shorts for men, we are here to provide a solution as per your wish;",,"Customers appreciate the fit, comfort, and quality of these shorts. They find the waistband comfortable and the length perfect. Many consider them a good value for the price, especially considering how cheap they are. The shorts have a smooth and breathable feel that allows airflow. Some customers like the appearance and lightweight design. However, opinions vary on the material and zipper quality.",https://www.amazon.com/dp/B09PYTB8SD
220,B01AK7Z1ZG,"Champion Men's Sport Shorts, Moisture Wicking, Athletic Shorts, Gym Shorts (Reg. Or Big & Tall)",Champion Store,Champion Men's Athletic,No especificado,Sport Specific Clothing,In Stock,18.7425,18.7425,25.0,4.6,16581.0,9.716073048676163,1000.0,6.90875477931522,True,9.0,True,"THE FIT - Standard-fit sport shorts for men with a 10"" inseam that hits at the knee.THE FEEL - Lightweight, 4.4 oz. fabrication delivers incredible comfort.THE LOOK - An elastic drawcord waistband provides a custom fit, while side vents make for easy moves on and off the court.DON'T SWEAT THE SWEAT - These men's shorts have Double Dry technology that wicks moisture away from the skin.POCKETS - Side pockets keep essentials close by.SPOT THE C - Iconic C logo patch at the hem is recognizable on and off the field.","THE LENGTH YOU WANT. For a pickup game, a workout at the gym, or a morning run, these sport shorts for men are a perfect fit. They're made with DOUBLE DRY™ technology that wicks sweat away from skin and dries in a flash to keep you cool and comfortable. Designed for maximum mobility, these men's shorts have an elasticized waistband with an inner drawcord that you can adjust to your best fit. Plus, side vents make for easy moves on and off the court. These performance training shorts are thoughtfully designed with convenient side-seam pockets to hold your phone, keys, and other essentials. You'll appreciate the knee-length 10"" inseam adding coverage and comfort. The finishing touch on this effortless design is the iconic Champion C Logo at the left leg.","Customers find the shorts fit true to size with a loose, comfortable fit. They appreciate the soft, lightweight material that doesn't feel constricting against the skin. The shorts are great for workouts and summer activities like pickleball. Many customers consider them a good value for the price. However, opinions differ on whether the pockets are useful or not.",https://www.amazon.com/dp/B01AK7Z1ZG
221,B07NDP7ZTX,Real Essentials 5 Pack: Men's Mesh Athletic Basketball Shorts Quick Dry Activewear with Pockets,Real Essentials Store,Real Essentials,No especificado,Men,In Stock,33.99,33.99,33.99,4.3,64551.0,11.075226379528342,400.0,5.993961427306569,True,34.0,True,"Designed for Comfort and Performance: Our Men's Mesh Athletic Shorts are made with a breathable and moisture-wicking fabric that keeps you cool and dry during any activity. With an adjustable drawstring waist and a comfortable fit, these shorts are perfect for any workout or athletic event, like a basketball game or running.Enjoy Versatility and Convenience: With our 5-pack of Men's Mesh Shorts, you can enjoy the benefits of having multiple pairs of high-quality shorts at an affordable price. These shorts are perfect for any activity, from basketball and soccer to running and fitness. Plus, with pockets included, you can carry your essentials with you wherever you go.Features You'll Love: Our Men's Mesh Shorts feature a quick-dry fabric that ensures you stay dry and comfortable all day long. These shorts also have a stretchy and loose 9-inch inseam design that provides maximum range of motion and flexibility. Plus, the variety of colors allows you to mix and match with any shirt or athletic gear.A Great Gift Idea: Looking for the perfect gift for the sporty man in your life? Our 5-pack of Men's Mesh Shorts is an excellent choice. With a variety of colors and sizes to choose from, these shorts make a practical and stylish gift for any occasion.Real Essentials' Commitment to the Family: At Real Essentials, we believe in providing high-quality clothing options for hard-working families at an affordable price. Our 5-pack of Men's Mesh Shorts takes your dollar further, giving you multiple options for any activity. Whether you're hitting the gym or just lounging around, our Men's Mesh Shorts are the perfect addition to your activewear collection.",,"Customers find the shorts comfortable and easy to move in. They appreciate the nice material and length. Many like the look. However, some dislike the pocket size. There are mixed opinions on the quality, size, and thickness of the material.",https://www.amazon.com/dp/B07NDP7ZTX
222,B08LT8LY5N,"Ultra Performance Mens 5 Pack Athletic Running Shorts, Basketball Gym Workout Shorts for Men with Zippered Pockets",Ultra Performance Store,Ultra Performance,No especificado,Men,In Stock,32.996,32.996,34.99,4.1,7132.0,8.872487182278038,200.0,5.303304908059076,True,55.0,True,"The Right Pair Of Men's Workout Shorts Won't Just Improve Your Performance At The Gym They Could Actually Motivate You To Break A Sweat. We Provide The Highest Quality Mens Workout Shorts.Our workout shorts for men come in 5 styles; Dry Fit Mens sport shorts with Rubber Zip PKTS in Inseam, Solid Marled Dry Fit Running Shorts with Rubber Zip PKTS in Inseam, Marled Dry Fit Athletic Shorts with Rubber Zip PKTS in Inseam, Dry Fit Men's Shorts with Printed Side Panel & Rubber Zipper Pocket , Printed Marble Dry Fit Black Solid Work Out Shorts with Rubber Zippered Pockets & Dry Fit ASST Black Pack with Rubber Zipper PocketOur Mens Running Shorts With Pockets Come In The Following Sizes : Small, Medium, Large, X-Large & 2X Sizes.Active Athletic Performance Mens Gym Shorts With Pockets - 5 Pack Are Constructed With Moisture Wicking Technology.These Athletic shorts for men are great for workouts, basketball shorts for men, football, volleyball, tennis, baseball, soccer, exercise training, cycling, running, hiking, jogging, boxing, etc",,"Customers find the shorts comfortable and breathable. They find them good value for money and great quality shorts for the price. The material thickness is also appreciated. However, some customers have issues with the zippers, pockets, and seams. There are mixed opinions on the overall quality and fit.",https://www.amazon.com/dp/B08LT8LY5N
223,B0728KK8VK,"Amazon Essentials Men's Performance Tech Loose-Fit Shorts (Available in Big & Tall), Pack of 2",Amazon Essentials Store,AMAZON ESSENTIALS,13215,Men,In Stock,19.0,19.0,19.0,4.6,71445.0,11.176697198585856,1000.0,6.90875477931522,True,305.0,True,"RELAXED FIT: Our most generous shorts fit, relaxed through the hip, thigh, and leg. Sits below the waist.PERFORMANCE TECH FABRIC: An ultra-lightweight and breathable fabric, with a soft finish. Made with quick dry and moisture-wicking finishes, helping you stay comfortable and cool while you workout. This honeycomb texture knit fabric has a 4 way gentle stretch for full flexibility during wear.BASKETBALL SHORTS: Mix and match your wardrobe with these effortless shorts, perfect for the studio or everyday comfort. These shorts are designed to sit just above the knee. Whether you're heading out for a jog, a quick game of basketball or running errands with the kids, our apparel is made to work out, live in, and lounge.DETAILS: Featuring an adjustable elasticated waistband with drawcord , for additional security during workouts.INSEAM LENGTH: 8"" on US size M","We listen to customer feedback and fine-tune every detail to ensure our clothes are more comfortable, higher quality, and longer lasting—at affordable prices for the whole family.","Customers find the shorts have a good fit, with the length being perfect. They are comfortable and stretchy, with a triple row of elastic at the waist for comfort. The shorts provide good value for money, with good quality and construction for the price. Many customers find them excellent for going to the gym, working out with weights, mountain biking, running, and lounging around the house. While some customers are happy with the product quality, lightweight, and look, others have mixed opinions on the material quality.",https://www.amazon.com/dp/B0728KK8VK
224,B0CQ1MZ1FP,adidas Men's Adi Advantage Golf Shorts,adidas Store,No especificado,No especificado,Men,In Stock,26.2856,26.2856,60.0,4.5,76.0,4.343805421853684,400.0,5.993961427306569,True,30.0,True,"Men's golf shorts for classic style and all-day comfortREGULAR FIT: Strikes a comfortable balance between loose and snugEASY STORAGE: Front and back pockets hold small itemsMADE WITH RECYCLED MATERIALS: Made with 100% recycled materials, this product represents just one of our solutions to help end plastic waste","Enjoy warm days on the links in classic style. These men's adidas golf shorts have a timeless look in lightweight polyester twill fabric. Front and back pockets hold extra balls and tees, and loops let you add your favorite belt.",Customers find the shorts comfortable and suitable for summer activities like golf. They appreciate the good fit and appearance of the shorts.,https://www.amazon.com/dp/B0CQ1MZ1FP
225,B01JQTRMEC,Amazon Essentials Men's Classic-Fit Cargo Short (Available in Big & Tall),Amazon Essentials Store,Amazon Essentials,F16AE60004,Men,In Stock,13.2517,13.2517,15.88,4.4,47348.0,10.765300979067026,100.0,4.61512051684126,True,448.0,True,"Roomy through hip & thigh with straight leg. Sits at the waistSoft, lightweight, and breathable twill cotton10-inch inseamSits naturally at waistAn Amazon brand","We listen to customer feedback and fine-tune every detail to ensure our clothes are more comfortable, higher quality, and longer lasting—at affordable prices for the whole family.","Customers find the shorts have a good fit, quality, and value for money. They appreciate the length, soft material, and no issues with seams falling apart after washing. Many find the shorts comfortable to wear, not too loose or too tight. The look is considered dressier and goes well with any outfit. However, some dislike the buttons and have mixed opinions on the pockets.",https://www.amazon.com/dp/B01JQTRMEC
226,B09LSJKWMV,Lee Men's Extreme Motion Crossroad Cargo Short,Lee Store,No especificado,No especificado,Men,In Stock,19.9943,19.9943,34.9,4.6,13419.0,9.504501410525673,200.0,5.303304908059076,True,601.0,True,"Relaxed fit; hits at the kneeFeaturing 7 pockets including side cargo pockets and cell phone pocketComfort stretch fabricExtreme comfort waistband, an athletic flex waistbandInseam: 10.50 inches","Just like our founder, H.D. Lee, our passion is helping can-do people do more. We are committed to designing clothing that conforms to your body, allowing you to move through life freely. We help you chase the things that bring you joy and laughter. The things that make you fearless and hopefully because your passion is what makes you unique. And what moves you, moves us. Move your Lee.","Customers find the shorts comfortable and well-made. They appreciate the roomy fit, soft material, and relaxed waist and crotch. The shorts are durable and suitable for sports. Customers like the pockets for carrying essentials, including secure back pockets and cell phone pockets. They also appreciate the quality, stretchiness, and lightweight material of the shorts.",https://www.amazon.com/dp/B09LSJKWMV
227,B0BFDRQLNC,"NORTHYARD Men's Athletic Running Shorts Quick Dry Workout Shorts 7""/ 5""/ 9"" Lightweight Sports Gym Basketball Shorts Hiking",NORTHYARD Store,No especificado,No especificado,Men,In Stock,22.0915,22.0915,25.99,4.5,12885.0,9.463896729698588,800.0,6.68586094706836,True,149.0,True,"Lightweight & Breathability: Men's athletic hiking Shorts are made quality 4-Way Stretch/breathable and quick-drying fabric helps to wick away moisture and dry quickly keep you cool A synthetic of polyester and spandex can be very durable, abrasion-resistant, and stretchy enough to allow for better mobilityUNIQUE: Exercise cool Shorts have stylish casual breathable holes on both sides, designed exclusively by NORTHYARD Soft Elastic waistband/ built-in adjustable drawstring for custom fit, flatlock seams reduce chafe for additional comfort and ease of movementTwo stylish reflective strips at the front and back allow you to improve safety in low-light situations3 Zipper Pockets: Men's athleisure unlined Shorts feature conveniently placed and easily accessible pockets so that you can quickly store and retrieve your items The 2 side and 1 back pockets with zipper offer easy storage for your essentials and are also deep enough to prevent the items from falling out during activitiesSunprotection & Cool: UPF 50+ Fabric let you move comfortably and provide great UV protection(No belt loops)-pocket cloth made of mesh fabric, very refreshing and breathable for your all-day comfortPerfect cooling shorts: NORTHYARD Men's thin active shorts are suitable for various occasions such as Tennis, Beach play, Soccer, Vacation Travel, Fitnes, jogging, holiday, Walking, festival, Football Sports or four seasons all day wear",,"Customers find these shorts comfortable and well-fitting. They appreciate the drawstring length and find them ideal for workouts and casual outings. The material feels good and is durable, though some find it thin. Customers like the secure zippered pockets that make carrying essentials easy. They also like the style, lightweight fabric, and value for money.",https://www.amazon.com/dp/B0BFDRQLNC
228,B00XKYM2AE,Wrangler Authentics Men's Premium Twill Cargo Short,Wrangler Authentics Store,Wrangler Authentics Men's Sportswear,No especificado,Men,In Stock,27.87,27.87,27.87,4.5,66559.0,11.10585907549509,200.0,5.303304908059076,True,6.0,True,"RELAXED FIT. These cargo shorts sit at the natural waist with a relaxed seat and thigh. This short is made with a 11-inch inseam and will keep you comfortable all day.QUICK-ACCESS STORAGE. Equipped with (4) cargo flap pockets, (2) back flap pockets, and (2) slash pockets for easy-access storage. Great for safely storing your cell-phone, tools, wallet, and other items in an enclosed pocket.DURABLE MATERIALS. Made from long-lasting 100% cotton twill, these shorts are built to last while maintaining breathability and comfort.CLASSIC CARGO STYLE. This classic cargo short is sure to be comfortable and functional for your everyday wear. From the outdoors or work, this short is built for versatility and comfort with a timeless silhouette and extra storage.HEAVY-DUTY HARDWARE. Finished with a heavy-duty zipper fly and button closure.","Wrangler Authentics Men's Premium Relaxed Fit Twill Cargo Short. This classic cargo short is constructed with durable materials built for long-lasting comfort and breathability. Made with a relaxed fit thigh, this comfortable cargo short sits at the natural waist and features a relaxed seat and thigh. FEATURES Durable Materials. 100% cotton twill. Relaxed Fit. Relaxed seat and thigh and sits at the natural waistline. (8) Pockets. (4) cargo pockets, (2) slant pockets, and (2) back flap pockets. Comfortable Classic. Traditional cut with a relaxed leg. Secure Closure. Heavy-duty zipper fly with button closure.","Customers appreciate the shorts' fit, comfort, and quality. They find the shorts sized as expected, with a great length. Many are satisfied with the look, functionality, and value for money. However, some have mixed opinions on the material quality and pockets.",https://www.amazon.com/dp/B00XKYM2AE
229,B08FBLCCWT,"Fruit of the Loom Men's Tag Free Knit Boxer Shorts, Relaxed Fit, Moisture Wicking, Assorted Color Multipacks",Fruit of the Loom Store,Fruit of the Loom,No especificado,Men,In Stock,16.9035,16.9035,25.99,4.6,19323.0,9.869103125674297,2000.0,7.601402334583733,True,394.0,True,"This is an assorted color pack. This pack may contain all solids, all prints or a combination.Soft knit fabricSoft, fabric covered tag free waistbandButton-flyWicks moisture","Fruit of the Loom Men's Men's Tag Free Knit Boxer Shorts, Relaxed Fit, Moisture Wicking, Assorted Color Multipacks","Customers find the underpants comfortable and soft. They appreciate the good fit, especially for larger men. Many consider them a good value, with nice colors and cotton fabric. However, some customers have differing opinions on the material quality and thickness.",https://www.amazon.com/dp/B08FBLCCWT
230,B094JKXP76,TELALEO 6 or 5 Pack Compression Shorts for Men Spandex Sport Shorts Athletic Workout Running Performance Baselayer Underwear,TELALEO Store,TELALEO,No especificado,Men,In Stock,27.99,27.99,27.99,4.6,8611.0,9.060911858484253,1000.0,6.90875477931522,True,2.0,True,"Compression support: Our compression shorts use Ergonomic design and 4-way stretch fabric, provide the best support for your hips and thighs muscles, increase muscle power and accelerate muscle recovery.Breathable & Quick-dry: These compression underwear for men are made of spandex fabric, releases heat and wicks sweat quickly, keeps you dry and odor-free even after long time wear.Flatlock Stitching: The sports compression shorts use flatlock Stitching, increase durability and prevent chafing during exercises, bring extremely comfort for any sports.Elastic Waistband: Men's running compression shorts using wide waistband design, fit close with your waist, provides comfort and anti-slippery, allowing you to move without limits.Designed for All Sports: Men's tights shorts provide UPF 50+ sun protection, perfect for all weather sports, such as: workout, running, basketball, fitness, cycling, baseball, tennis, weight training, surfing, squat, football, etc.",,"Customers appreciate the underpants for their comfort, fit, and quality. They find the soft, breathable fabric comfortable and supportive. The length is perfect with a 9-inch inseam and no roll-up at the waist. Many customers consider the underpants great value for money. They are effective for workouts, holding things in place, and wearability. However, opinions differ on the compression level.",https://www.amazon.com/dp/B094JKXP76
231,B016Y8268U,Lee Men's Extreme Motion Flat Front Short,Lee Store,No especificado,No especificado,Men,In Stock,34.99,34.99,34.99,4.6,10747.0,9.282474969735382,300.0,5.707110264748875,True,11.0,True,"STRAIGHT FIT. With a straight fit from the seat through the thigh, these khaki shorts feature a flex waistband for comfort in movement. This short hits at the knee and provides a tailored yet casual look that keeps you comfortable all day long.CLASSIC STYLING. A timeless classic with performance features, these straight fit khaki shorts are perfect for everyday wear. From a casual lunch to a day in the park, these shorts will add effortless style and all-day comfort to any outfit.LIVE IN COMFORT. The Extreme Comfort Shorts offer work-to-play versatility. Athletic details like mesh pockets, a flex waistband and Active Comfort Fabric are combined with a classic khaki look for maximum comfort and style.A LIFETIME OF QUALITY. For over 100 years, Lee has produced quality apparel with durability and long-lasting construction in mind. Lee is committed to designing clothing that conforms to your body, allowing you to move through life freely.SPECIFICATIONS. (2) Front slant pockets, (2) back welt pockets, zipper fly with button closure, 10"" inseam. Fabric varies by color.","Just like our founder, H.D. Lee, our passion is helping can-do people do more. We are committed to designing clothing that conforms to your body, allowing you to move through life freely. We help you chase the things that bring you joy and laughter. The things that make you fearless and hopefully because your passion is what makes you unique. And what moves you, moves us. Move your Lee.","Customers appreciate the comfortable and stretchy shorts. They find the material soft and durable, with a nice look and stretchy waistband. Many of them find them stylish and easy to wear. The shorts are described as casual yet stylish, making them a great value for money. However, some customers have mixed opinions on the color accuracy.",https://www.amazon.com/dp/B016Y8268U
232,B082TJ32DM,Volcom Men's Vmonty Stretch 22,Volcom Store,Volcom,No especificado,Men,In Stock,24.0052,24.0052,50.0,4.6,13458.0,9.507403306233716,300.0,5.707110264748875,True,3.0,True,Zip Fly with Button Closure22inch OutseamAsymmetrical Back YokeStretch Knit ConstructionVolcom Logo on Leg,"Feel the freedom of the road with the Volcom Vmonty Stretch Chino Short. This short includes front Volcom logo button, two side pockets, and two back welt pockets. Volcom embroidery on the leg, signature asymmetrical back yoke and zipper fly closure. 22 Inch Outseam.","Customers find the shorts comfortable and well-made. They appreciate the good fit, length, and material quality. The shorts are described as soft and durable, perfect for golf. Many customers are satisfied with the value for money. However, opinions differ on the stretchiness and color quality.",https://www.amazon.com/dp/B082TJ32DM
233,B08JTQP6VY,Men's Athletic Shorts with Pockets and Elastic Waistband Quick Dry Activewear Workout Shorts for Men,Profectors Store,No especificado,No especificado,Men,In Stock,25.684,25.684,42.99,4.5,5525.0,8.617219505483362,500.0,6.2166061010848646,True,67.0,True,"【SOFT & BREATHABLE】: The men's loose-fit shorts are made with soft, breathable, lightweight fabrics that strike a balance of comfort and stretch for ultimate comfort【QUICK DRYING & MOISTURE WICKING】: The men's basketball shorts are made of moisture-wicking fabric that wicks moisture away from the skin while quick-drying make sure you stay cool and dry throughout the day【ELASTIC WAISTBAND & INTERNAL DRAWCORD】: Thanks to the elastic waistband coupled with adjustable internal drawstring, our men's athletic shorts stay comfortably in place whether running or training without sliding up or down【DEEP POCKETS ON BOTH SIDES】: Our workout shorts are designed with pockets on both sides that provide the perfect fit for your wallet, smartphones, keys and more all your small eseentials【10-INCH INSEAM】: Whether you're going for a run or working out at the gym, our mens fitness shorts have you covered. They are suitable for all your sports and workout activities including gym, cycling, running, basketball, football, tennis, weightlifting and more",,"Customers appreciate the good fit, comfort, and quality of these shorts. They find them lightweight, easy to wear, and breathable. The material is soft and durable, holding up well over time. Many customers consider these shorts a good value for the price. They also like the pockets, color options, and the elastic waistband that keeps them up. Overall, these are considered classic shorts that are suitable for sports activities and everyday wear.",https://www.amazon.com/dp/B08JTQP6VY
234,B0151E6WTW,"Hanes Men's Athletic Shorts, Favorite Cotton Jersey Shorts, Pull-On Knit Shorts with Pockets, Knit Gym Shorts, 7.5"" Inseam",Hanes Store,Hanes Men's Athletic Child Code,O8790,Men,In Stock,9.9038,9.9038,16.0,4.4,49561.0,10.810979690053934,600.0,6.398594934535208,True,763.0,True,"COMFORTING COTTON - Pure cotton jersey that's as soft as your favorite tee shirt.EASE AT THE WAIST - An elasticized pull-on waist with an interior drawstring is all about comfort.HANDY SIDE POCKETS - Who could live without pockets for your essentials?VERSATILE LENGTH - Mid-thigh length with a 7.5"" inseam, perfect for working out or hanging out.THE COLORS YOU WANT - Available in a range of the neutral colors guys want.QUALITY FABRIC - Hanes jersey shorts with pockets are made of 100% cotton (light steel: 90% cotton/10% polyester; charcoal heather, camo green heather: 50% cotton/50% polyester).","It's no wonder these cotton jersey shorts from Hanes® for men are bestsellers. These ultra-versatile knit shorts are just the thing to slip into after work, to wear to the gym, to relax in on movie night, or even to wear to bed. Simply styled, they pull right on, with an elasticized waist and adjustable interior drawstring. Handy side pockets hold keys and other essentials. These pull-on lounge shorts are a mid-thigh length with a 7.5"" inseam. We suggest having several pairs of these comfortable cotton jersey shorts on hand. You'll wear them again and again.","Customers find the shorts comfortable with soft, breathable cotton jersey fabric. They fit well with a tight waistband that keeps them from falling down. The length is perfect for most customers. Many consider the shorts good value for the price, and they like the design as gym shorts or roomwear. While some are satisfied with the lightweight material and product quality, others have differing opinions on the quality and pockets.",https://www.amazon.com/dp/B0151E6WTW
235,B0BQQYDHLG,JMIERR Mens Casual Twill Cargo Shorts Cotton Drawstring Classic Cargo Stretch Short with 6 Pockets,JMIERR Store,No especificado,No especificado,Men,In Stock,20.993,20.993,29.99,4.3,3987.0,8.291045131081729,500.0,6.2166061010848646,True,5.0,True,"【Classic Cargo Design】JMIERR Classic Cargo Shorts for Outdoor or Work Use with Versatility and Comfort, Roomy hips and Thighs, Straight Legs, a Timeless Silhouette and Extra Storage.【Multiple Pockets】6 Pockets for Your Storage Needs. 2 Side Cargo Flap Pockets, 2 Slash Pockets, and 2 Rear Cargo Pockets. Great for storing personal items or gadgets.【Comfortable Material】JMIERR Cargo Shorts are Made of 95% Cotton + 5% Elastane for More Breathability and Softness. The Cycling Twill Casual Stretch Shorts are Made of High Stretch Material to Provide Great Flexibility and Movement Comfort in Daily Life.【Applicable Occasions】Designed with an adjustable drawstring, these cargo shorts have a slimming effect, suitable for golf, training, gym, running, basketball, daily wear, and work. A perfect gift for your boyfriend, son, husband, or yourself.【Package Content】1 X Men's Casual Shorts. Please Refer to the JMIERR Size Chart before Ordering, Not Amazon Size Chart.",JMIERR Men Chino Cargo Shorts Cycling Hiking Outdoor Recreation Shorts Twill Fitness Track Jogging Shorts Casual Cotton Shorts,"Customers find the shorts comfortable and great for larger sizes. They appreciate the right length, width, and sizing. The lightweight fabric breathes well and is great for wearing out and about. Many customers find the shorts look nice and are casual shirts. While most are satisfied with the value for money, product quality, and stretchiness, some have differing opinions on quality and color accuracy.",https://www.amazon.com/dp/B0BQQYDHLG
236,B07PPXVTXJ,Under Armour Men's Tech Golf Shorts,Under Armour Store,Under Armour Apparel,1272355,Men,In Stock,39.9633,39.9633,60.0,4.6,5297.0,8.575084669832014,100.0,4.61512051684126,True,45.0,True,"Smooth, stretchy woven fabric is light but durable4-way stretch construction moves better in every directionMaterial wicks sweat & dries really fastFlat-front, 4-pocket designInseam: 10""","Smooth, stretchy woven fabric is light but feels substantial. 4-way stretch fabrication allows greater mobility in any direction. Material wicks sweat & dries really fast. Flat-front, 4-pocket design. Inseam: 11"".","Customers find the shorts comfortable and versatile. They appreciate the nice look, lightweight material, and value for money. However, some customers are dissatisfied with the pocket closure and have mixed opinions on the material quality.",https://www.amazon.com/dp/B07PPXVTXJ
237,B09WCWZPLD,Under Armour Men's Tech Graphic Shorts,Under Armour Store,Under Armour,1306443/1274466,Men,In Stock,25.1616,25.1616,30.0,4.7,69005.0,11.141948736320636,300.0,5.707110264748875,True,10.0,True,"UA Tech fabric is quick-drying, ultra-soft & has a more natural feelMaterial wicks sweat & dries really fastEncased elastic waistband with internal drawcordMesh hand pocketsInseam: 10""""No liner","UA Tech™ is our original go-to training gear: These Under Armour men's printed training shorts are loose, light, and keep you cool. Basically, they're everything you need. UA Tech™ fabric is quick-drying, ultra-soft & has a more natural feel. Material wicks sweat & dries really fast. Encased elastic waistband with internal drawcord. Mesh hand pockets. Inseam: 10"""". No liner. Loose: Fuller cut for complete comfort. 100% Polyester.","Customers appreciate the shorts for their comfortable fit, soft, stretchy material, and good quality. They find the shorts long enough to cover nuggets and provide sun protection. The shorts feel like silk on the skin and allow free movement. Many customers consider them their favorite shorts for working out. The lightweight material holds up well in the wash and allows for free movement. Customers also like the value for money and look of the shorts.",https://www.amazon.com/dp/B09WCWZPLD
238,B0BLRWCWCB,CRZ YOGA Men's Linerless Workout Shorts - 5'' Lightweight Quick Dry for Running Sports Athletic Gym with Pockets,CRZ YOGA Store,No especificado,NS001U5,Men,In Stock,28.0,28.0,28.0,4.7,911.0,6.815639990074331,500.0,6.2166061010848646,True,6.0,True,"Designed for workout or runningSoft and ultralight like feather, quick-drying, soft to touch and highly durable5'' Inseam. LinerlessTwo side pockets and a right zipper pocketElastic waistband with drawstring",,"Customers find the shorts fit true to size, with a perfect length and great colors. They appreciate the quality material that holds up well after washing. The shorts feel comfortable and look good, with vibrant colors and no fraying or discoloration. Many customers consider the shorts a good value for the price. They also like the pocket size, short quality, and lightweight design.",https://www.amazon.com/dp/B0BLRWCWCB
239,B0DMRJYXLP,7 Pack Mens Athletic Shorts - Gym Basketball Running Workout Quick Dry Black Shorts with Pockets for Casual Performance,BOOJO Store,No especificado,No especificado,Men,In Stock,33.9915,33.9915,39.99,4.6,67.0,4.219507705176107,400.0,5.993961427306569,True,104.0,True,"Comfortable & Cost-effective: Mens shorts are fabricated with soft materials, offering extreme comfort, excellent breathability, and abundant elasticity.Perfect for everyday wear or intense workouts.The combination of 7 sets is more economical compared to 1,2, 3, and 5 sets.Fit & LightWeight: Our shorts for men feature an elastic belt design, inclusive of a drawstring. It enables the adjustment of the waist tightness based on personal preferences. Whether during sports or leisure time, it will not shift up and down, providing a very relaxed experience.Deep pockets design: The mens basketball shorts have two functional pockets, which are convenient for storing small items such as phones and keys. You don't need an extra backpack when going out. And the pocket lines have been upgraded, so they won't easily break even after multiple uses.Multi-color selection: 7 pack of mens gym workout casual shorts, with a variety of colors, such as black, dark gray, navy, light gray, army green, etc., enjoy a variety of colors at one time, whether it is with casual short sleeves or shirts, you can find the right color.Scene Application: Athletic shorts men, suitable for different scenarios, can let you sweat in the gym, busy in the office, running outside, and enjoy leisure time at home or outdoors. They can be the ideal choice, bringing comfort, breathability and convenience to life.",,"Customers appreciate the shorts' fit and quality. They find the right size and length, and the material is good.",https://www.amazon.com/dp/B0DMRJYXLP
240,B088GTRQY8,Volcom Men's Vmonty Chino Shorts,Volcom Store,Volcom,No especificado,Men,In Stock,29.9933,29.9933,45.0,4.6,1892.0,7.545918151209323,300.0,5.707110264748875,True,4.0,True,"22"" outseamRelaxed Fit Chino ShortDouble asymmetric back yokesBack leg Stone embroideryBranded front shank button",The VMonty Chino shorts come in a solid knee length making them a wardrobe essential.,"Customers find the shorts comfortable and relaxing. They appreciate the good quality, durable material, and great value for money. However, some customers have issues with stretchiness and differing opinions on how well the shorts fit.",https://www.amazon.com/dp/B088GTRQY8
241,B09M6RJCRV,ELETOP Men's Swim Trunks Quick Dry Bathing Suit Swimming Board Shorts Mesh Lining Beach Swimwear,ELETOP Store,No especificado,26b95d51-f46c-447b-bf37-a0fe116e3ac9,Men,In Stock,19.99,19.99,19.99,4.7,1715.0,7.447751280047908,2000.0,7.601402334583733,True,723.0,True,"Superior Fabric -- The 9"" long swimming trunks are made of polyester and elastane, soft, lightweight and breathable. The features of sweat-absorbing and quick-dry keep you dry and comfortable.Mesh Liner and Pockets -- The Board Shorts with mesh liner have 2 slanted hand pockets and 1 back pocket with velcro and drain hole, effective storage wallet, key or other small items.Elastic Waistband -- Our swim shorts are featured with elastic waistband and drawstring, freely adjustment the tightness to fixed of your waist. They will keep you comfort all day.Unique Print -- High-end printing technology, unique and fashion tropical elements. These Beach Shorts are a great gift for your boyfriends, husband or father.Occasions -- Not only as swimming trunks, our holiday board shorts can also be used for many kinds of indoor/outdoor sports, including surfing, beach volleyball, drifting, water park sliding, hot spring in holiday, casual home clothes, etc.",,"Customers find the swimwear to have a good fit, nice colors, and comfortable material. They find the length long and the waistline right. The material is stretchy and durable, with no fading after washing. Customers also appreciate the value for money, quick drying time, and lightweight design.",https://www.amazon.com/dp/B09M6RJCRV
242,B000J9YQOS,"Champion Men's Shorts, Men's Mesh Gym Shorts, Lightweight Athletic Shorts (Reg. Or Big & Tall)",Champion Store,Champion,81622,Sport Specific Clothing,Low Stock,14.2952,14.2952,30.0,4.5,41907.0,10.643232018472856,600.0,6.398594934535208,True,7.0,True,"THE FIT - Classic mesh men's shorts with a standard fit and 9"" inseam. Elastic waistband with drawcords adjust for the perfect fit.THE FEEL - Comfortable and light mesh material with tricot liner makes up these shorts for men.THE LOOK - Mesh shorts with classic side slits for mobility.POCKETS - Gym shorts with side pockets keep essentials close.EASY CARE - Machine wash cold with like colors for easy care that reduces energy use.Note: C logo patch color may vary from image.","For the light, airy comfort you crave for sports, training, or relaxing, look to Champion®'s long mesh basketball shorts from the company that invented the mesh athletic short. The silhouette is classic, with airy mesh and a smooth tricot lining that feels amazing against your skin. Designed for comfort and convenience, these light, breathable mesh gym shorts have an elasticized waistband with an inside drawstring to adjust for a perfect fit. The loose legs with side vents at the hem are designed for ease of movement, with convenient side pockets for essentials. The longer length with a 9"" inseam hits just at the knee. Go with the original mesh basketball shorts from Champion®.","Customers appreciate these shorts for their comfortable fit, quality material, and value for money. They find the shorts true to size, with a loose waistband that feels comfortable. The shorts are soft, lightweight, and have enough space for phones, headphones, wallets, and other essentials. Many consider them an essential choice for workouts and casual wear.",https://www.amazon.com/dp/B000J9YQOS
243,B08Q86H92W,"Dockers Men's Perfect Classic Fit 8"" Shorts",DOCKERS Store,No especificado,No especificado,Men,In Stock,24.4413,24.4413,27.99,4.4,1877.0,7.537962659768208,100.0,4.61512051684126,True,30.0,True,Set on waistbandLarger smart phone pocketWe call these the perfect shorts for a reason|Doesn't stretch|Welt pockets|Zip fly|Imported|Style: A16250001|Color: Maritime BlueStraight fit : This fit is straight and relaxed — but never baggy|Features a Hidden Security Pocket with a concealed zipper and coin compartment|Imported|Style: A16250001|Color: Maritime Blue,We call these the perfect shorts for a reason. Made with a slightly shorter inseam for a modern look. Elastic waistband for all-day comfort.,"Customers find the shorts have a nice color and good quality material. They are comfortable with a smooth texture and convenient phone pocket. The shorts are great for casual or dressy occasions, with all the standard pockets. However, some customers have mixed opinions on the fit and value for money.",https://www.amazon.com/dp/B08Q86H92W
244,B07R1J9J3J,"MIER Men's Workout Running Shorts Quick Dry Active 5 Inches Shorts with Pockets, Lightweight, Breathable",MIER Store,MIER,No especificado,Sport Specific Clothing,In Stock,18.9914,18.9914,21.99,4.5,3595.0,8.18757739559151,500.0,6.2166061010848646,True,4.0,True,"Super lightweight & breathable ---- MIER training running shorts have super silky soft, next-to-skin feel, light as a feather putting no burden on your exercise. Spliced with micro air mesh that keeps air flowing to provide you with breathability3 versatility pockets ---- 2 deep slash pockets for storage and convenience (10.5"" x 7.5""), one internal drop-in pocket at waist for additional small items like keys, coins, mini-cardQuick dry technology fabric ---- Crafted with moisture wicking fabric and treatment of quick dry technology, dries out rapidly during sweaty runs, keep you a long-day comfort. Elastic waistband with inside adjustable drawcord for a snug, adjustable fitComfy fit shorts ---- Single-layer athletic shorts with 5"" inseam, side splits at hem for ventilated comfort and freedom to move, 4-way stretch fabrication allows greater mobility & maintains shapeEasy Care --- Machine washable. These 5 inch mens athletic shorts are great for running, gym sessions, workouts, basketball, soccer, training, hiking, various sports endeavors, and everyday casual wear",,"Customers find these shorts comfortable and lightweight. They fit true to size, accommodate large legs, and provide enough space to securely hold phones or keys while on the go. Many customers find them ideal for gym workouts and outdoor activities like pickleball. The pockets are also appreciated for their size and functionality. However, opinions differ regarding the material quality.",https://www.amazon.com/dp/B07R1J9J3J
245,B07RDL93KQ,"Hanes Mens 2 Pack Cotton Sleep Short, 7.5"" Inseam, Comfortable and Breathable, Assorted Colors",Hanes Store,Hanes,01005/010052X,Men,In Stock,18.7111,18.7111,20.98,4.7,956.0,6.863803391452954,600.0,6.398594934535208,True,14.0,True,"Ultimate Comfort: Experience unmatched comfort with these Hanes sleep shorts, designed with a soft cotton blend and a flexible elastic waistband for a perfect fit all night long.Breathable & Lightweight: Stay cool and relaxed in these lightweight pajama shorts, featuring a breathable fabric that's ideal for sleeping or lounging at home.Convenient 2-Pack: Double the value and versatility with this pack of two, ensuring you always have a clean pair on hand for a restful night's sleep.Classic Style & Fit: These sleep shorts boast a classic look with practical side pockets and adjustable drawstrings, making them a staple in any men's sleepwear collection.Easy Care & Durable: These Hanes sleep shorts are machine washable and designed to retain softness and color, ensuring long-lasting comfort and convenience.",,"Customers find the shorts comfortable and true to size. They like the softness, fit, look, and quality. The shorts are described as nice pajamas that keep them cooler than pants. Many customers find them durable and a good value for money. The shorts are lightweight and easy to wear with pockets.",https://www.amazon.com/dp/B07RDL93KQ
246,B0B1LX9FGW,"Pudolla Men's Hiking Cargo Shorts 9"" Lightweight Outdoor Work Shorts for Men Travel Golf Camping Casual with 5 Zipper Pockets",Pudolla Store,Pudolla Sports,No especificado,Sport Specific Clothing,In Stock,29.9917,29.9917,35.99,4.4,2712.0,7.905810312658931,300.0,5.707110264748875,True,1.0,True,"5 Zipper Pockets Hiking Shorts: Including 2 slash pockets, 2 flat pockets, and a back pocket. All the deep zipper pockets allows for secure storage of valuables like wallets cell phone and keys.Lightweight Moisture Wicking Fabric: Lightweight cargo shorts are made of breathable fabric, features moisture wicking and quick drying, keep you comfortable and cool in summer outdoor activities.Expandable Waist Cargo Shorts: Designed with a elastic back waistband, button closure with zip fly and 2'' belt loop for a personalized fit, offers a security support to ensure you move-freely and bends easily.Sun Protection & Water Repellent: Durable UPF 50+ sun protection helps to block harmful UV rays when you are hike, play or relax outdoors. Added durable water repellent finish to repel light moisture and dirt.Mens Summer Shorts:Great for various outdoor activities, such as hiking, golf, cycling, fishing and yard work. The men's casual shorts also suitable for every day wear and a ideal gift for families and friends.",,"Customers find the shorts comfortable and lightweight. They appreciate the length and style, as well as the zippered pockets that function properly. Many of them like the style and quality of the shorts. However, some customers have mixed opinions on the material thickness and quality.",https://www.amazon.com/dp/B0B1LX9FGW
247,B09VBK13ZV,"maamgic Mens 5"" Gym Running Shorts for Men 2 in 1 Quick Dry Workout Athletic Shorts",maamgic Store,No especificado,No especificado,Men,In Stock,32.99,32.99,32.99,4.6,1612.0,7.385851078125209,300.0,5.707110264748875,True,5.0,True,"2 in 1 Shorts Men - A built-in compression liner can greatly reduce less chaffing than more traditional athletic shorts, and offers support to thigh muscles to improve performance. Seams of liner designed for maximum comfort of private parts unlike other shorts with center seam.Breathable & Comfortable Materials - Outer Shorts: 90% Polyester & 10% Spandex (Compression liner: 86% polyester and 14% spandex). Sweat-wicking fabrics help dry quickly and stay cool. The stretch allows for exceptional flexibility. Premium material and reinforced stitching hold up your most high-intensity training.Product Features - Elastic waistband with adjustable internal drawstring to customise to your preferred fit. Gym shorts for men have Two deep side pockets and A back zipper pocket keep valuable things such as wallet, phone and keys safe.Designed for Running, Workout, Training, Jogging, Yoga, Playing basketball or Biking, avoiding embarrassing situation when it comes to shorts-riding-up problems. Vibrant colors and patterns, comfortable and charming enough to be worn outside the gym in this 2 in 1 shorts men.Recommend Machine wash cold and Tumble dry low this running shorts for men. These workout shorts men are shrink resistant and still look brand new after repeated washing. If you have any other questions, please do not hesitate to contact us and we will respond to you within 24 hours.",,"Customers appreciate the shorts' fit, comfort, and quality. They find the elastic waistband not too tight, the material soft and stretchy yet still thick enough to feel durable, and the liner being shorter than the outer layer. The shorts are described as a good alternative to chubbies, great for everyday wear and athletic wear. Many customers like the style, color, and pattern. They also mention that the shorts offer good value for money and have a useful pocket size.",https://www.amazon.com/dp/B09VBK13ZV
248,B09CGWK6PR,CRZ YOGA Men's Linerless Workout Shorts - 7'' Quick Dry for Running Sports Athletic Gym with Pockets,CRZ YOGA Store,No especificado,NS001B,Men,In Stock,28.0,28.0,28.0,4.7,1195.0,7.086737934510577,400.0,5.993961427306569,True,29.0,True,"Designed for workout or runningSoft and ultralight like feather, quick-drying, soft to touch and highly durable7'' Inseam. LinerlessTwo side zipper pocket for your phone or other essentialsElastic waistband with drawstring",,"Customers find these shorts comfortable and well-sized. They appreciate the soft, buttery feel of the material and its durability. Many customers consider these shorts suitable for workouts, casual wear, or around-the-house use. The shorts have a nice look that is versatile for various occasions.",https://www.amazon.com/dp/B09CGWK6PR
249,B075MXZ12G,Wrangler Authentics Men's Performance Comfort Flex Cargo Short,Wrangler Authentics Store,Wrangler,No especificado,Men,In Stock,28.3,28.3,28.3,4.6,14550.0,9.585414998760278,100.0,4.61512051684126,True,8.0,True,"RELAXED FIT. Designed with a relaxed fit and comfort waistband, these cargo shorts are made to keep you comfortable through any activity. These shorts feature a 10-inch inseam that hits right at the knee for all day comfort.COMFORT FLEX WAISTBAND. Designed with comfort in mind, our innovative flex waistband ensures a comfortable fit that moves and bends with you. Stretch fabric allows natural range of motion with every activity.QUICK DRYING. From an unexpected rain to dewy grass on a morning walk, these quick-drying cargo shorts are built to help keep you dry through any conditions you encounter.CLASSIC CARGO STYLE. This classic cargo short is comfortable and functional for your everyday wear. From the outdoors or a casual lunch, this short is built for versatility and comfort with a timeless silhouette and extra storage.EXTRA STORAGE. Equipped with (2) cargo zip pockets, (2) back pockets and (2) slash pockets for easy-access storage. Great for safely storing your cell phone, wallet and other items in an enclosed pocket.","Wrangler Authentics Men's Performance Comfort Flex Cargo Short. Made with stretch fabric, these men's cargo shorts are ready for any activity you have planned. A relaxed fit and cargo style from the Wrangler name you trust. FEATURES: Quick-drying stretch fabric. (2) Cargo zip pockets, (2) back pockets and (2) slash pockets. Relaxed fit through the seat and thigh. Sits at the natural waist for a comfortable fit. 10"" inseam.","Customers find the shorts comfortable and well-made. They appreciate the soft, stretchy material and good pocket placement. The shorts are described as a great alternative to jeans and slacks, with plenty of pockets and a secondary pocket on the left side. Customers also like the look, stretchability, and lightweight material.",https://www.amazon.com/dp/B075MXZ12G
250,B0BLYVSVTL,maamgic Men's 5/7 Inseam Shorts Casual Classic Fit Short Men with Multi-Pocket Mens Workout Shorts Hybrid Quick Dry Shorts,maamgic Store,No especificado,No especificado,Men,In Stock,27.99,27.99,27.99,4.5,436.0,6.07993319509559,200.0,5.303304908059076,True,18.0,True,"Amphibious Casual Shorts: Shorts for men are made of soft polyester fabric which offers durability meanwhile being breathable for comfort in summer. Hybrid shorts are used for being worn as casual shorts or being in the water. Lightweight, stretchy enough, and quick-drying material is also suitable for swimming.Multi Pockets Design: Crafted of 5 pockets for store various equipment. Designed with 2 side slit pockets and 1 side invisible zipper pocket that your wallet won't fall out of. One back pocket with button and the other pocket with zipper. All Pockets Include mesh interior for breathability.Multi-wear Waistband: Stretch waistbands are added at the waist positions on both sides for ultimate flexibility, and drawstring for a adjustable fit. Drawstring can be pulled out and hidden inside the shorts. Shorts for men are also equipped with buttons and zippers for daily commuting.Mens 5 Inch Inseam Shorts: 5"" inseam shorts length not above the knee and provides a tidy, fresh look to any outfit. Men casual shorts can show your perfect legs. Many colors design and sizes for you to choose from for boardshort.Widely Occasion: This style of hybrid shorts for men give you options. Suitable for daily commuter wear or business wear, ideal for activity like fishing, golfing, hiking, or to a picnic. Surprisingly, the shorts can be worn to swim because the shorts fabric is quick dry and all pockets with mesh interior.",,"Customers appreciate the shorts' fit, quality, and build. They find the length perfect and the material comfortable with a breathable feel. Many customers find them comparable to Chubbies at half the price. The style, pockets, and weight are also well-received.",https://www.amazon.com/dp/B0BLYVSVTL
251,B085C2KTNG,"Mens Swim Trunks Quick Dry Board Shorts with Mesh Lining, Breathable Fit Hawaii Beach Shorts Swimwear Bathing Suits",FT FENTENG Store,PX DIY SHOP FT FENTENG,No especificado,Men,In Stock,19.9939,19.9939,32.99,4.4,3696.0,8.215276958936633,1000.0,6.90875477931522,True,5.0,True,"⛱Mens Quick Dry Swim Trunks ⛱: 100% High quality polyester, wrinkle free, quick-drying, breathable, lightweight, safe, comfortable and skin-friendly fabric, can direct contact to skin. It has some useful characteristics, sweat-absorbing, quick drying, etc. Normally it takes 5 to 10 minutes, swim shorts have become dry already.⛱Mens Board Shorts With Mesh Lining Design ⛱: All of our swim trunks are made with our comfort technology quick dry fabric with mesh lining. Elasticized waistband with drawstring can stretch and fixed the waist for comfort and adjustable. Mens swim trunks with pockets: the board shorts all get two beside pockets. It is mens elastic waist swim trunks and also mens drawstring swim trunks.⛱Printed Swim Trunks for Men ⛱: These surf shorts can be worn in and out of the water during summer vacation. Our swim trunks using dye-sublimation technology that allows graphics lifelike, vibrant colors and comfy material will bring you a cool summer! (Machine wash or hand wash with cold water recommend,do not use bleach.)⛱Surprise Vacation Gift ⛱: Ultimate sun protection, our mens swimming trunks provides upf 50+ which blocks the sun's harmful ultraviolet rays. It is suitable for various water activities such as Swimming, Surfing, Bodyboarding, Kayaking, Fishing, Rafting, etc. Nice gift ideal for your mens/ husband/ father in this summer.⛱Mens Swim Trunks with Liner ⛱: The board shorts mens swimwear are suitable for swimming, beach vacation and sports, fitness, or for home etc and the American Flag swimsuits by our unique fashional stylish design are the best choice as men's swimwear.",,"Customers appreciate the swimwear's fit, appearance, and comfort. They find the sizing true to size, with plenty of room and a fun design. Many say it dries quickly and is worth the price. However, some have issues with the pocket closure and have mixed opinions on the material quality.",https://www.amazon.com/dp/B085C2KTNG
252,B09L4N3BD7,EKLENTSON Men's Winter Jacket Thick Thermal Cotton Warm Fleece Lined Coat Trucker Lapel Work Cargo Jackets for Men,EKLENTSON Store,EKLENTSON,EK-464,Men,In Stock,69.98,69.98,69.98,4.6,1195.0,7.086737934510577,200.0,5.303304908059076,True,6.0,True,"Material: Cotton. Lining: Fleece & Polyester; Soft, thermal and comfortable.Warm Sherpa lined: The fleece lining of this winter jacket is thick and soft enough to keep you warm and comfy in cold weather.Windproof: Fuzzy lapel, button front closure, button-adjustable cuffs and hem to effectively insulate from cold air.Multi-Pockets: The fleece jacket has a total of 5 pockets, including 2 side hand pockets, 2 button-closed chest pockets, and 1 internal pocket. Multiple pockets improve the practicality of this jacket and provide enough storage for your small items.Suitable for: The classically styled men's cargo jacket can be worn with a variety of clothes for many occasions, utility and stylish. Whether it is for daily casual wear or outdoor activities, this windbreaker is great choice for you or your family and friends. Such as working, hiking, traveling, hunting, camping, motorcycling, snowboarding, golfing and so on.",,"Customers appreciate the coat's warmth, quality material, and nice looks. They find it comfortable, with a soft interior fabric that keeps them warm in cold weather. Many find it a good value for money and thick enough to keep them warm. However, some customers have differing opinions on the fit and snap quality.",https://www.amazon.com/dp/B09L4N3BD7
253,B08SS8M9JT,Amazon Essentials Men's Packable Lightweight Water-Resistant Puffer Jacket (Available in Big & Tall),Amazon Essentials Store,Amazon Essentials,F17AE10003,Clothing,In Stock,38.4,38.4,38.4,4.5,30259.0,10.317581987342347,300.0,5.707110264748875,True,473.0,True,"REGULAR FIT: Comfortable, easy fit through the shoulders, chest, and waist.WATER-RESISTANT NYLON TAFFETA: Nylon plain weave shell and lining fabric. Fully lined, quilted and insulated. (100% polyester shell and lining fabric on Marble print colorway).COLD-WEATHER STYLING: Stay warm in this versatile water-resistant lightweight puffer jacket featuring a full-length center-front zipper and stand-up collar.DETAILS: Stand-up collar, two zippered hand pockets, and elasticated cuffs and bottom opening. Jacket packs neatly into included carrying bag with a drawstring closure.","We listen to customer feedback and fine-tune every detail to ensure our clothes are more comfortable, higher quality, and longer lasting—at affordable prices for the whole family.","Customers find the jacket keeps them warm without feeling bulky. It's lightweight, packable, and offers good value for the price. They appreciate its simple yet stylish design with deep pockets. The quality is also praised, though opinions differ on the fit.",https://www.amazon.com/dp/B08SS8M9JT
254,B07S2D47L8,Carhartt Men's Relaxed Fit Washed Duck Sherpa-Lined Utility Jacket,Carhartt Store,Carhartt,No especificado,Men,Low Stock,139.99,139.99,139.99,4.7,11246.0,9.327856705404022,100.0,4.61512051684126,True,2.0,True,"12-Ounce, 100% Cotton ring-spun washed duckSherpa lining in bodyQuilted lining in sleevesCardura reinforced sleeve hem with inner rib knit cuffAttached hood with low profile adjustment at hood hemReinforced Cordura at cuffs; Internal rib-knit storm cuffs help keep out the cold",Carhartt Men's Relaxed Fit Washed Duck Sherpa-Lined Utility Jacket,"Customers find the coat warm and comfortable for cold winter weather. They appreciate its perfect fit, durability, and quality construction. The sleeve length is suitable for long arms, and the coat is long enough for arms and body. Many customers find it practical and durable, even able to withstand rainy winter days. The pockets, comfort, and value for money are also appreciated by customers.",https://www.amazon.com/dp/B07S2D47L8
255,B07VPH7GTM,TACVASEN Men's Bomber Jacket Lightweight Casual Spring Fall Windbreaker Zip Up Coat with Pocket,TACVASEN Store,TACVASEN,No especificado,Men,In Stock,39.9829,39.9829,55.99,4.4,7537.0,8.92771217382708,50.0,3.9318256327243257,True,1.0,True,"Material: Polyester; Lightweight, Windbreaker, BreathableFull zipper stand collar bomber jacket, The zipper head is on the leftFEATURE: Rib Knit Cuffs, Waistband, Collar for comfort, Dual pen pockets on sleeveMULTI-POCKETS: 1 zipper sleeve pocket, 2 zipper slant hand pochets, 1 inner pocketSuitable for: Outdoor, Casual, Sportwear, Working, Daily life, Hiking, Clubwear, Sports, Spring, Fall or other outdoor activities.",,"Customers appreciate the coat's nice color and fit. They find it lightweight, with a true size and sleeves that accommodate long arms. Many customers appreciate the good quality material inside and out, as well as the finish and styling. While most consider it a good value for money, some have mixed opinions on warmth and zipper quality.",https://www.amazon.com/dp/B07VPH7GTM
256,B08YRDNXJK,"33,000ft Men's Hooded Softshell Jacket Waterproof Lightweight Insulated Windbreaker Fleece Lined Rain Shell Jacket","33,000ft Store",No especificado,No especificado,Men,In Stock,59.99,59.99,59.99,4.6,1368.0,7.221835825288449,900.0,6.803505257608338,True,1.0,True,"【WATERPROOF & BREATHABLE】33,000ft men's softshell jacket with hood features 3-layered material with outer soft shell, TPU membrane mid-layer and inner fleece lining to provide strong protection against the elements. Outer shell with DWR finish resists water, dirt and oil to keep you dry and clean. (8000MM fabric waterproofness rating, 1000G/M2/24hr fabric breathability rating)【WARM FLEECE LINED JACKET】33,000ft men's fleece lined soft shell jacket gives you additional thermal insulation and superior moisture-wicking performance. The brushed fleece lining is soft to the touch and keeps you comfortable and cozy.【WINDPROOF & LIGHTWEIGHT】 Featuring adjustable drawcord hood & hem and ribbed cuffs blocking out the cold & wind, this 33,000ft lightweight lined windbreaker with hood is great to be your all weather go-to jacket for spring and fall when the temperature changes.【STRETCH & COMFORTABLE】 Scratch-resistant polyester fabric blended with spandex fibers gives the jacket a slight stretch, allowing it to move with your body during outdoor sports like running, hiking, etc.【5 FUNCTIONAL UTILITY POCKETS】 2 outside hand zippered pockets, 2 inner patch pockets and 1 left arm zip pocket are perfect for storing your cell phone, wallet, gloves etc. This 33,000ft men's jacket with hood is suitable for casual wear or outdoor activities like mountaineering, climbing, riding, biking, fishing, yardwork, walking, backpacking, military, combat, tactical training, cycling, hunting, driving, travelling, work, camping etc.",,"Customers appreciate the coat's warmth, attractive appearance, and quality construction. They find it well-lined for warmth and keeping them dry on rainy or windy days. Many are satisfied with its weight, comfort, and value for money. However, some customers have mixed opinions on the fit.",https://www.amazon.com/dp/B08YRDNXJK
257,B07BN72SZ5,Amazon Essentials Men's Lightweight Water-Resistant Packable Hooded Puffer Jacket,Amazon Essentials Store,Amazon Essentials,F17AE10004,Men,In Stock,28.9332,28.9332,42.3,4.5,11693.0,9.366831168735615,500.0,6.2166061010848646,True,626.0,True,"REGULAR FIT: Comfortable, easy fit through the shoulders, chest, and waist.WATER-RESISTANT NYLON TAFFETA: Nylon plain weave shell and lining fabric. Fully lined, quilted and insulated. (100% polyester shell and lining fabric on Marble print colorway).COLD-WEATHER STYLING: Stay warm in this versatile water-resistant lightweight puffer jacket featuring a full-length center-front zipper and hood.DETAILS: Two zippered hand pockets and elasticated hood opening, cuffs and bottom opening. Jacket packs neatly into included carrying bag with a drawstring closure.","We listen to customer feedback and fine-tune every detail to ensure our clothes are more comfortable, higher quality, and longer lasting—at affordable prices for the whole family.","Customers find this jacket keeps them warm in chilly weather. It fits well and is lightweight, making it convenient to carry around. The simple design looks good on them and is well-constructed. Overall, customers consider it a great value for the price.",https://www.amazon.com/dp/B07BN72SZ5
258,B0D3V242Q7,Men's Ski Jacket Warm Winter Snow Coat Waterproof Mountain Windbreaker Snowboarding Jacket Hooded for Hiking Traval,Brand: MAOYSSEN,MAOYSSEN,C8166,Sport Specific Clothing,In Stock,54.99,54.99,54.99,4.6,879.0,6.779921907472252,100.0,4.61512051684126,True,7.0,True,"Waterproof: This ski jacket made with a high-quality waterproof fabric that repels water, keeping you dry and comfortable even in heavy rain or snowfallWarm: Designed to keep you warm in cold weather conditions, the winter coat features a fleece lining that provides insulation and traps body heat, ensuring maximum warmth and cozinessVersatile: This winter coat doubles as a ski jacket, equipped with advanced features such, adjustable cuffs, and a detachable hood. It is designed to withstand extreme weather conditions on the slopes, keeping you protected and comfortable during your winter adventuresFunctional: Not only is our winter jakcet perfect for skiing and snowboarding, but it also serves as a reliable jacket and rain jacket.The waterproof fabric and sealed seams prevent water from penetrating, making it an excellent choice for outdoor activities in wet weatherSize notes: Jacket offers a standard fit. Please choose by US size",,"Customers appreciate the coat's warmth, style, fit, and build quality. They find it keeps them toasty even in wind chill, with excellent insulation. The fit is great, true to size, and the stitching seems good. Many consider it a good value for the price. Customers also appreciate the comfort, waterproofing, and weight of the coat.",https://www.amazon.com/dp/B0D3V242Q7
259,B0B883C9XX,Rapoo Men's Winter Ski Snow Jacket Mountain Waterproof Windproof Rain Jacket,Rapoo Store,Rapoo,No especificado,Sport Specific Clothing,In Stock,62.99,62.99,62.99,4.4,1114.0,7.016609683894219,100.0,4.61512051684126,True,2.0,True,"Warm & Durable Snow Jacket: The outer shell fabric is tough and resistant to wear, while the inner soft fleece lining will keep you warm and comfortable during the cold winter. The stitching is reinforced and solid, so it will last for years.Waterproof & Quick Dry Winter Coats for Men: Our winter jacket with a professional water repellent coating and has a waterproof level of 10000mm. The zippers are also waterproof, so you don't have to worry about getting wet while skiing, snowboarding, or in rainy weather.Details: 1.Adjustable velcro cuffs help seal in warmth; 2.Detachable storm hood with adjustable drawstring, velcro, stand collar, and full zipper closure,all the well-designs keep out the wind effectively; 3.Wear resisting soft shell is highly wind resistance and warmth.Multi Pockets: 2 zippered hand pockets,1 zippered chest pocket, 1 internal secure pocket ,suitable for phone,wallet,passport and other accessories.Occasions: An essential and relaxed fit outdoor & travelling insulated jacket,ideal outfits for Downhill Skiing,Snowboarding,Snow Sports, Hiking,Mountaineering,Camping,Rock Climbing,Cycling and other winter outdoor activities.",,"Customers find the coat warm and comfortable. It has a nice style and is well-made. Many customers consider it a good value for the money. They also appreciate its wind resistance and comfort. However, some have differing opinions on the fit and pocket size.",https://www.amazon.com/dp/B0B883C9XX
260,B096YM16SV,Amazon Essentials Men's Full-Zip Fleece Jacket (Available in Big & Tall),Amazon Essentials Store,Amazon Essentials,S17AE10002_S,Men,In Stock,19.4432,19.4432,28.5,4.5,14255.0,9.56493314971059,300.0,5.707110264748875,True,752.0,True,"REGULAR FIT: Comfortable, easy fit through the shoulders, chest, and waist.POLAR FLEECE: Double-sided knit fabric with a brushed finish and subtle texture, this soft and cozy midweight fleece keeps you warm and insulated while withstanding everyday wear.COLD-WEATHER STYLING: Designed for outdoor activity, this polar fleece jacket takes you everywhere you need to go. Perfect as a finishing touch for a cool-weather look or a comfy base layer when it's time to bundle up.DETAILS: Features a mock-neck with full-length center-front zipper, two zippered hand pockets, and elastic-bound sleeve cuffs and bottom opening.This product contains 100% Recycled Claim Standard (RCS) certified recycled polyester","We listen to customer feedback and fine-tune every detail to ensure our clothes are more comfortable, higher quality, and longer lasting—at affordable prices for the whole family.","Customers find the jacket fits well, looks nice, and keeps them warm. They appreciate the soft, comfortable material and consider it a good value for the price. Customers also like the quality, weight, and zipper quality.",https://www.amazon.com/dp/B096YM16SV
261,B07KWV1N5V,Springrain Men's Wool Blend Pea Coat Notched Collar Single Breasted Overcoat Warm Winter Trench Coat,Springrain Store,No especificado,No especificado,Men,In Stock,59.99,59.99,59.99,4.2,4467.0,8.404696160189092,300.0,5.707110264748875,True,2.0,True,"MATERIAL: Classic mens pea coat made of wool blend fabric, lightweight, warm and durableFIT: Slim fit classic midi long pea coat with notched lapel collar and long sleevesFEATURES: Single breasted, front button closure, two side slant entry pockets and one interior pocket – this Springrain men's wool coat is always a great choice for casual and business occasionsVERSATILITY: Mid-Length wool blend coat, suitable for casual daily wear or business outfit, classic and modern design trench coat for spring, autumn and winterCARE: Machine wash cold with like colors, tumble dry medium, iron low as needed",,"Customers appreciate the coat's modern style and find it a good value for money. They like the soft, comfortable material that is great for snuggling. The warmth and thickness are also appreciated. However, some customers have mixed opinions on the fit, material quality, and color.",https://www.amazon.com/dp/B07KWV1N5V
262,B00EUHD56A,Legendary Whitetails Journeyman Shirt Jacket Flannel Lined Shacket for Men Water-Resistant Coat Rugged Fall Clothing,Legendary Whitetails Store,Legendary Whitetails,6723,Men,In Stock,86.46,86.46,86.46,4.4,18992.0,9.851825769212237,100.0,4.61512051684126,True,4.0,True,"[Fit & Sizing]: For the signature Legendary Whitetails fit, see our size chart which accomodiates Standard and Big & Tall sizes; the Journeyman shirt jacket is designed for extra layering[Material & Durability]: Experience the Legendary Whitetails men's jacket quality with a blend of Cotton and Polyester; its rugged waxed cotton suede appearance, softer to the touch, promises durability and is weather-resistant[Warmth & Comfort]: Top quality flannel-lined for ultimate warmth, the Legendary Whitetails Journeyman is your shield against cold, transitional jacket for every season[Functional Features]: This Legendary Whitetails men's shirt jacket boasts hand-warmer side pockets and robust double-needle stitching, ensuring durability, while the snap closure ensures a snug fit[Signature Design]: Stand out with the weathered cotton look, antique brass Legendary snaps, and the iconic Legendary Whitetails Signature Buck appliqué; this shirt jacket coat is designed for outdoors and all activities","We added a flannel lining to our popular weathered cotton 'leather' shirt to build this one-of-a-kind shirt jac. The rugged cotton suede look comes with an unexpected softness. Features side hand warmer pockets, antique brass Legendary snaps, Signature Buck applique, and double needle stitching. Cotton/poly blend. Big & Tall sizes are designed for men over 6'2"" and add 2"" in body length and 1-1⁄2"" in sleeve length.","Customers find the coat attractive and comfortable. They appreciate its smooth, shiny material and nice feel. Many find it keeps them warm on cold days and protects from wind. While some customers are satisfied with the value for money and weight, others have concerns about rip resistance and fit. There are mixed opinions on the overall quality.",https://www.amazon.com/dp/B00EUHD56A
263,B07S2D56H6,Carhartt Men's Relaxed Fit Duck BlanketLined Detroit Jacket,Carhartt Store,Carhartt,No especificado,Men,In Stock,109.99,109.99,109.99,4.6,5297.0,8.575084669832014,500.0,6.2166061010848646,True,1.0,True,Updated blanket lining in bodyQuilted nylon lining in sleevesCorduroy-trimmed collar with under-collar snaps for optional hoodLeft-chest pocket with zipper closureTwo inside pocketsTwo lower front pockets,Carhartt Men's Relaxed Fit Duck BlanketLined Detroit Jacket,"Customers find the coat well-made and durable. They appreciate its good looks and warmth, describing it as a classic Carhartt jacket that keeps them warm and blocks cold wind. Many find it comfortable to wear, with a soft wool blanket lining and ergonomic torso shape. The weight is also appreciated, and customers consider it a good value for money. However, some customers have issues with the zipper quality and have differing opinions on how well it fits.",https://www.amazon.com/dp/B07S2D56H6
264,B08ZNZ9NFT,Calvin Klein mens Mid-weight Sherpa Lined Puffer,Calvin Klein Store,Calvin Klein,No especificado,Men,In Stock,79.99,79.99,79.99,4.6,1957.0,7.579678823090456,200.0,5.303304908059076,True,14.0,True,"This sorona filled jacket is designed with style, warmth and comfort in mind.Sherpa Interior Lining; Fixed Hood; Elastic banded cuffs and hem for comfortThe signature Calvin Klein logo is stitched onto the sleeve and zipper detailing; and the addition of welt pockets give this down jacket added flare and functionSits just past the waist; look good zipped-up or left openA cozy lining make this Calvin Klein down jacket a quick favorite for trips to the lodge and beyond.",,"Customers find the coat to be a nice, warm, and comfortable jacket. They appreciate its soft, fuzzy interior and great fit. Many find it stylish and trendy. While most customers are satisfied with the value for money and lightweight design, some have issues with the zipper quality.",https://www.amazon.com/dp/B08ZNZ9NFT
265,B08PF4YNVQ,COOFANDY Mens Sport Coat Casual Blazer One Button Business Suit Jacket,COOFANDY Store,No especificado,No especificado,Men,In Stock,73.99,73.99,73.99,4.2,5067.0,8.53070154144103,200.0,5.303304908059076,True,1.0,True,"Premium Fabric: Mens casual blazer jacket is made of high quality twill materials, which is lightweight, breathable, soft and wrinkle free, providing great flexibility and comfort in daily lifeClassic Design: This mens slim fit sport coats features notched lapel, two flap pockets, one button closure and three sleeve buttons, showing a modern and stylish lookingMatch Tips: This men's lightweight blazer can be paired with jeans and a basic T-shirt for a stylish street look, or with suit pants and a dress shirt for a formal business look, which is a good blend of casual and business stylesMore Occasion: Mens travel modern suit jacket is suitable for business, wedding, dating, meeting, event, office work, ceremony, daily wear, concerts, etcNotice: This men's suit jacket is a regular fit, please carefully refer to the size chart on the product page before purchasing to ensure accurate fitting",,"Customers find the blazer has a good design and style. They appreciate its quality, value for money, and comfort. The fabric is soft to the touch and breathable, making it feel like an expensive jacket. Many are satisfied with the weight, sturdiness, and color. However, opinions differ on how well it fits.",https://www.amazon.com/dp/B08PF4YNVQ
266,B0BPLX5T1S,MAGNIVIT Men's Lightweight Jackets Light Windbreaker Full Zip Up Stylish Golf Coat Business Work Casual Dress,MAGNIVIT Store,MAGNIVIT,No especificado,Men,In Stock,33.98,33.98,33.98,4.3,286.0,5.659482215759621,100.0,4.61512051684126,True,9.0,True,"Material: full polyester, no lining sandwich, more suitable for the weather above 15 degrees.Zipper Design: side pockets and the front of the garment are closed with a zipper for convenience.3 Pockets: 2 side pockets, 1 hidden pocket to provide ample storage space, side pocket can accommodate a normal size smartphone.Design: The collar of this jacket is in the shape of a shirt, and the overall lines of the body are simple, discarding superfluous lines and presenting a visually competent atmosphere.High Quality Production: Our jackets are made with advanced production techniques, reinforcing the shape, not easily deformed by multiple washing.Whether you want to wear it indoors or outdoors, for activities or for leisure, it is a piece that you can't go wrong with.",,"Customers find the coat has a good quality material and fits well. They appreciate its lightweight design, true-to-size fit, and nice color options. Many consider it a great value for the money, and mention that it's comfortable and waterproof.",https://www.amazon.com/dp/B0BPLX5T1S
267,B08ZQM6Y2B,Calvin Klein Men's Full Zip Down Puffer Coat,Calvin Klein Store,Calvin Klein,No especificado,Men,In Stock,69.99,69.99,69.99,4.6,2591.0,7.860185057472165,50.0,3.9318256327243257,True,6.0,True,"Quality performance: Jackets with chest pocket and 2 lower welt pockets with zipper closures to keep your valuables safe; elastic banded cuffs and hem provide a tailored look without sacrificing comfortKeeping warm: Coat with interior down insulation and water-resistant outer layer provides added warmth and blocks out cold temperatures, so you're ready for whatever the weather throws your wayInfinite stretch fabric: This coat features breathable fabric that enables stretch, allowing for extreme flexibility and full range of movementTravel-friendly: Easily pack and store this puffer jacket men can't get enough of; lightweight fabric and interior insulation allow the jacket to fit where you need itComfort and style: This puffer jacket is sure to become a staple in your closet; bring it along in your work bag, wear it for a night out, as a winter jacket or as part of your daily outfit",,"Customers find the coat has a nice look and good quality. They find it warm and comfortable, with a good fit. The material is durable and holds up well in windy conditions. Many customers appreciate the comfort, value for money, and functionality of the jacket.",https://www.amazon.com/dp/B08ZQM6Y2B
268,B0CKSXVKCQ,TBMPOY Men's Lightweight Jackets Casual Windbreaker Stylish Light Fall Spring Golf Work Dress Business,TBMPOY Store,TBMPOY,No especificado,Men,In Stock,43.99,43.99,43.99,4.3,921.0,6.826545223556594,400.0,5.993961427306569,True,4.0,True,"【Windproof & Water-Resistant】On rainy or Windy weather days, men's lightweight jackets are water-resistant and effectively prevent rainwater from penetrating, Perfect adaptation to weather changes.【Laytown Polo Collar & Cuff Button】Mens casual stylish jackets feature classic laydown collars and full-zip closures, which makes them more fashionable and well-fitting.【2 Zip Pockets+ 1 Inner Deep Pocket】Two side-entry hand warm pockets with zipper for added security; one interior pocket space to stash your 10"" Phone and Sunglasses etc.【Classic Plaid Lining】This men's full zip lightweight jacket features the classic design of the HARRINGTON on the jacket inside, The integration of quality and fashion.【Occation】This men's full zip lightweight jacket is suitable for wearing on cool spring and autumn nights or in the morning, Ideal outfit for Sports,Mechanic Work, Traveling, Golf, and other outdoor activities.",,"Customers appreciate the stylish and lightweight design of the coat. They find it comfortable and warm, with a nice color and fabric. Many customers appreciate its good quality and durability. However, opinions differ on the fit and value for money.",https://www.amazon.com/dp/B0CKSXVKCQ
269,B0D7ZT9VCM,Men's Mountain Winter Coat Warm Fleece Ski Snow Jacket Waterproof Raincoat with Hood,Brand: MAOYSSEN,MAOYSSEN,No especificado,Sport Specific Clothing,Low Stock,54.99,54.99,54.99,4.6,378.0,5.937536205082426,0.0,0.0,False,43.0,True,"All-Weather Performance: Designed for outdoor enthusiasts,this men's mountain winter coat provides exceptional protection against various elements.Its waterproof construction ensures you stay dry even during heavy rain or snowfallUnmatched Warmth: Crafted with a cozy fleece lining, this winter coat offers superior insulation to keep you warm and comfortable in cold weather.Say goodbye to shivers and embrace the great outdoors with confidenceVersatile Ski Jacket: This ski jacket is engineered with functionality in mind.It features a removable hood and adjustable cuffs to adapt to changing weather conditions.Whether you're hitting the slopes or exploring the mountains, this jacket has you coveredReliable Durability: Made from high-quality materials, this jacket is built to last.The rugged design can withstand rigorous outdoor activities, ensuring long-lasting performance and durabilityStylish and Practical: In addition to its protective features, this winter coat also boasts a stylish design.The sleek and modern look makes it suitable for various occasions, from outdoor adventures to everyday wear",,"Customers find the coat warm and well-insulated. It fits them comfortably and is adjustable. They appreciate its attractive appearance, good quality, and value for money. The coat is comfortable, waterproof, and lightweight.",https://www.amazon.com/dp/B0D7ZT9VCM
270,B0921G7MCY,Calvin Klein Men's Snap Front Puffer Jacket,Calvin Klein Store,Calvin Klein,No especificado,Men,In Stock,114.75,114.75,114.75,4.6,2753.0,7.9208096792886,200.0,5.303304908059076,True,60.0,True,"Coat description: This sherpa-lined puffer jacket-men; is designed with style, warmth and comfort in mind, making it a great mens winter coats optionDesigner features: The signature Calvin Klein logo is stitched onto the sleeve and middle zipper detailing; and the two large side pockets give this quilted jacket added flare and functionFunction and style: These winter coats for men land just past the waist; look good zipped-up or left open and represent the comfortable style you expect in a piece for Calvin KleinWardrobe options: Calvin Klein jackets for men sport an easy fit and can be worn over fall clothes and winter clothes; looks great over a pair of jeans, joggers, or mens sweatpantsCalvin Klein men: Mens fashion you can count on for simple, comfortable style",,"Customers appreciate the coat's quality, warmth, style, and fit. They find it well-made with good thermal insulation properties, a nice color that matches advertised images, and a slim fit waistline. Many customers consider it a good value for money, saying it feels and looks more expensive than it is. The coat is also comfortable, lightweight, and of good quality.",https://www.amazon.com/dp/B0921G7MCY
271,B08BG7WRTG,Carhartt Men's Loose Fit Washed Duck Insulated Active Jacket,Carhartt Store,Carhartt,No especificado,Men,Low Stock,119.99,119.99,119.99,4.8,6086.0,8.713910628493924,100.0,4.61512051684126,True,28.0,True,"12-Ounce, 100 percent ring-spun cotton washed duckNylon lining quilted to 80g 3M Thinsulate insulation in body, sleeves, and hoodAttached hood with low profile adjustment at hood hemUpdated lower front pockets with brushed tricot lining and reinforced bottomsPen stall in wearer's right, lower front pocket",Carhartt Men's Loose Fit Washed Duck Insulated Active Jacket,"Customers appreciate the coat's roomy fit that allows for easy movement and layering. They find it warm and waterproof, with an inside cuff that keeps the cold out. Many consider it a nice Carhartt product that is worth every penny. The quality of the jacket is well-made, with thick fabric and stitching that matches. Customers are also happy with the weight and looks. However, some customers have differing opinions on the zipper quality.",https://www.amazon.com/dp/B08BG7WRTG
272,B0B713424T,SPOSULEI Mens Skiing Jackets with Hoode Snowboarding Waterproof Fleece Liner Coats Windproof Winter Raincoat Multi Pockets,SPOSULEI Store,No especificado,No especificado,Sport Specific Clothing,In Stock,61.98,61.98,61.98,4.5,1235.0,7.119635638017636,200.0,5.303304908059076,True,12.0,True,"Material---Consists of multi-layer structure: strong high-density spandex, hydrophobic coating, insulation padding and fuzzing lining. In the cold winter, it provides all-round effective protection against storms or fog. Keep your body dry and warm throughout the day.Utility Pockets---Two zippered pockets and chest pocket, both with waterproof technology. You don't need to worry about getting wet when skiing, snowboarding or in the rain. An interior zippered security pocket for phone, wallet, credit cards, keys and more.Functional Hoodie----Removable hoodie with Velcro and drawstring for easy fixation and quick adjustment.Fitted Design - Adjustable cuffs help seal and keep warm, and a layer of soft, skin-friendly fleece is attached to the inner neckline. The outer layer is tightly windproof, and the inner layer is fleece and thickened. Achieve effective temperature lock, warm and comfortable to wear.Occasion---Our men's winter jackets are perfect for downhill skiing, snowboarding, snow sports, hiking, mountaineering, camping, rock climbing, biking and other winter outdoor activities.",,"Customers find the coat warm and comfortable in cold weather. They appreciate its quality material, hood, and workmanship. The inside is soft and cozy, with a fluffy fleece liner. Many find it waterproof and windproof, though opinions differ on the sizing.",https://www.amazon.com/dp/B0B713424T
273,B0CLSRB5CF,Columbia Men's Ascender Softshell Jacket,Columbia Store,Columbia,No especificado,Men,In Stock,51.3043,51.3043,90.0,4.7,10807.0,9.288041879640035,100.0,4.61512051684126,True,5.0,True,"COMFORT STRETCH: Crafted from 100% polyester that offers comfort stretch, this comfortable softshell makes for versatile wear — from the trail to the office.WATER RESISTANT: don't worry if it starts to drizzle or the wind picks up. The water-and-wind-resistant jacket has you covered.CLASSIC FIT: This softshell is made with a regular fit cut, for a classic design that you don't have to think twice about.HANDY FEATURES: Thoughtful touches include an abrasion resistant chin guard, zippered chest and hand pockets, adjustable cuffs, and an adjustable hem.BUILT TO LAST: Columbia's attention to detail is what sets our apparel apart. Specifying only the highest quality materials, expert stitching, and craftsmanship. This is a long-lasting garment you will enjoy for seasons to come.",,"Customers appreciate the jacket's style, fit, and quality. They find it visually appealing, with a comfortable interior that feels cozy and roomy. The size fits them well, with the chest length and arm length being just right. Many customers praise the high-quality material that is durable and water-resistant, keeping them warm without adding weight. The lightweight yet warm design keeps them comfortable in cool temperatures without overdressing.",https://www.amazon.com/dp/B0CLSRB5CF
274,B0792XJHZL,TACVASEN Men's Special Ops Military Tactical Rain Jackets Winter Warm Fleece Softshell Hooded Raincoat Snowboard,TACVASEN Store,No especificado,No especificado,Men,In Stock,53.9831,53.9831,77.99,4.4,6754.0,8.818038250394299,200.0,5.303304908059076,True,6.0,True,"【Outershell】 Polyester; Inner: soft fleece is warm,lightweight, breathable. The smooth, abrasion-resistant softshell fabric help protect against the wind and keep you warm .And comfortable fabric allows for more flexibility in the outdoors.【Multi-Pockets】 two shoulder pocket; forearm pocket on left arm; two front slash, zippered chest pockets; one zippered back pockets; vent zipper under each arm.It can be used to store money, keys,phones, wallets, passports and other items, providing you with great privacy and convenience.【Humanized Design】Drawstring waist and hood. Elastic, hook & loop adjustable wrist cuffs. Featuring adjustable hem and cuffs to help protect against wind and keep you warm inside.There are headphone holes on the inside of the jacket to help with the hidden use of wired headphones【Waterproof & Windproof】This softshell fleece-lined jacket is treated to repel water while maintaining breathability. And it effectively prevents rainwater from entering your interior fabric, keeping you dry and comfortable.It helps to keep the cold wind out in cold winter weather. As well as preventing cold wind from entering the body to some extent.【Multiple Occasions】Men's jacket is suitable for tactical wear, outdoor sports, outdoor work, travel, cycling, hiking, mountaineering, fishing, camping, hunting.",Men's Special Ops Military Tactical Soft Shell Jacket Coat,"Customers find the coat comfortable and well-made. They appreciate its warmth and style, describing it as a solid layer and windbreaker with reinforced hood and adjustable straps. The coat is described as a great everyday outer shell that keeps them warm in moderately chilly weather.",https://www.amazon.com/dp/B0792XJHZL
275,B01BUGS7DO,Carhartt Men's Rain Defender Relaxed Fit Heavyweight Softshell Jacket,Carhartt Store,Carhartt,No especificado,Men,Low Stock,119.99,119.99,119.99,4.6,2589.0,7.859413154693583,0.0,0.0,False,41.0,True,Carhartt Company Gear CollectionRain defender durable water-repellentWind fighter technology tames the windRugged flex technology for ease of movementMock-neck collar,Carhartt Men's Rain Defender Relaxed Fit Heavyweight Softshell Jacket,"Customers appreciate the coat's nice appearance, good build quality, and warmth. They find it well-made, with a hard shell that keeps them dry in rainy weather. The material feels nice and is stretchy, making it suitable for construction work. Many customers mention it can be worn in colder temperatures with a sweater underneath. The water resistance keeps them dry and warm, perfect for a Florida winter. Customers also like the comfort and weight of the jacket. However, some have differing opinions on the fit and stretchability.",https://www.amazon.com/dp/B01BUGS7DO
276,B0BNVZFBQX,MAGCOMSEN Men's Winter Coats Water Resistant Ski Snow Jacket Warm Fleece Jacket Parka Raincoats With Multi-Pockets,MAGCOMSEN Store,MAGCOMSEN,No especificado,Sport Specific Clothing,In Stock,67.98,67.98,67.98,4.6,7323.0,8.898911905794401,200.0,5.303304908059076,True,1.0,True,"Windproof: Adjustable cuffs with hooks and loops; Internal drawcord hem, detachable and adjustable storm hood help to keep wind out.Water repellent: Professional water repellent jacket, keep your body always dry and comfortable, you won't worry about getting wet while skiing, snowboarding, hunting, hiking in inclement weather.Fleece Lining: Windproof Warm Jacket Coat With Thermal Fleece Lining to Keep You Warm in Cold Weather.Multi Pockets: 1 Zipper chest pocket, 2 huge zipper side pockets, 1 deep inner zipper pocket.Great for: Ourdoor sports, camping, hiking, climbing, skiing, snowboarding, trekking, fishing and travelling; Note: Standard US size.",,"Customers find the coat warm and cozy, perfect for cold weather. They appreciate the good fit, generous sleeve lengths, adjustable hood, and multiple pockets. Many find it looks and feels good, with a high-quality build that holds up well in extreme conditions. The coat is considered a great value for the money and worth purchasing. Customers also appreciate the comfort, color, and pockets.",https://www.amazon.com/dp/B0BNVZFBQX
277,B0B2NTYHTK,Mens Lightweight Jacket Casual Bomber Jacket Varsity Coat,SAVKOOV Store,SAVKOOV,No especificado,Men,In Stock,37.99,37.99,37.99,4.5,1567.0,7.357556200910353,100.0,4.61512051684126,True,2.0,True,"To ensure your most fit, Please refer to our size chart in the left product image columnFull zip-front closure; Two lower side functional pockets and two interior pockets for added storageSuitable for Spring and Fall; Perfects for varies occasions: outdoor activities, daily casual life etcSoft, lightweight and high-quality fabric, comfortable and durable",,"Customers find the coat has a nice look and fits well. They appreciate the quality fabric that feels durable and well-made. The material is soft and comfortable, making it a great lightweight jacket. Customers are also happy with the value for money, versatility, and warmth of the coat.",https://www.amazon.com/dp/B0B2NTYHTK
278,B075M97YPB,chouyatou Men's Classic Notched Collar Double Breasted Wool Blend Pea Coat,chouyatou Store,No especificado,No especificado,Men,In Stock,58.9841,58.9841,99.99,4.3,6720.0,8.812992231969966,100.0,4.61512051684126,True,3.0,True,"Fabric: 30% Wool/60% Polyester/10% Viscose; Lining: 100% PolyesterClassic turn down lapel collar, front double breasted closure, long sleeve with three buttonsSide slant entry pockets and inner pockets, thicked checker quilted lining for warmth, solid color(black and grey)High quality wool blend fabric, suitable for casual daily wear or business formal wearSIZE: Please refer to the Last Picture -""Size Chart"" before ordering. If you are not sure about the size, please contact us without hesitation",,"Customers appreciate the coat's classic style and warmth. They find it looks great buttoned or open, and keeps them warm for winter. Many consider it a good value for the price, although some have issues with buttons. Opinions differ on fit, quality, and weight.",https://www.amazon.com/dp/B075M97YPB
279,B008KWXQ38,LONDON FOG Men's Auburn Zip-Front Golf Jacket (Regular & Big-Tall Sizes),Brand: LONDON FOG,London Fog Men's Outerwear,No especificado,Men,In Stock,44.6026,44.6026,59.99,4.5,15217.0,9.630234216736469,50.0,3.9318256327243257,True,1.0,True,"A Smart-Casual Classic: Exceptional comfort and versatility—this classic style men's golf jacket features a timeless design. Great for business casual outings or semi-active wear. This men's casual jacket provides polished comfort and flexibility.7 Pockets, Elastic Waist and Adjustable Cuff Snaps: Zippered pockets and fastening pockets keep all the items you carry secure. Elastic lining inside allows the jacket to expand and return to its original shape during movement, enhancing the overall fit and comfort of this stylish jacket.Practical and Comfortable: Lightweight polyester/soft microfiber blend construction is durable and great for all seasons. This is your go-to choice for layering. Be ready for any weather and any outing and don't fear being under-dressed.Wind and Water Resistant: A great year-round zippered jacket for men. Your fall, winter, spring and summer jacket that provides protection from wind, rain, and chilly nights. This sturdy build men's lightweight jacket ensures long-lasting wear.Since 1923. Designed by London Fog for chilly and wet winters, London Fog has been keeping the active and stylish warm, dry and at the forefront of fashion for over 100 years. Our coats and jackets for men are built to last.",Auburn zip-front golf jacket ( regular & Big-Tall sizes ),"Customers appreciate the jacket's fit, appearance, quality, and value. They find it true to size, with a classic style and nice color. Many consider it well worth the price, with good construction and material. The lightweight design is ideal for winter weather. Customers also appreciate the pockets, comfort, and warmth of the jacket.",https://www.amazon.com/dp/B008KWXQ38
280,B09LQSKLX8,MAGCOMSEN Men's Winter Jacket Lined Sherpa Jacket Warm Trucker Coat Multi Pocket,MAGCOMSEN Store,MAGCOMSEN,No especificado,Men,In Stock,69.988,69.988,75.99,4.5,910.0,6.814542897259958,0.0,0.0,False,48.0,True,"[Fabric]: Shell: cotton; Lining: polyester. Warm, Heavyweight, Soft, Comfortable.[Keep Warm] The cargo jackets with turn down collar and warm sherpa lining, keeping you warm in cold winter.[Multi Pockets] 2 chest flap pockets with snaps, 2 side pockets and 1 inner pocket, good enough for storing essentials.[Feature] Cotton jacket with Sherpa lining; adjustable snap cuffs and hem, effective wind protection.[Suitable For] The warm jacket is a good for work in winter, perfect for daily wear, outdoor casual, travelling, camping, golf, hiking and other outdoor activities, Keep you fashion and comfortable in cold winter.",,"Customers find the coat warm and comfortable. They appreciate its attractive appearance, good quality, and cozy interior. Many consider it a great value for money. However, some customers have issues with the buttons not being durable, and opinions vary on how well the fit is.",https://www.amazon.com/dp/B09LQSKLX8
281,B0B5NS9XXB,"The North Face Men's Flare 2 Insulated 550-Down Full Zip Puffer Jacket (Large, Tnf Black)",THE NORTH FACE Store,THE NORTH FACE,NF0A55XG,Men,Low Stock,141.4514,141.4514,165.0,4.6,189.0,5.247024072160486,300.0,5.707110264748875,True,23.0,True,Nylon liningZipper closure,,"Customers appreciate the coat's fit, style, warmth, comfort, and quality. They find it fits well, is comfortable, and warm. Many consider it a great everyday winter jacket. The weight is also appreciated.",https://www.amazon.com/dp/B0B5NS9XXB
282,B083W4JW26,COOFANDY Men's Rain Jacket with Hood Waterproof Lightweight Active Long Raincoat,COOFANDY Store,No especificado,No especificado,Men,In Stock,39.9927,39.9927,54.99,4.4,2734.0,7.913886714856082,50.0,3.9318256327243257,True,25.0,True,"【Premium Fabric】High qualtity rain jacket made of 80% nylon,20% polyester. Extremely waterpoof and windproof, quick drying, touch soft and super comfortable wear feel.【Waterproof】This long rain coat is covered with waterproof coating for quick drying.Smooth zippers with waterproof strip, buttons offer more secure protection. Velcro cuffs, below the knees length, adjustable hood and hem with elastic draw make sure a tight fit. The slim design delivers a more modern look.【Multiple Use】The breathable fabric makes sure that you can throw this jacket over your favorite tee on a rainy day in the middle of the summer. You can also layer up under this jacket for fall or winter use. The matt finish and the slick look ensure that no one knows you are using a rain jacket as a spring/fall windbreaker. You can also use this jacket to protect your pea coat from getting wet on a snow day.【Occassion】Hooded windbreaker jacket perfect for working in rain days, fishing, camping trip or hunting,bussiness trip, hiking, , outdoor party, adventure, theme parks, climbing, or any other outdoor activities. This full length rainjacket is also a great cosplay/game costume.【Garment Care】Please wipe off the dirt with a cloth. Note: Please do not iron that would damage the waterproof wax. No bleach. Do not machine wash. Hang to dry.",,"Customers find this raincoat fits well and is long enough to cover up to the ankles. It's waterproof, keeping them dry. They like the style and design. The coat is lightweight and functional, though some have mixed opinions on the quality and zipper length.",https://www.amazon.com/dp/B083W4JW26
283,B07VQJ8QGP,TACVASEN Men's Jackets-Bomber Jacket Fall Winter Warm Windbreaker Full Zip Casual Padded Coats,TACVASEN Store,TACVASEN,No especificado,Men,In Stock,39.982,39.982,49.98,4.5,7994.0,8.986571625268054,200.0,5.303304908059076,True,5.0,True,"Stylish stand-up collar design and full zip up.COMFORT FIT: Ribbing on collar, cuffs, and hem for a snug fit.MULTI POCKETS: 2 front slash zipper pockets, 1 pencil pocket on the left sleeve and 1 interior pockets on the chest.LINING DESIGN: Conspicuous orange polyester lining, warm and fashion.OCCASION: Classic design jackets for spring, fall and cold winter, perfect for casual wear, business, dates and parties or outdoor activities like hiking, picnicking, jogging, cycling, golf, traveling and so on.",,"Customers find the coat stylish and well-fitting. They appreciate its warmth, quality construction, and durability. The length is suitable for them, and the hem keeps it wind-resistant. Many customers find it comfortable, lightweight, and good value for money. However, some have issues with the zipper side.",https://www.amazon.com/dp/B07VQJ8QGP
284,B0076R6L58,Columbia Steens Mountain™ Full Zip 2.0,Columbia Store,Columbia,147667,Men,In Stock,45.95,45.95,45.95,4.6,2285.0,7.734558844354756,800.0,6.68586094706836,True,1.0,True,Zip-closed security pocket,"The next generation of a Columbia classic, this outdoor staple features a finely tuned fit and a soft-yet-rugged filament-fleece fabrication to keep you warm when temperatures plummet.","Customers find the fleece jacket fits well and has sleeves that fit true to size. They appreciate its quality, warmth, comfort, and soft, cozy material. The jacket is suitable for outdoor warmth or as a casual outfit in 50-degree weather. The neck is high enough to block cold air and wind.",https://www.amazon.com/dp/B0076R6L58
285,B01L0B0B24,Tommy Hilfiger Men's Down Alternative Hooded Puffer Jacket (Standard and Big & Tall),Tommy Hilfiger Store,Tommy Hilfiger,No especificado,Men,In Stock,84.0,84.0,84.0,4.5,8779.0,9.080231686629162,50.0,3.9318256327243257,True,11.0,True,WARMING FEATURES: This nylon puffer jacket has the role of blocking out the cold; It contains advantageous features such as rib knit storm cuffs and a fleece lined stand collar; Each feature adds to the insulation of the jacketFUNCTIONALITY: A center front zipper along with two side pockets gives viable storage; The fleece lined collar contains adjustable draw cords for insulation and warmthSTYLISH FEATURES: The jacket demonstrates the signature look of Tommy Hilfiger with an embroidered flag on the left chest; The cuffs also exuberate authenticity with a Tommy Flag placed on the inside of the cuffStand collar with fleece lining for added warmth,,"Customers appreciate the coat's style, fit, warmth, and quality. They find it looks good, fits true to size, and is insulated for cold weather. Many consider it a good value for the price, with durable materials and snowproofing. The coat is comfortable and lightweight, though some customers are disappointed with the color accuracy.",https://www.amazon.com/dp/B01L0B0B24
286,B07ZHXGYVG,"MAGCOMSEN Men's Hooded Windproof Water Resistant Rain Jacket Windbreaker 5 Pockets for Hiking,Fishing,Travel",MAGCOMSEN Store,No especificado,No especificado,Men,In Stock,40.7843,40.7843,71.99,4.4,971.0,6.879355804460439,0.0,0.0,False,14.0,True,"[Water-resistant] Water repellent jacket, zippers pockets are also waterproof design, you won't worry about getting wet while hiking or in rainy days, our rain jacket will keep your body dry and warm all day.[Windproof] Adjustable cuffs with hooks and loops help seal in warmth; Internal drawcord hem, detachable and adjustable storm hood, full length zip closure, stand collar, all the attentive designs keep out the wind effectively.[Breathable & Lightweight] The mesh lining fabric is more breathable and lightweight, can packs away into bag effortlessly. This rain jacket is adaptable to a variety of outdoor scenarios.[5 Pockets] This men jacket has 2 large zipper hand pockets, 1 waterproof zipper pocket on left chest, 2 inner pockets, keeping your odds and ends secure, providing enough room to essentials.[Occasions] An essential outdoor jacket for year-round use. Ideal outfits for sports, hiking, mountaineering, traveling, camping, rock climbing, cycling, fishing and other outdoor activities.",,"Customers appreciate the coat's well-made construction, attractive appearance, and water resistance. They find it comfortable and warm, with a nice color that looks like a high-end brand. Many consider it an excellent jacket for winter and a good transition coat from late winter to spring. However, some customers have differing opinions on the size and zipper quality.",https://www.amazon.com/dp/B07ZHXGYVG
287,B07GZX245D,INVACHI Men's Wool Blend Pea Coat Warm Winter Trench Coat with Detachable Soft Scarf Single Breasted Overcoat,INVACHI Store,INVACHI,No especificado,Men,In Stock,68.99,68.99,68.99,4.1,2882.0,7.9665866976384025,100.0,4.61512051684126,True,4.0,True,"Enhanced Comfort and Durability: Our men's wool trench coat is meticulously crafted from a high-quality wool and polyester blend, guaranteeing remarkable comfort and enduring strength.Design with Detachable Scarf: The INVACHI men's wool coat showcases a notched lapel design and a removable scarf, adding an element of elegance. Functional pockets and distinctive decorative elements underline its trendy style.Chic Pairing Choices: Our coat effortlessly adapts to both casual and formal settings. Match it with jeans and casual shoes for a relaxed look or pair it with tailored pants and leather shoes for a refined professional appearance.Versatility for All Occasions : Made from windproof woolen fabric, our coat comes in versatile colors like dark grey, black, camel, and navy blue. It's perfect for daily wear, office, school, or going out. Pair it with your favorite sweater or sweatshirt for a stylish look.Size Information: Our coats are available in US sizes. Consult our size chart for the best fit based on your shoulder width and chest measurements. If you have any inquiries, don't hesitate to contact us. Discover the perfect blend of fashion and functionality with the INVACHI men's wool coat.",,"Customers appreciate the coat's good looks, quality, and value for money. They find it warm and comfortable, especially during winter months. However, some have mixed opinions on the fit, weight, and pockets.",https://www.amazon.com/dp/B07GZX245D
288,B0B4RXVVFG,CAMEL CROWN Men's Mountain Snow Waterproof Ski Jacket Detachable Hood Windproof Fleece Parka Rain Jacket Winter Coat,CAMEL CROWN Store,No especificado,No especificado,Sport Specific Clothing,Low Stock,49.99,49.99,49.99,4.6,1984.0,7.59337419312129,50.0,3.9318256327243257,True,16.0,True,"➤ WATERPROOF- winter ski jacket for men has a waterproof index of 10,000mm. All the zippers are waterproof and can prevent water from permeating into the jacket. Now, with our advanced waterproof jacket, you don't have to worry about fog and rain ruining your outdoor adventure!➤ WARM & WINDBREAKER Jacket-This rain jacket for men is designed with a detachable hood and adjustable hem as well as elastic cuffs to seal off any openings where air may come in.➤ Anti-SCRATCH & WEAR RESISTANT -- The Ski coats shell is made of the polymer blending material. The strong textile fiber fabric shell, which can reduce the risk of accidental injury, avoids being scratched by rocks and branches and at the same time protects your body.➤MUTI-POCKET: The snow jacket for men with 2 zip-secured hand pockets, 1 zippered inner pocket and inner big pocket, and 1 waterproof chest zipper pocket. this winter jacket lets you conveniently bring your keys, wallet, and phone when you do outdoor sports.CAMEL CROWN high quality winter coats for men for Downhill Skiing, Snowboarding, Snow Sports, Hiking, Mountaineering, Camping, Rock Climbing, Cycling, and other winter outdoor activities.",,"Customers find this coat warm and well-insulated, keeping them out of the cold and rain. It has a nice style that looks professional on the outside. The sleeves are long enough for most customers. They appreciate the fit, quality, and value for money. Customers also like the softness, pockets, and waterproofing.",https://www.amazon.com/dp/B0B4RXVVFG
289,B08BG8D5TR,Carhartt Men's Loose Fit Washed Duck Sherpa-Lined Coat,Carhartt Store,Carhartt,No especificado,Men,In Stock,129.99,129.99,129.99,4.5,563.0,6.335054251498059,50.0,3.9318256327243257,True,54.0,True,"12-ounce, 100% cotton washed duckSherpa lining in body, quilted-nylon lining in sleevesUnder-collar snaps for optional hoodLeft-chest pocket with zipper closure, Two large Sherpa-lined front pocketsReplaces style C61",Carhartt Men's Loose Fit Washed Duck Sherpa-Lined Coat,"Customers find the coat warm and well-made. They appreciate its durability, good looks, and value for money. However, some find the zipper difficult to use, especially when it's sticky or heavy-duty. There are mixed opinions on sizing.",https://www.amazon.com/dp/B08BG8D5TR
290,B09J18SNGM,SOMTHRON Men's Casual Trench Coat Slim Fit Notched Collar Long Jacket Overcoat Single Breasted Pea Coat wih Pockets,SOMTHRON Store,No especificado,No especificado,Men,In Stock,54.99,54.99,54.99,4.2,1353.0,7.21081845347222,200.0,5.303304908059076,True,1.0,True,"【SOFT MATERIAL】 Our long trench coat made of 95%POLYESTER,5%SPANDEX. soft, cozy, warm and comfortable to wear. Keeps you warm in cold winter.【FEATURES & DESIGN】 Long sleeve, long lapel coat, notched collar design, single breasted 3 buttons, trench coat with two pockets, slim fit, business work style. Show man elegant charm and perfect figure. Best Gifts for Husband, Father, Son and Friends.【MATCHING】 It can be matched with shirts, leather shoes, suits, trousers, jeans, etc【OCCASIONS】 Suitable for Spring, Fall and Winter. Perfect for daily wear, work, school, dates, business, meeting, any occasion is perfect!【NOTICE】 We offer US SIZE items, please refer to our brand size chart and select your fit size according to it.(Not Amazon Size Chart)",,"Customers find the coat has a nice appearance and color. They find it comfortable and warm, with good value for the price. However, opinions differ on the fit, material quality, thickness, and fabric quality.",https://www.amazon.com/dp/B09J18SNGM
291,B09QRMVL84,GIISAM Mens Windproof Jacket Waterproof Lightweight Mountain Sport Jacket for Men Hooded Windbreaker Raincoat,GIISAM Store,GIISAM,No especificado,Men,In Stock,35.99,35.99,35.99,4.3,2480.0,7.816416983691801,100.0,4.61512051684126,True,29.0,True,"[High-quality Material]: This men's rain jacket is made of professional waterproof and windproof polyester fiber and professional-grade TPU coating material, which effectively blocks the penetration of moisture, while also protecting against wind.[Lightweight and Breathable]: The lightweight mesh lining of the rain coat effectively wicks away sweat, leaving you feeling breathable and dry throughout the day. More amazing is that the men's rain jacket can be folded easily into your bag even your pants pocket, suitable for travel, daily wear and other occasions.[Multi Pockets]: GIISAM Men Hooded Hiking Coat has seal tape invisible inside chest pockets, two occlusion waterproof side pocket, which provide enough and convenience room to put the accessories, such as mobile phones, keys, cards, etc.[Adjustable Highlights]: The hood of this men's rain jacket is detachable and the hood has stretch straps to fit various environmental needs. Detachable hood provides different ways of wearing. The sleeves have adjustable cuffs, which can resist the cold wind and make it easy to adjust the length of the sleeves.[Multi Occasions]: An essential and relaxed-fit outdoor&travelling insulated jacket for year-round use, which meet your active lifestyle: traveling, hiking, sailing, fishing, camping, rock climbing, cycling and daily wear.",,"Customers find the jacket looks good and feels comfortable. They appreciate its warmth, weight, and value for money. However, some customers have reported issues with the zippers and pockets being too small or oversized. There are mixed opinions on the overall quality, waterproofing, and fit.",https://www.amazon.com/dp/B09QRMVL84
292,B07L57PG34,TACVASEN Men's Winter Jacket Cotton Military Jackets Fleece Lined Thick Work Warm Cargo Coats with Hooded,TACVASEN Store,TACVASEN,No especificado,Men,In Stock,68.3837,68.3837,108.99,4.4,7164.0,8.876963340262272,50.0,3.9318256327243257,True,59.0,True,"Fleece Lining:The men warm coats, available in durable cotton shell fabric and thick fleece lining, keep you warm in cold weather and providing maximum wind protection in all directions. (Zipper head on the left.)Windproof:Mens thick winter jackets with detachable zip hood, drawstring design, adjustable cuffs, button stand collar, and full zipper closure, all the well-designs keep out the wind effectively, and help seal in warmth.8 Multi-Pockets:This work jacket has a lot of utility pockets, different sized pockets for different storage needs. 2 button flap pockets on chest, 2 button flap pockets, 2 slant hand pockets, 1 inner hidden pocket on left chest, 1 Pocket on the left sleeve.Occasions:Mens winter jacket can be used in a variety of scenarios such as working, hunting, traveling, military, tactical, hiking, camping, training, motorcycling, daily casual wear.Classical Design:Old-fashioned army field jacket, durable and easy to match, very suitable for autumn and winter season. (The chest and shoulder patches can be removed in a few minutes, or replaced with a favorite badge sewn on.)",,"Customers appreciate the coat's style, warmth, and quality. They find it comfortable and warm, suitable for cold weather down to about 40 degrees Fahrenheit. The material feels soft and broken-in, with a nice fuzzy lining around the chest. Many consider it a good value for money and appreciate the ample pocket space. However, some customers have issues with the zipper quality and have differing opinions on how well it fits.",https://www.amazon.com/dp/B07L57PG34
293,B09BVPH8FX,QPNGRP Mens Waterproof Ski Snowboard Jacket Winter Windproof Snow Coat,QPNGRP Store,QPNGRP,No especificado,Sport Specific Clothing,In Stock,63.99,63.99,63.99,4.5,4605.0,8.43511508038063,400.0,5.993961427306569,True,5.0,True,"Fit type: skiing jacket offers a regular fit for menFeatures: removable insulated storm hood and cuffs with hook loopExterior multi pockets: 2 big zippered hand pockets, 1 waterproof zippered chest pocketInterior pocket: 1 zippered phone pocket on the leftApplication: outdoor sports, skiing, snowboarding, traveling, cycling, hiking, mountaineering, rock climbing, hunting and camping etc",,"Customers find the coat warm with a hood that keeps their heads from freezing in cold weather. They are satisfied with the fit, length, and comfort of the coat. Many consider it a nice winter coat that looks good enough to wear on many occasions. The coat offers excellent value for money and is worth the buy. While most customers appreciate its wind resistance, some are unhappy with the zipper quality. There are mixed opinions on the overall quality of the coat.",https://www.amazon.com/dp/B09BVPH8FX
294,B0BBDTT6D4,KEFITEVD Men's Jacket Casual Windproof Bomber Jackets Full Zip Windbreaker Jackets Warm Winter Padded Coats Bomber Jackets,KEFITEVD Store,KEFITEVD,KEF-253-9939D,Men,In Stock,49.98,49.98,49.98,4.6,1038.0,6.946013991099227,0.0,0.0,False,13.0,True,"Material: Polyester. Warm, Windproof, Water-resistant and Comfortable.Keep Warm: This quilted jacket is warm, stylish and not bulky, keeping you fashionable, comfortable and warm in fall, winter and spring. Its weight is between lightweight and heavyweight.Multi Pockets: 2 zipper hand pockets, 1 zipper pocket and 2 pencil pockets on the left sleeve, 1 interior pocket for safe storage of everyday essentials.Features: Rib knit collar, cuffs and hem for a comfortable fit. Windproof design can prevent cold air from entering the interior of the jacket and minimize body heat loss. Note: The zipper head is on the left.(not womens jacket).Occasion: This men's jacket is a must-have item in fall, winter and spring wardrobes. Perfect for daily leisure life, sports, business work, party, golf, outdoor, etc.",,"Customers find the jacket fits well and provides warmth even in low temperatures. They appreciate its nice style, color, and warmth. The material is of good quality, with a well-padded interior that blocks weather and chill well. Many find it comfortable and lightweight, though some have differing opinions on the zipper quality.",https://www.amazon.com/dp/B0BBDTT6D4
295,B07PZ8M9H4,Amazon Essentials Men's Heavyweight Hooded Puffer Coat,Amazon Essentials Store,Amazon Essentials,AE2018150,Men,In Stock,41.5432,41.5432,61.0,4.6,5503.0,8.61323037961318,50.0,3.9318256327243257,True,22.0,True,"RELAXED FIT: Comfortable, relaxed fit.WATER-RESISTANT POLYESTER TAFFETA: Polyester plain weave shell fabric. Fully lined, quilted and insulated.COLD-WEATHER STYLING: Stay warm in this versatile water-resistant puffer jacket featuring a full-length center front zipper and hood.DETAILS: Fleece-lined and insulated hood, full-length front zipper and storm flap with snap closures, two front zippered hand pockets, and interior knit sleeve cuffs.","We listen to customer feedback and fine-tune every detail to ensure our clothes are more comfortable, higher quality, and longer lasting—at affordable prices for the whole family.","Customers find the jacket warm and suitable for cold winter months. They appreciate its good fit, comfortable cuffs, and nice appearance. Many consider it an excellent value for the price, with quality construction and thick material. The weight and water resistance are also appreciated. However, some customers have mixed opinions on the zipper quality.",https://www.amazon.com/dp/B07PZ8M9H4
296,B082F1D3Z6,Outdoor Ventures Men's Lightweight Packable Puffer Winter Jacket Insulated Puffy Coat for Snow Ski Hiking Travel,Outdoor Ventures Store,No especificado,No especificado,Men,In Stock,55.99,55.99,55.99,4.5,1159.0,7.05617528410041,200.0,5.303304908059076,True,5.0,True,"[More Comfortable] Outdoor Ventures puffer jacket features high-tech insulation to insulate cold air and retain warmth; The elasticized cuffs and hem of the new version winter coat which can more effectively prevent wind from entering and make you warmer; Impeccable fit built to keep you protected in milder weather; Center-front zipper has zipper garage at chin for next-to-skin comfort.[Humanized Design] Outdoor Ventures men puffer jacket includes 2 outside zipper pockets and 1 zipper chest pocket. It is great for storing money, keys, phone, wallet, passport etc, providing great privacy and convenience for you.[Packable Design] It is convenient to pack with a storage bag; The storage bag comes with a drawstring and clip, which will help you hook it and hang this winter coat on the backpack.[Warm Lightweight Winter Jacket] Outdoor Ventures lightweight insulated jacket features water-resistant fabric which will keep you dry in light rainy day; this full zip jacket is versatile as a 3-season jacket in fall, spring and winter.[Multipurpose] Our outdoor apparel suitable for casual wear, outdoor work, traveling, cycling, hiking, fishing, camping. A must for your wardrobe in spring, autumn and winter.",,"Customers find the coat fits well, keeps them warm, and is lightweight. They appreciate its quality, value for money, and comfort. The jacket looks nice and feels good.",https://www.amazon.com/dp/B082F1D3Z6
297,B01LXS51OS,LONDON FOG Men's Wool Blend Car Coat with Bib,LONDON FOG Store,London Fog Men's Outerwear,L10116,Men,In Stock,119.97,119.97,119.97,4.6,355.0,5.87493073085203,0.0,0.0,False,79.0,True,ImportedInner contrast color stand collar bib with knit top collarPlaid upper body liningInsulated lining,Wool blend button front car coat with contrast color bib,"Customers appreciate the coat's quality, style, warmth, and value for money. They find it stylish and classy, suitable for both casual and formal wear. Many mention it's a cozy winter coat that keeps them warm without feeling too heavy. Some also appreciate its functionality, color, and fabric quality. However, opinions differ on how well it fits.",https://www.amazon.com/dp/B01LXS51OS
298,B09YPRWH1T,SCODI Men's Flannel Shirt Jacket Fleece Sherpa Lined Plaid Jackets Coat Full Zip Up Hoodie Winter Outwear,SCODI Store,No especificado,No especificado,Men,In Stock,59.9925,59.9925,79.99,4.3,968.0,6.876264611890766,0.0,0.0,False,135.0,True,"HIGH QUALITY FABRIC: This men's fleece jacket shell is made of polyester yarn dyed flannel fleece, and lining is made of polyester sherpa lining including the sleeves. The men flannel jacket soft and skin-friendly, warm and comfortable, bring you warm enough in the cold winter daysWINTER JACKET: Men's hooded jacket, full zipper design, with two button front chest pockets and two side hand pockets, which can provide enough safe space for your belongings. Men's sherpa lined jacket is great for daily wear and various outdoor activities, such as lounging, streetwear, traveling, mountaineering, running, sports activities, and workouts, etc. The perfect Birthday/Christmas gift for your father, husband, son, boyfriend and yourselfVERSATILE STYLE: Classic men's flannel plaid jacket, wearcomfort and fashion sense. Easy to pair with jeans, joggers, sweatpants, or pants for a relaxed, laid-back look, add depth and texture to your ensemble2024 NEW UPGRADE: According to Customers' feedbacks, the men flannel hoodie upgraded the zipper and stitching to make it more durable and added new styles to meet different aestheticsNOTICES: 2.5 LB for XL Size. This men jacket anti-pilling, anti-fading, support machine washing. Please choose the size refer to our SIZE CHART",,"Customers find the coat warm and comfortable, with good insulation. They appreciate its nice color and soft fleece lining. Many find it suitable for cold weather, though some feel it's a little thin for winter months. The coat looks nice and feels nice to wear. However, some customers dislike the seams and have mixed opinions on the fit, material quality, value for money, and zipper quality.",https://www.amazon.com/dp/B09YPRWH1T
299,B0DGB7H1MB,Wrangler Men's Quilted Lined Jacket with Sherpa Hood,Wrangler Store,Wrangler Riggs Workwear,65379,Men,In Stock,49.99,49.99,49.99,4.7,45.0,3.828641396489095,50.0,3.9318256327243257,True,34.0,True,"Warm Quilted Lining: Brushed tricot for exceptional warmth and comfortSherpa-Lined Hood: Extra cozy for those cold daysUtility Zip & Secured Inside Pockets: Convenient, secure storage for all your essentialsMetal Snap & Zip Closure: Effortless on/off for quick adjustmentsArticulated Elbows: Superior mobility and added durability","Introducing the Wrangler RIGGS Workwear Men's Quilted Lined Jacket with Sherpa Hood—where rugged durability meets unmatched comfort. Constructed from tough, resilient cotton duck, this jacket is designed to tackle the harshest conditions while keeping you warm and cozy. The plush Sherpa-lined hood adds an extra layer of softness and warmth, perfect for those chilly days. With utility zip pockets for secure storage, reinforced elbows for added durability, and hidden inside pockets for your essentials, this jacket is the ultimate blend of function and style. Gear up for anything life throws at you with a jacket that's as tough and ready as you are. Stay warm, stay unstoppable.","Customers find the coat well-made with nice material. They find it comfortable to wear and not tight or restrictive. The lining is good, and the value for money is good. However, some customers have mixed opinions on the fit.",https://www.amazon.com/dp/B0DGB7H1MB
301,B0CN2VVBV6,6 Pack Men's Quick Dry Long Sleeve Shirts Moisture Wicking Sun Protection Performance T-Shirt for Casual Workout,OYGSieg Store,No especificado,No especificado,Men,In Stock,39.98,39.98,39.98,4.6,1562.0,7.354362330421477,1000.0,6.90875477931522,True,11.0,True,"Quick Dry & Breathable: These active shirts feature quick-dry and breathable technology, wicking away moisture to keep you comfortable.Perfect Fit and Soft: Our mens long sleeve t shirts are made using a blend of 95% Polyester, 5% Spandex Strike the ideal balance between comfort and flexibility with a sweatshirt that is neither too loose nor too tight.UPF Sun Protection: Shield yourself from harmful UV rays during your outdoor runs. The UPF 50+ sun protection feature ensures that you can focus on your run without worrying about sun damage.Comfortable Design:4 way stretch fabric coupled with the flat seams and breathable fabric keep you comfortable all day.Versatile Performance: These shirts are not just for running, you can use for various activities. Whether you're hiking, camping, surfing, fishing, working out, golfing or engaging in any outdoor adventure, this shirt ensures optimal performance.",,"Customers find the shirts comfortable and well-made. They appreciate the good fit, comfort, quality fabric, and functionality. The shirts are reliable, effective at wicking away sweat, and provide great value for money. Customers also like the warmth, color quality, and wearability of the shirts.",https://www.amazon.com/dp/B0CN2VVBV6
302,B087G2XPB2,Workout Shirts for Men Short Sleeve Quick Dry Athletic Gym Active T Shirt Moisture Wicking,Brand: MCPORO,No especificado,No especificado,Men,In Stock,29.9823,29.9823,38.99,4.4,10820.0,9.289243969571649,200.0,5.303304908059076,True,10.0,True,"HIGH-PERFORMANCE ACTIVEWEAR: We combine soft, breathable and stretchy fabric with a functional and modern design to bring you men's athletic wear t-shirts that will give you the extra support you need to push your limits while playing or working outSOFT & COMFORTABLE: Our moisture-wicking t-shirts are made with comfort and functionality in mind. This is why each shirt is made using 4-way stretch fabric that's gentle on the skin and flexes with your body to bring you mens athletic shirts you can comfortably wear all dayBETTER WAY TO WORKOUT: The moisture-wicking short sleeve shirts provide you with the upper body support you need to push your limits while staying dry and cool. Great for most outdoor activities including sports, hiking, climbing, biking, cycling, weight lifting and just for daily useQUICK DRYING & MOISTURE WICKING: Thanks to the breathability of the fabric, our men's workout shirts wick away moisture from the skin and dry quickly so you can stay dry around the clock making them the great choice for any men that want to enjoy comfortable workout sessionsSTAY READY ALL YEAR: We designed our workout shirts for men to offer protection against the sun, enhanced breathability and just the right fit making them the great choice for use around the year in every season. They can also be layered with other clothes to create eye-catching combinations",,"Customers appreciate the quality, comfort, and value of these shirts. They mention the nice material, seams, and that they have held up well over time. Many like the softness and rich colors. Some are satisfied with the workout shirts, weight, and moisture wicking. However, there are mixed opinions on the fit.",https://www.amazon.com/dp/B087G2XPB2
303,B0CT3HL8KK,"3 Pack Mens Athletic Sweatpants with Zipper Pockets,Workout Gym Joggers Pants for Men Running Jogging Pants",Brand: PARISDIARY,No especificado,No especificado,Men,In Stock,45.99,45.99,45.99,4.5,1830.0,7.5126175446745105,2000.0,7.601402334583733,True,904.0,True,"87% Polyester, 13% SpandexImportedZipper closureMachine Wash",,"Customers appreciate the comfortable and stretchy pants with a nice feel to the material. They find the fit perfect, not too tight or baggy, with a slim fit through the calf down to ankle. The pants are made of good quality material that is rip-resistant. Customers like the style, saying it looks good and goes well with everything. They also mention the zipper pockets, weight, and workout quality.",https://www.amazon.com/dp/B0CT3HL8KK
304,B07DRN7QQD,Real Essentials 5 Pack: Men's Short Sleeve Dry Fit Active Crew Neck T Shirt - Athletic Running Gym Workout Tee Tops,Real Essentials Store,Real Essentials,No especificado,Men,In Stock,34.99,34.99,34.99,4.3,91800.0,11.427378469795439,300.0,5.707110264748875,True,376.0,True,"ACTIVE CREW T-SHIRTS: Elevate your workout gear with our pack of 5 men's athletic workout shirts. These camisas Para hombres provide the perfect blend of comfort and performance, whether you're in the gym, running on the track, or just doing errands.ATHLETIC STYLE: Look and feel great in the gym with our pack of 5 active workout t-shirts in solid colors. Perfect for layering or wearing alone, these shirts will give you the confidence you need to excel your workouts and lead in the gym.WORKOUT TRANSFORMER: Say goodbye to sweaty T-shirts with our quick-drying dry-fit fabric that wicks away moisture and keeps you cool and dry. The breathable dry fit material easily cools heat and feels super-soft on your skinWORKOUT WITH FREE MOTION: Enjoy a non-restrictive cut and 4 way stretch construction that allows for optimal range of motion, so you can tackle any activity with ease. Our shirts also feature a tag-free neckline for pure comfort trainingGYM STAPLES FOR MEN : Add some style to your gym wardrobe with our stylish and vibrant men's athletic crewneck shirts. Designed with your comfort and performance in mind, these shirts are a true classic that will never go out of style.","Introducing the Real Essentials Men's 5-Pack Dry Fit Shirts, the perfect addition to your active wardrobe. These versatile camisas Para hombres Triblend combine style, comfort, and performance to meet all your needs. Crafted with high-quality materials, these shirts offer exceptional durability and a comfortable fit. Whether you're hitting the gym or running errands, these shirts keep you looking stylish and feeling great. Designed with a classic crew neck, these shirts are perfect for any occasion. Wear them as standalone shirts or as a base layer for layering. The lightweight and breathable fabric ensures you stay cool and dry, even during intense workouts or hot summer days. Real Essentials understands the importance of functionality, which is why these shirts feature advanced dri-fit technology. The moisture-wicking fabric pulls sweat away from your skin, keeping you dry and comfortable throughout your activities. With their short sleeves and athletic fit, these shirts are ideal for workouts and sports. Whether you're running, playing tennis, or hitting the gym, these shirts provide the flexibility and freedom of movement you need. In addition to their performance features, these shirts come in a pack of five, offering great value for your money. Choose from a variety of colors, including white, black, red, and grey, to suit your style. Upgrade your activewear with Real Essentials Men's 5-Pack Dry Fit Shirts. Experience the perfect blend of style, comfort, and performance. Don't let sweat or discomfort hold you back. Choose Real Essentials and take your workouts to the next level.","Customers find the shirts comfortable and soft, with a smooth feel. They appreciate the value for money, considering them a great purchase. The shirts have a decent look with attention to detail in the design. Many like the workout shirts, color, and lightweight fabric. However, some customers have mixed opinions on the fit and material quality.",https://www.amazon.com/dp/B07DRN7QQD
305,B09H79QJSH,"G Gradual Men's Sweatpants with Zipper Pockets Tapered Joggers for Men Athletic Pants for Workout, Jogging, Running",G Gradual Store,No especificado,No especificado,Men,In Stock,29.9925,29.9925,39.99,4.5,9633.0,9.173053787190167,3000.0,8.006700845440367,True,176.0,True,"STRETCHY FABRIC: Comfortable, soft and 4-way stretch fabric, enhances the stretchability of sweatpants and increases the range of motion.3 ZIPPER POCKETS: Zip pockets at sides and back for convenient and secure storage, allows you can comfortably enjoy the exercise time.ADJUSTABLE ELASTIC WAISTBAND: Elastic waistband and adjustable inner drawstring offer different people's custom fit.STYLISH DESIGN: The tapered leg design with enough length makes you look slim and athletic, open tapered leg allows pants to rest comfortably over shoes.VERSATILE & MULTI SWEATPANTS: G GRADUAL athletic sports sweatpants are perfect for workout, running, jogging, cycling, walking and lounging at home.",,"Customers appreciate the pants' fit, comfort, and appearance. They find the length perfect, the material soft and stretchy, and the zippered pockets deep enough to hold essentials securely. The pants look good enough to wear out on the town and feel comfortable enough to lounge around the house. Customers also like the quality, durability, and functionality of the pants.",https://www.amazon.com/dp/B09H79QJSH
306,B08P1NVJDW,"G Gradual Men's Sweatpants with Zipper Pockets Athletic Pants Traning Track Pants Joggers for Men Soccer, Running, Workout",G Gradual Store,No especificado,No especificado,Men,In Stock,29.99,29.99,29.99,4.5,8813.0,9.084096645401932,3000.0,8.006700845440367,True,287.0,True,"The pants are made of 87% polyester and 13% spandex. Smooth and stretchy material keep comfortable wear experience.Elastic waistband and adjustable inner drawstring offer different people's custom fit.Side deep pockets and back pocket are all designed with zipper to ensure put phone, cards safe when moving.Tapered trouser legs and stretchy ankle cuffs keep length suitable for doing exercise.These men's pants are perfect for gym, soccer, running, jogging, workout, athletic, track, traning and others sports.",,"Customers find the pants comfortable and versatile. They appreciate the soft, silky material that feels great against the skin. The pants are made of high-quality material that is durable and long-lasting. The sleek, modern design is a favorite among customers. The zipper pockets are also appreciated for their convenience.",https://www.amazon.com/dp/B08P1NVJDW
307,B0785VV446,Under Armour Men's Tech 2.0 Short-Sleeve T-Shirt,Under Armour Store,Under Armour Apparel,1326413,Men,In Stock,16.5334,16.5334,25.0,4.5,23949.0,10.083723602839061,1000.0,6.90875477931522,True,8.0,True,"UA Tech fabric is quick-drying, ultra-soft & has a more natural feelMaterial wicks sweat & dries really fastAnti-odor technology is a superlative innovation which helps prevents odorNew, streamlined fit & shaped hemUnder Armour's mission is to make all athletes better through passion, design and the relentless pursuit of innovation","UA Tech fabric is quick-drying, ultra-soft & has a more natural feel. Material wicks sweat & dries really fast. New, streamlined fit & shaped hem. UA Tech™ is our original go-to training gear: loose, light, and it keeps you cool. That's why this men's training T-shirt is everything you need. Loose: Fuller cut for complete comfort. TALL Sizes: All tall sizes are 2""/ 5 cm longer than regular sizes. Sleeve lengths are adjusted proportionately depending on silhouette.Stretchy, anti-odor fabric is built to last.","Customers find the shirt has a nice look and comfortable feel. They appreciate its durable, breathable material and modern design. However, some find the material too thin and see-through, making it seem baggy or low-quality. There are mixed opinions on the fit.",https://www.amazon.com/dp/B0785VV446
308,B09KWY2C3W,Real Essentials 3 Pack: Men's Mesh Athletic Gym Workout Lounge Open Bottom Sweatpants with Pockets (Available in Big & Tall),Real Essentials Store,No especificado,No especificado,Men,In Stock,34.99,34.99,34.99,4.1,6441.0,8.770594329891145,600.0,6.398594934535208,True,10.0,True,"Our Men's Mesh Athletic Sweatpants outshine the competition with their innovative open-bottom design, ensuring unbeatable comfort and style during workouts, sports, or casual lounging. Say goodbye to restrictive pants!Elevate Your Lifestyle: Elevate your workouts and lounging experience with these sweatpants. Featuring quick-dry technology and ample pockets for your essentials, these pants are perfect for gym sessions, soccer practice, or simply relaxing in ultimate comfort.Feature-Packed Performance: Real Essentials' sweatpants are loaded with features like a convenient drawstring, versatile for various waist sizes, making them perfect for track running, training, and all your active endeavors.Endless Options: Get more bang for your buck with our multi-pack options. Enjoy multiple pairs of these versatile pants in different colors to suit your mood, occasion, or style. Real Essentials knows how to stretch your dollar further!Real Essentials' Commitment to the Family: At Real Essentials, we're dedicated to providing affordable, high-quality clothing options for hardworking families. When you choose our Men's Mesh Athletic Sweatpants, you're not just getting great pants - you're supporting our mission to make comfort and style accessible to everyone. Join the Real Essentials family today!",,"Customers find the pants comfortable and easy to wear with breathable fabric. They consider them good value for money and worth it for casual track pants. Many appreciate the lightweight material and color variety. However, some customers have issues with the pockets not staying in place or coming unseamed. There are mixed opinions on the fit, stitching quality, and material thickness.",https://www.amazon.com/dp/B09KWY2C3W
309,B07815BYTV,Under Armour Men's Tech 2.0 V-Neck Short-Sleeve T-Shirt,Under Armour Store,Under Armour Apparel,1328190,Men,In Stock,16.9332,16.9332,25.0,4.4,2012.0,7.607381425639791,600.0,6.398594934535208,True,215.0,True,"UA Tech fabric is quick-drying, ultra-soft & has a more natural feel|Material wicks sweat & dries really fast|Anti-odor technology prevents the growth of odor-causing microbes|New, streamlined fit & shaped hem","UA Tech fabric is quick-drying, ultra-soft & has a more natural feel. Material wicks sweat & dries really fast. New, streamlined fit & shaped hem.Stretchy, anti-odor fabric is built to last.","Customers find the shirt's fit, color, and material quality satisfactory. They find it suitable for physical activity like workouts, sports, and the gym. Many appreciate the nice look and lightweight fabric. While some customers appreciate the quality, comfort, and climate, others have differing opinions on the material thickness.",https://www.amazon.com/dp/B07815BYTV
310,B01GH5KNR6,Under Armour Men's Tech Golf Polo,Under Armour Store,Under Armour,1290140,Men,In Stock,18.8053,18.8053,39.99,4.7,61179.0,11.021575617704894,3000.0,8.006700845440367,True,67.0,True,"Textured fabric that's soft, light & breathable|Material wicks sweat & dries really fast|Anti-odor technology prevents the growth of odor-causing microbes","UA Tech™ is our original go-to training gear: Under Armour men's Tech polos are loose, light, and keep you cool. Basically, they're built to be everything you need. Textured fabric that's soft, light & breathable. Material wicks sweat & dries really fast. 3-button placket. Self-fabric collar. Loose: Fuller cut for complete comfort. 100% Polyester.","Customers find the shirt has a good fit and style. They appreciate the flattering shoulders, collar, and extra length for tucking in. The colors are nice and bold, making it a perfect golf shirt. Customers describe the shirt as sturdy and substantial, with a soft, lined texture. They also like the comfort, saying the material is soft against the skin and has a slight stretch. Overall, customers find the shirt comfortable and great quality for the price.",https://www.amazon.com/dp/B01GH5KNR6
312,B09CD5QCJJ,LBL Leading the Better Life Men's Sweat Suit 2 Piece Outfit Casual Contrast Sports Jogging Tracksuits Set,LBL Leading the Better Life Store,No especificado,No especificado,Men,In Stock,43.99,43.99,43.99,4.1,1965.0,7.583756300707112,100.0,4.61512051684126,True,17.0,True,"[High Quality Material]: Lightweight, comfortable quality polyester material with stylish design, fits for Spring/Autumn/ Winter Active wear.[Sweat suit Jacket]:2 zipper pockets and warmth-sealing ribbed cuffs and hem.[Jogger Sweatpants]: Jogger pants, elastic drawstring waist, 2 side slant pockets, side contrast color stripe decoration, ankle banded pants.[Occasion]: this track suits for men set is great for gym workout, training, camping, jogging, traveling, fishing, hiking, sports, club, or wearing at home.[Great Gift]: Men's sweatsuits 2 piece sets are Good gift choice for your Husband, Father, Son, Boyfriend and Friends.",,"Customers find the track suit looks good and feels comfortable. They like the color and fit, saying it's true to the picture. The material feels cool and fantastic, making it great casual wear. Many customers appreciate the weight. However, some are disappointed with the fabric quality. Opinions vary on the fit, material quality, value for money, and zipper quality.",https://www.amazon.com/dp/B09CD5QCJJ
313,B0B728NH19,5 Pack Men's Active Quick Dry Crew Neck T Shirts | Athletic Running Gym Workout Short Sleeve Tee Tops Bulk,Liberty Imports Store,Liberty Imports,No especificado,Men,In Stock,39.9533,39.9533,59.95,4.6,46920.0,10.756220615413271,1000.0,6.90875477931522,True,334.0,True,"ATHLETIC CREWNECK SHIRTS: Elevate your workout gear with our pack of 5 premium men's athletic crewneck shirts. These shirts provide the perfect blend of comfort and performance, whether you're pumping iron, hitting the track, or just running errands.ACTIVE STYLE: Look and feel great in the gym with our set of 5 premium athletic crewneck t-shirts in solid colors. Perfect for layering or wearing solo, these shirts will give you the confidence you need to crush your workouts and stand out in the gym.GAME CHANGER: Say goodbye to sweaty, uncomfortable shirts with our quick-drying fabric that wicks away moisture and keeps you cool and dry. The breathable material easily dissipates heat and feels ultra-soft on the skin.MOVE WITH EASE: Enjoy a non-restrictive cut and 4-way stretch construction that allows for optimal range of motion, so you can tackle any activity with ease. Our shirts also feature a tag-free neckline for distraction-free training.MEN'S GYM STAPLES: Add some flair to your gym wardrobe with our stylish and vibrant athletic crewneck shirts. Designed with your comfort and performance in mind, these shirts are a true classic that will never go out of style.",,"Customers find the shirts have a good fit, good quality, and comfortable material. They are true to size, suitable for all body types, and hold up well through use and washing. The breathable fabric feels soft and smooth against the skin. Customers appreciate the gorgeous designs and colors. The shirts offer great value for the price, with a lightweight design that's suitable for workouts and wicking ability.",https://www.amazon.com/dp/B0B728NH19
314,B00JUM4CT4,Hanes Men's EcoSmart Fleece Full-Zip Hoodie Sweatshirt,Hanes Store,No especificado,No especificado,Men,In Stock,13.3544,13.3544,24.0,4.5,79336.0,11.281459881404855,3000.0,8.006700845440367,True,30.0,True,"FLEECE TO FEEL GOOD ABOUT - This Hanes EcoSmart zip-up hoodie is made with cotton sourced from American farms.CLASSIC ZIP-FRONT SILHOUETTE - Hooded sweatshirt with full-zip front featuring a drawstring hood and front pockets.UNISEX SIZING - This zip-up hoodie is designed with a standard men's fit that also creates an effortless, oversized look for women. Female model is 5'8"" and wearing a size medium.MADE TO STAY SOFT - Made with thick, sturdy fleece for extra warmth.DESIGN DETAILS - Double-needle stitching at the neck and armhole seams for quality and sturdiness, plus a dyed-to-match drawstring at the hood. Ribbed cuffs and hem.BIG & TALL OPTIONS - This men's sweatshirt is available in Big Men's sizing so you can always find your perfect fit.","Hanes® EcoSmart® fleece is your new go-to wardrobe staple. Soft and plush, this cozy zip-up fleece hoodie is made of a midweight cotton/poly fleece blend that features cotton sourced from American farms. The fleece in this classic zip-front hooded jacket is incredibly soft, thick, and made to keep its warm, cozy feel. And it will hold its shape, thanks to ribbed cuffs and hem. Double-needle stitching at the neck and armhole seams further enhances quality and sturdiness. In classic hoodie style, there's a split kangaroo pocket and a dyed-to-match drawstring at the hood.","Customers find the sweatshirt comfortable and well-made. They appreciate its good fit, color, and value for money. Some are satisfied with the weight and warmth, while others have differing opinions on the size and material thickness.",https://www.amazon.com/dp/B00JUM4CT4
315,B01L8JJ5KC,"Hanes Men's EcoSmart Fleece, Pullover Crewneck Sweatshirt, 1 or 2 Pack",Hanes Store,Hanes Branded Printwear,P1607,Men,In Stock,11.9933,11.9933,18.0,4.6,9013.0,9.106534203250593,4000.0,8.294299608857235,True,13.0,True,"FLEECE TO FEEL GOOD ABOUT - This men's pullover sweatshirt is made with cotton sourced from American farms.STAYS SOFT - Thick, sturdy fleece keeps this crewneck sweatshirt warm and cozy.UNISEX SIZING - This sweatshirt is designed with a standard men's fit that also creates an effortless, oversized look for women. Female model is 5'8"" and wearing a size medium.MADE TO LAST - Double-needle stitching at the neck and armholes adds extra quality and sturdiness to this men's sweatshirt.CLASSIC SILHOUETTE - Basic crewneck sweatshirt shaping for that versatile look you love.BIG & TALL OPTIONS - This pullover sweatshirt is available in Big Men's sizing up to 3XL, so you can find your perfect fit.","Hanes® EcoSmart® men's fleece sweatshirt is sure to become your new go-to wardrobe staple. Soft and plush, this cozy pullover sweatshirt is made from a midweight blend featuring cotton sourced from American farms. A classic crewneck style, this pullover is sturdy and made to keep its plush comfort for a long time. The fleece design is built to hold its shape thanks to a ribbed crewneck, cuffs, and hem. Double-needle stitching at the neck and armholes further enhance the quality and sturdiness. Pair this Hanes crewneck sweatshirt with everything from jeans to sweats for a laid-back look.","Customers find the sweatshirt comfortable with a soft inner lining. They appreciate its good looks, value for money, and quality. The sweatshirt is made well with durable material and eco-friendly practices. Many customers appreciate the warmth and weight of the sweatshirt. However, opinions differ on the fit and fabric thickness.",https://www.amazon.com/dp/B01L8JJ5KC
316,B01M2ZRGN4,Under Armour Men's Sportstyle Tricot Joggers,Under Armour Store,Under Armour,1290261,Men,In Stock,52.7412,52.7412,59.99,4.6,15566.0,9.65290856803585,500.0,6.2166061010848646,True,8.0,True,Durable knit fabric with a smooth face & a soft inner to trap warmth|Material wicks sweat & dries really fast|Ribbed waistband with external drawcord|Back left pocket & hand pockets with right-side internal phone pocket|Tapered leg & ribbed cuffs|Faux fly,"Durable knit fabric with a smooth face & a soft inner to trap warmth. Material wicks sweat & dries really fast. Ribbed waistband with external drawcord. Back left pocket & hand pockets with right-side internal phone pocket. Tapered leg & ribbed cuffs. Faux fly. Inseam: 30"" (Tall 32"").","Customers appreciate the pants for their comfortable fit, soft material, and good quality. They find the pants roomy near the thighs and tapered after the knees. Many customers like the look, saying it's not boring or baggy. The pants are great for working out and jogging. Customers also appreciate the zipper pockets, value for money, and warmth.",https://www.amazon.com/dp/B01M2ZRGN4
317,B07HDLPVLH,"Hanes Men's Ecosmart Jogger Sweatpants, Men's Midweight Fleece Lounge Pants, 30.5",Hanes Store,No especificado,No especificado,Men,In Stock,14.0536,14.0536,22.0,4.4,40158.0,10.600601853657185,2000.0,7.601402334583733,True,374.0,True,"FASHION TO FEEL GOOD ABOUT - Hanes EcoSmart mid-weight, year-round fleece sweats are made with cotton sourced from American farms.SOFT, PLUSH, AND STURDY - Thick fleece men's activewear stays warm and cozy, so they can be a longtime favorite.RELAXED SILHOUETTE - For warming up, cooling down, or kicking back, these men's joggers have a relaxed fit.CONVENIENT POCKETS - Side-seam pockets and single back pocket hold essentials.COMFORT AT THE WAIST - Functional drawcord adjusts for a custom, comfortable fit.QUALITY FABRIC - Hanes EcoSmart fleece sweatpants with pockets are made with a quality cotton/polyester blend.","Just-right men's joggers let you take leisure seriously while staying versatile. Hanes® EcoSmart™ mid-weight, year-round fleece sweats are made with cotton sourced from American farms, so you can feel good about your choice. Thick fleece is made with a quality cotton/polyester blend that stays warm and cozy, so jogger pants can be a longtime favorite. Whether you're kicking back or warming up for game day, these comfortable sweatpants for men have a relaxed, athletic fit that gets the job done. Side-seam pockets and single back pocket hold essentials, freeing up your hands. Throw these men's sweatpants in the washer on laundry day for easy care. Use cold water wash to reduce energy use. Love this men's activewear? Grab one in every color to maximize your style options.","Customers find the pants comfortable and a good value. They appreciate the soft feel on the inside, the midweight fabric, and the waist/length are good. Many customers are satisfied with the product quality, warmth, and sweat quality. However, some have mixed opinions on the fit, quality, and pockets.",https://www.amazon.com/dp/B07HDLPVLH
318,B01L9H7IS4,"Hanes Sport Xtemp Workout Pockets, Men's Training Pants",Hanes Store,Hanes Men's Athletic Child Code,O5A08,Men,In Stock,15.9045,15.9045,29.0,4.3,19146.0,9.859901324373205,700.0,6.55250788703459,True,12.0,True,"HANES SPORT – Performance. Style. Comfort. Hanes Sport apparel builds on our comfort heritage with innovative technologies to give you the looks that fit your life, your sport, and your style.STAY COOL – XTemp technology is engineered to adapt to your activity level and body temperature, keeping you cooler and drier all day.MOISTURE-WICKING PANTS – Cool Comfort fabric wicks sweat away to help you stay cooler.FAST DRYING – This men's activewear features Cool DRI technology that dries fabric faster so you stay more comfortable.ALL IN THE DETAILS – An elastic waistband with built-in quick cord adjusts and secures the fit of these training pants that feature a 32"" inseam, side-seam pockets, and an open-bottom hem.QUALITY FABRIC – These men's training workout pants are made from 100% polyester.","You put in the sweat. Let Hanes® do the rest. Hanes Sport™ men's activewear is designed to keep you fresher – no matter how long the workout. X-Temp™ performance training pants are engineered to adapt to your body temperature and activity level, keeping you comfortable. Cool Comfort™ fabric wicks away sweat while Cool DRI™ technology speeds drying. An elastic waistband and built-in quick cord adjust for the perfect fit. The result? You can focus on your training without the distraction of uncomfortable clothing. Featuring an open-bottom hem and convenient side pockets to stash your stuff, these pants are ready to work – or not – just as hard as you are.","Customers appreciate the comfortable and lightweight pants. They find them soft, suitable for relaxing, and breathable for summer. The pants have a nice look and are considered casual dress pants. Many customers find them good value for money. However, some customers are disappointed with the material thickness and have mixed opinions on the fit, quality, and overall product quality.",https://www.amazon.com/dp/B01L9H7IS4
321,B00JUM2V8I,Hanes Men's EcoSmart Fleece Hoodie Sweatshirt,Hanes Store,No especificado,P170,Men,In Stock,12.4643,12.4643,22.0,4.5,155236.0,11.952708260379856,3000.0,8.006700845440367,True,4.0,True,"FLEECE TO FEEL GOOD ABOUT - Hanes EcoSmart men's hoodie is made with cotton sourced from American farms.HOODED DESIGN - Classic fleece hoodie styling featuring a dyed-to-match drawstring for the perfect fit.UNISEX SIZING - This hooded sweatshirt is designed with a standard men's fit that also creates an effortless, oversized look for women. Female model is 5'8"" and wearing a size medium.COMFY COZY - Midweight fleece keeps you warm without the bulk.KANGAROO POCKET - This men's sweatshirt features a front kangaroo pocket to keep hands warm and hold small, everyday essentials.MADE TO LAST - Comfortable design with double-needle stitching at the neck and armholes for added sturdiness. Sporty ribbed cuffs and hem hold their shape.","When you're shopping for your next fleece hooded sweatshirt, why not choose one that you can feel good about buying while feeling good wearing? Hanes EcoSmart fleece is your new go-to wardrobe staple. Soft and plush, this cozy hoodie is made of mid-weight cotton/poly fleece with up to 5% of the poly fibers. The fleece in this classic hoodie is pill-resistant, super-soft, and made to keep its plush feel for a long time. And it will hold its shape thanks to ribbed cuffs and hem. Double-needle stitching at the neck and armhole seams further enhance quality and durability. In classic hoodie style, there's also a front kangaroo pocket. Here's a soft, warm, fleece hooded sweatshirt to wear well and with pride.","Customers appreciate the sweatshirt's soft, cozy fabric and stylish design. They find it durable and able to withstand tugging and stretching. Many consider it good value for the price. The warmth and color are also praised. However, opinions differ regarding the fit and thickness.",https://www.amazon.com/dp/B00JUM2V8I
322,B08LTC498Q,"Ultra Performance 3 Pack Fleece Active Tech Joggers for Men, Mens Sweatpants with Zipper Pockets",Ultra Performance Store,No especificado,No especificado,Men,In Stock,34.9942,34.9942,59.99,4.0,8737.0,9.075436609511382,1000.0,6.90875477931522,True,18.0,True,"Men's Joggers: If you are looking for high-quality men's joggers sweatpants for men then look no further. We're proud to offer durable mens jogger pants, the perfect gifts for men.Mens Joggers Material: High-quality fleece mens athletic pants make for the ideal mens workout pants.Jogger Pants For Men Styles With Zipper Pocket: Our activewear tech fleece joggers for men come in 3 styles: Black sweatpants 3 Pack, Color Block 3 Pack & Black, Heather Grey & Charcoal Grey sweatpants 3 Pack. All feature a high-tech, heat-sealed oversized zipper pocket.Men's Jogger Sizes: Fleece mens sweatpants with pockets Sizes; Small, Medium, Large, X-large, 2X, 3X, 4X, And 5X.Satisfaction Guaranteed: Based on the confidence in quality, our mens jogger sweatpants 3 pack is protected by worry-free support. Customer satisfaction is our top priority.","Joggers for men are a staple in every wardrobe these dayJoggers for men are a staple in every wardrobe these days. Mens joggers with pockets come in a variety of different styles that can fit just about any occasion. Whether you're going out for an errand, heading to the airport, or having an informal dinner, there is a style of mens joggers pants just right for you. We're proud to offer durable workout pants for men. Our mens sweatpants joggers come in 3 styles; Solid Color Mens Sweats with Rubber Side Zipper, Color Block Fleece jogging pants men with Rubber Size Zipper & Solid Color Joggers For Men 3 Pack with Colored Rubber Side Zipper. Pack of 3. mens joggers sweatpants sizes are Small, Medium, Large, X-Large, 2X, 3X, 4X, and 5X.s. Mens joggers with pockets come in a variety of different styles that can fit just about any occasion. Whether you're going out for an errand, heading to the airport, or having an informal dinner, there is a style of mens joggers pants just right for you. We're proud to offer durable workout pants for men. Our mens sweatpants joggers come in 3 styles; Solid Color Mens Sweats with Rubber Side Zipper, Color Block Fleece jogging pants men with Rubber Size Zipper & Solid Color Joggers For Men 3 Pack with Colored Rubber Side Zipper. Pack of 3. mens joggers sweatpants sizes are Small, Medium, Large, X-Large, 2X, 3X, 4X, and 5X.","Customers find the pants comfortable and warm. They appreciate the good value for money, style, and warmth. However, some customers have issues with the zipper quality and pocket depth. There are mixed opinions on the overall quality and fit.",https://www.amazon.com/dp/B08LTC498Q
323,B07NWY7XK9,Real Essentials 4 Pack: Men's Dry-Fit UV Moisture Wicking UPF 50+ SPF Sun Protective Fishing Hiking Active Long Sleeve Shirt,Real Essentials Store,Real Essentials,Long Sleeve,Men,Other,34.993,34.993,50.0,4.4,53960.0,10.896016842396081,200.0,5.303304908059076,True,642.0,True,"Moisture-Wicking & Quick-Dry Performance: Stay cool and comfortable with our men's athletic shirts, designed with moisture-wicking and quick-dry fabric. These long sleeve tees are ideal for intense workouts, whether at the gym, running, or hiking. Available in black, white, blue, and orange, perfect for both casual and activewear. The cool dry fit technology keeps you feeling fresh in all conditions.Multi-Pack Essentials for Every Occasion: Stock up with our convenient multi-pack of dry fit t-shirts for men. From gym to construction work, these camisas para hombres and camisetas hombre are perfect for everyday wear, offering a lightweight and breathable fit. Choose from a variety of styles, including rash guard, compression shirts, and thermal options for colder months, ideal as winter sweatshirts or fall clothes.SPF & UPF Sun Protection: Enjoy superior sun protection with our quick-dry and compression t-shirts featuring SPF, UV, and UPF 50+ ratings. These work shirts are perfect for construction, fishing, golf, and other outdoor activities. Available in hi-vis orange for enhanced visibility during work or running, these manga larga tees are built for performance and protection.Versatile All-Season Wear: From fall to winter, these long sleeve t-shirts are perfect for layering or wearing solo. Crafted from breathable polyester, they provide warmth during cooler months while still being lightweight enough for summer activities. Great for casual wear, construction, or as an undershirt, these essential shirts offer durability and comfort throughout the year.Durable & Stylish Everyday Wear: Built to last, our good fellow playeras combine style and function. Ideal for work, gym, or leisure, these drifit shirts feature a comfortable fit and are available in classic black, red, white, and more. Whether you're on a construction site, hitting the gym, or going for a run, these adult tees offer reliable moisture-wicking and quick-dry features to keep you at your best.","Men's Athletic Shirts: Stay Cool, Comfortable, and Protected Whether you're hitting the gym, going for a run, or working on a construction site, our men's athletic shirts are designed to keep you cool, comfortable, and protected. Made from premium polyester and cotton blends, these moisture-wicking and quick-dry tees ensure you stay dry even during the most intense activities. The lightweight fabric offers excellent breathability, making these shirts perfect for workouts, casual wear, or outdoor activities. Perfect for Every Season Available in various styles like long sleeve tees, compression shirts, and rash guards, these shirts are designed for year-round comfort. In cooler months, our thermal options keep you warm, while the breathable fabric is perfect for warmer days. Whether you're looking for casual fall clothes or something more durable for winter, our shirts offer the versatility you need. Available in popular colors like black, blue, white, red, and hi-vis orange, they easily match your style and activity. Sun Protection & Performance With built-in SPF, UV, and UPF 50+ sun protection, our quick-dry t-shirts shield you from harmful rays, making them ideal for fishing, golf, or any other outdoor activities. Multi-Pack Value for Convenience Get more with our multi-pack options, offering several shirts in one convenient purchase. Perfect for work, gym, or casual wear, these camisetas hombre are ideal for everyday use. Choose from a variety of styles and colors to match your needs, from long sleeves for cooler days to short-sleeve tees for workouts and hiking. Durable & Versatile Built to last, these good fellow shirts are designed with durability and style in mind. Whether you're wearing them for work or as an undershirt, these dry fit shirts provide the perfect combination of function and fashion. With sizes available for all body types, including big and tall, you'll find the perfect fit for any occasion.","Customers appreciate the comfortable, soft, and breathable fabric of the shirt. They find it wearable and easy to sleep in. The product quality is good, with a nice selection of colors to choose from that match pants and jackets. Customers value the lightweight material and warmth. However, opinions differ on the fit and material quality.",https://www.amazon.com/dp/B07NWY7XK9
324,B077XM54L9,Under Armour Men's Sportstyle Left Chest Short Sleeve T-Shirt,Under Armour Store,Under Armour,1326799,Men,In Stock,16.9932,16.9932,25.0,4.6,1583.0,7.367708572374371,500.0,6.2166061010848646,True,594.0,True,"Super-soft, cotton-blend fabric provides all-day comfortRibbed collarLoose: Fuller cut for complete comfortSoft on Skin –The men's short sleeve tee is crafted using super soft, comfortable fabric that is kind to skin and offers relief all day long","Everyone makes graphic Ts..but Under Armour makes them better. The fabric we use is light, soft, and quick-drying. Super-soft, cotton-blend fabric provides all-day comfort . Ribbed collar. Loose: Fuller cut for complete comfort. 60% Cotton/40% Polyester.","Customers find the shirt has a good fit, looks nice, and is functional for working out. They consider it a good product for the price. However, some customers have issues with the material thickness, saying it seems cheap and worn out after a few wears. There are mixed opinions on washability and fabric texture.",https://www.amazon.com/dp/B077XM54L9
325,B06XCQSPKL,"Hanes, EcoSmart Fleece Sweats for Men, Open Bottom Sweatpants, 30.5""",Hanes Store,Hanes,O5995,Men,In Stock,15.0017,15.0017,18.0,4.3,57216.0,10.954606336009089,4000.0,8.294299608857235,True,56.0,True,"FLEECE FOR THE FUTURE - EcoSmart mid-weight, year-round cotton/poly fleece with up to 5% of the poly fibers.RELAXED SILHOUETTE - For warming up, cooling down, or kicking back, these sweats have a relaxed fit with a straight leg and an open hem.SOFT, PLUSH, AND MADE TO STAY THAT WAY - Pill-resistant durable fleece stays warm and cozy.HANDY POCKETS - Side-seam pockets hold essentials.EASE AT THE WAIST - An inside drawstring assures the fit you want at the waist.TAG-FREE AND ITCH-FREE - Tagless design means no annoying tag to itch or bunch up.","Have you heard of wearing your heart on your sleeve? Well, now you can wear your values on your legs with Hanes® EcoSmart® fleece sweatpants. These are plush fleece sweats you can feel good about buying and feel good about wearing. Hanes® EcoSmart® fleece is your new go-to wardrobe staple. Soft and plush, these drawstring-waist fleece joggers are made of mid-weight cotton/poly fleece with up to 5% of the poly fibers. The medium-weight fleece in these classic men's sweats is pill-resistant, super-soft, and made to keep its plush feel for a long time. The inside drawstring at the waist makes adjusting the fit a breeze. The relaxed fit is enhanced by straight legs with an open hem, and there are side-seam pockets for your essentials.","Customers appreciate the pants for their comfort, warmth, and value for money. They find the material soft, cozy, and warm. Many consider the pants a nice transitional pair with a good waistband and length. However, some customers have issues with the thickness of the material. There are mixed opinions on the fit, build quality, and pockets.",https://www.amazon.com/dp/B06XCQSPKL
326,B09XH244ZF,adidas Men's Sportswear Basic 3-stripes Tricot Track Suit,adidas Store,adidas,ECS77,Men,In Stock,45.324,45.324,75.0,4.6,1942.0,7.57198844937744,900.0,6.803505257608338,True,1.0,True,"Men's track suit for iconic styleREGULAR FIT: Not tight and not loose, the perfect in-between fitTIMELESS SPORT STYLE: Full zip with stand-up collar for a classic track jacket lookEASY STORAGE: Side pockets hold small itemsMADE WITH RECYCLED MATERIALS: Made with 100% recycled materials, this product represents just one of our solutions to help end plastic waste","Nothing says effortlessly put together like a track suit. This men's set is perfect for showing off your style in ease, whether you're meeting up with friends or going for a stroll. A drawcord waist lets you customize the fit to match your style and comfort needs. Signature 3-Stripes show off your adidas pride.","Customers find the track suit fits well and has a nice look. They appreciate the soft, breathable fabric and value for money. Many find it comfortable and flexible, with a streamlined silhouette and subtly tapered leg design. However, some customers have differing opinions on the zipper quality and washability.",https://www.amazon.com/dp/B09XH244ZF
327,B07H5QPL1R,5 Pack Men's Active Quick Dry Fit Shorts - Athletic Running Gym Workout Casual Shorts with Pockets Bulk,Real Essentials Store,No especificado,No especificado,Men,In Stock,28.4721,28.4721,35.99,4.3,70848.0,11.168306130693178,400.0,5.993961427306569,True,21.0,True,"Comfort & Mobility for Every Activity – These men's athletic shorts are designed with a 9-inch inseam, offering full range of motion and flexibility. Made from stretchy, breathable fabric, they provide comfort during running, weightlifting, or casual activities. Perfect for active individuals looking for versatile shorts for all types of physical activities.Moisture-Wicking Technology – Experience all-day comfort with the moisture-wicking properties of these dry fit shorts. Whether you're hitting the gym or jogging outdoors, these mens shorts athletic help keep sweat away from your body, allowing you to stay dry and comfortable through the most intense workouts. Stay fresh and focused with every move.Unmatched Performance and Adaptability - Crafted from lightweight, quick-drying material, these gym shorts men are made to withstand the toughest workouts. The breathable fabric promotes airflow, ensuring comfort and durability. Ideal for running, training, or any high-energy sport, they offer maximum flexibility to move freely and support your active lifestyle.Timeless Style Meets Everyday Comfort - Timeless Style – These workout and basketball shorts men come in sleek colors like black, white, and navy, offering a stylish and functional design. Their versatile look allows you to wear them both on and off the court, making them suitable for any workout shorts men or mens shorts casual outing. Pair them with your favorite athletic wear for a perfect combination of style and performance.Effortless Care for Long-Lasting Wear – Our men's athletic shorts are easy to care for, machine washable, and retain their shape and color after multiple washes. Made from durable, high-quality materials, they're built to last, keeping you fresh and ready for any activity without the hassle. Real Essentials makes maintaining your gym shorts simple.","Real Essentials Men's Performance Athletic Shorts – Lightweight, Quick-Drying, and Versatile Activewear (5-Pack) The Real Essentials Men's Performance Athletic Shorts (5-Pack) are designed for active lifestyles, offering the perfect mix of comfort, durability, and performance. Made from a high-quality polyester and spandex blend, these lightweight athletic shorts are breathable, quick-drying, and ideal for mens basketball shorts, gym workouts, outdoor activities, and sports. Whether you're running errands, lounging, or at the gym, these athletic shorts for men provide comfort and flexibility. Each pair features two deep side pockets for securely storing your phone, keys, or wallet on the go. The elastic waistband and adjustable drawstring of the athletic mens shorts offer a customizable, secure fit, ensuring the shorts stay in place during any activity. The ideal length allows full mobility for high-intensity workouts, running, or casual wear. Available in versatile colors like black, white, navy blue, and gray, this 5-pack of mens athletic shorts is perfect for mixing and matching with your favorite activewear for men. At Real Essentials, we offer premium activewear that combines style, comfort, and functionality at an affordable price. These performance shorts are a must-have addition to your wardrobe. Key Features: Crafted with a durable blend of polyester and spandex for lightweight, breathable, and quick-drying athletic shorts. Deep side pockets for secure storage of essentials like phones and wallets. Elastic waistband with adjustable drawstring for a custom fit that stays in place. Versatile for gym workouts, sports, casual wear, or lounging. Comes in a 5-pack of shorts with classic color options for easy styling. Machine washable activewear for easy care and durability. Upgrade your activewear collection with the Real Essentials Mens Shorts. Enjoy the perfect blend of style, comfort, and performance for all your active lifestyle needs.","Customers appreciate the comfortable and affordable shorts. They find them to be soft and lightweight, with a decent look and functional design. However, some customers are unhappy with the pocket holes and material thickness. There are mixed opinions on the overall quality and fit.",https://www.amazon.com/dp/B07H5QPL1R
328,B096QFTC9Q,"Mens Sweatpants with Zipper Pockets Open Bottom Athletic Pants for Workout,Running,Training,Jogging,Gym",SACUIMAN Store,No especificado,No especificado,Men,In Stock,37.9924,37.9924,49.99,4.3,3269.0,8.0925452638913,500.0,6.2166061010848646,True,65.0,True,"Warm Tips: The sweatpants are loose fit. Before placing an order, please measure your dimension according to the size chart to be clear whether the size and dimension of the product meets your needs. This will help you avoid unnecessary hassles and ensure you have a g o o d shopping experienceZipper Pockets: Deep zippered pockets on both sides can be used to store your phone, wallet, keys, cards, etc. to prevent losing your belongings while exercising and runningQuick Dry: Sweatpants are made of 100% polyester lightweight fabric to keep you cool and comfortable during your workouts and sports. Machine washable for easy careAdjustable Drawstring And Elastic Waistband: The external drawstring and elastic waistband fit your waist perfectly, allowing you to exercise with peace of mind. Loose Fit: Relaxed fit allows for easy movement and comfortVersatile Style: Suitable for outdoor activities, basketball soccer tennis training, fitness and bodybuilding, jogging, running, cycling, hiking and so on. Also a good choice for indoor home casual and loungewear",,"Customers find the pants comfortable and relaxing. They appreciate the soft, breathable fabric that's not too tight on the legs. The length is perfect for them, with the drawstring waist and elastic material. Many customers like the lightweight material and zipper pockets. However, some have issues with the material thickness.",https://www.amazon.com/dp/B096QFTC9Q
329,B0CSJ76HVN,5 Pack Mesh Workout Shirts for Men Dry Fit Gym Shirts Quick Dry Athletic Short Sleeve T-Shirt Moisture Wicking,Brand: Kinglaman,No especificado,No especificado,Men,In Stock,19.999,19.999,21.99,4.4,504.0,6.22455842927536,400.0,5.993961427306569,True,27.0,True,"【Unbeatable Value】-5/6 pack workout shirts for men are the only Deal on Amazon. Pay less and Get More.【Moisture Wicking】- Dry fit t-shirts with quick drying properties to help you get rid of the sweat during exercise and keep dry all the time.【Athletic Tees Design】- Active t shirts for men with crew neck and short sleeve will make your excercise more comfortable. Using 4-way stretch fabric that's gentle on the skin and flexes with your body.【High Performance Activewear】- Our sport tshirt is practical whether at home or in the gym, perfect for hiking, fitness, cycling, training, tennis, running, training, outdoor work etc.【Tagless And Easy Clean】- Our breathable top don't have sewn tags, so the tags won't wear your skin during training. They are machine washable.",,"Customers appreciate the shirts' fit, comfort, style, and material quality. They find the shirts long enough to tuck in without getting bunched up at the belt. The shirts look great with their nice color and raglan sleeves. Many customers consider them a good value for the money and a great choice for workout shirts.",https://www.amazon.com/dp/B0CSJ76HVN
330,B0874V8THD,Under Armour Men's HeatGear Compression Long-Sleeve T-Shirt,Under Armour Store,No especificado,No especificado,Men,In Stock,26.6224,26.6224,35.0,4.6,18341.0,9.81694879111889,2000.0,7.601402334583733,True,373.0,True,Super-light HeatGear fabric delivers superior coverage without weighing you downMesh underarm & back panels for strategic ventilationMaterial wicks sweat & dries really fastErgonomic design keeps seams off high abrasion areas & increases durabilityHybrid raglan sleeve construction for added range of motion & comfortWrite-in locker tag on back of neck for your initials or number,"Super-light HeatGear fabric delivers superior coverage without weighing you down. Mesh underarm & back panels for strategic ventilation. Ergonomic design keeps seams off high abrasion areas & increases durability. Hybrid raglan sleeve construction for added range of motion & comfort. Compression: Ultra-tight, second-skin fit. Body: 84% Polyester/16% Elastane. Mesh: 92% Polyester/8% Elastane.","Customers find the shirt comfortable and well-made. They appreciate its warmth and durability, mentioning it keeps them warm in both warm and cold weather. Many also like the color options, compression, and workouts. However, some customers have different opinions on the fit.",https://www.amazon.com/dp/B0874V8THD
331,B00H383N8I,"Jerzees Men's Dri-Power Cotton Blend Long Sleeve Tees, Moisture Wicking, Odor Protection, UPF 30+, Sizes S-3x",Jerzees Store,Jerzees Men's Athletic,29LSR,Men,In Stock,10.74,10.74,10.74,4.5,62276.0,11.039347455230905,700.0,6.55250788703459,True,328.0,True,Crew-neck long-sleeve T-shirt in heavyweight jersey with lay-flat collarCrew-neck long sleeve T-shirt with lay flat collarLay flat collar for added comfortClassic fit,"The Jerzees long sleeve t-shirt is made with dri-power technology that wicks away moisture to keep you cool and dry throughout your day. We also included a rib collar and cuffs for added durability, and a lay-flat collar for comfort. If you are looking for a versatile shirt that you can wear throughout the transitioning seasons, then look no further.","Customers appreciate the comfortable fit, good quality, and value for money of this shirt. They find it true to size, with a snug but not tight fit. The sleeves are long enough to tuck in, and the fabric has a soft feel. Many customers find the colors vibrant and durable, even after multiple washes. There are many color options available, including high-visibility options like green and orange.",https://www.amazon.com/dp/B00H383N8I
332,B07PNRZFKQ,Under Armour Men's Woven Vital Pants,Under Armour Store,No especificado,1352031,Men,In Stock,32.192,32.192,40.0,4.3,15186.0,9.62819507773027,400.0,5.993961427306569,True,4.0,True,"Smooth, ripstop woven fabric is lightweight & extremely durableWind-resistant materials & construction shield you from the elementsMesh lining delivers superior breathability & comfortEncased elastic waistband with internal drawcordOpen hand pockets7"""" ankle zips for easy on/off even over cleats","Smooth, ripstop woven fabric is lightweight & extremely durable. Wind-resistant materials & construction shield you from the elements. Mesh lining delivers superior breathability & comfort. Encased elastic waistband with internal drawcord. Open hand pockets. 7"" ankle zips for easy on/off even over cleats. Inseam: 31.75"".","Customers find the pants comfortable with a good range of motion. They fit true to size and have a nice style. The pants are lightweight, making them suitable for summer wear. Many customers appreciate the warmth. However, some customers dislike the material feel. There are mixed opinions on the overall quality, sizing, and thickness of the material.",https://www.amazon.com/dp/B07PNRZFKQ
333,B08JTWR1S3,Men's Athletic Shorts with Pockets and Elastic Waistband Quick Dry Activewear Workout Shorts for Men,Profectors Store,No especificado,No especificado,Men,In Stock,33.9823,33.9823,43.99,4.5,5525.0,8.617219505483362,200.0,5.303304908059076,True,67.0,True,"【SOFT & BREATHABLE】: The men's loose-fit shorts are made with soft, breathable, lightweight fabrics that strike a balance of comfort and stretch for ultimate comfort【QUICK DRYING & MOISTURE WICKING】: The men's basketball shorts are made of moisture-wicking fabric that wicks moisture away from the skin while quick-drying make sure you stay cool and dry throughout the day【ELASTIC WAISTBAND & INTERNAL DRAWCORD】: Thanks to the elastic waistband coupled with adjustable internal drawstring, our men's athletic shorts stay comfortably in place whether running or training without sliding up or down【DEEP POCKETS ON BOTH SIDES】: Our workout shorts are designed with pockets on both sides that provide the perfect fit for your wallet, smartphones, keys and more all your small eseentials【10-INCH INSEAM】: Whether you're going for a run or working out at the gym, our mens fitness shorts have you covered. They are suitable for all your sports and workout activities including gym, cycling, running, basketball, football, tennis, weightlifting and more",,"Customers appreciate the good fit, comfort, and quality of these shorts. They find them lightweight, easy to wear, and breathable. The material is soft and durable, holding up well over time. Many customers consider these shorts a good value for the price. They also like the pockets, color options, and the elastic waistband that keeps them up. Overall, these are considered classic shorts that are suitable for sports activities and everyday wear.",https://www.amazon.com/dp/B08JTWR1S3
334,B01H7HOS6U,"Champion Men's Joggers, Powerblend, Fleece Joggers, Comfortable Sweatpants for Men (Reg. or Big & Tall)",Champion Store,No especificado,No especificado,Men,In Stock,29.9533,29.9533,45.0,4.6,44266.0,10.697994757448491,2000.0,7.601402334583733,True,543.0,True,"THE FIT - Standard-fit men's joggers have a 31"" inseam. Elastic waistband with an adjustable drawcord ensures a fit that feels good.THE FEEL - Made with a midweight, 9 oz. fleece that's brushed on the interior for comfort.THE LOOK - Classic men's jogger silhouette gets you from workout to weekend with versatility. Side pockets keep essentials close.LOW PILL, LOW SHRINK - High-quality fleece fabrication designed to reduce pilling and shrinkage.SPOT THE C - Iconic C logo hits at the hip of these men's sweatpants.THE POWERBLEND COLLECTION - A powerhouse fabric blend that's made for the daily with a stay-true fit and comfort that never quits.","Champion Men'S Joggers, Powerblend, Fleece Joggers, Comfortable Sweatpants For Men (Reg. Or Big & Tall)","Customers find the pants comfortable and well-made with good material quality. They appreciate the soft, cozy feel, long leg length, and deep pockets for holding phones or wallets securely. The pants have a nice look and are considered good value for money. Many customers find them warm and sweat-quality, though opinions differ on thickness.",https://www.amazon.com/dp/B01H7HOS6U
335,B073R217LC,"Champion Men's Joggers, Lightweight Lounge Pants, Jersey Graphic Pants for Men, 31""",Champion Store,No especificado,No especificado,Men,In Stock,18.8146,18.8146,35.0,4.4,46320.0,10.743350700960299,300.0,5.707110264748875,True,21.0,True,"THE FIT - Standard-fit men's lounge joggers with a 31"" inseam.THE FEEL - These lightweight pants are made from soft 6.1 oz. cotton or a cotton blend that is perfect for everyday wear.ADDED COMFORT - Lounge pants with an internal drawcord for adjustability and comfort.POCKETS - Two deep side pockets hold lightweight tech.SPOT THE C - These men's joggers feature the iconic C logo at the hip.Note: C logo patch color may vary from image.","Champion Men'S Joggers, Lightweight Lounge Pants, Jersey Graphic Pants For Men, 31","Customers find the pants comfortable and soft. They consider them a good value for the price. Many appreciate the style and comfort of the joggers. However, some find the material thinner than expected and not as sturdy as sweat pants. There are mixed opinions on the material quality and size.",https://www.amazon.com/dp/B073R217LC
336,B08MLNXBCB,adidas Men's Essentials 3-Stripes Tricot Jogger Pants,adidas Store,adidas,E1944,Men,In Stock,29.97,29.97,45.0,4.6,6065.0,8.710454688248527,300.0,5.707110264748875,True,5.0,True,"Men's track pants with a tapered cutRegular tapered fit is not tight and not loose, with a close fit on the legsDrawcord on elastic waist lets you customize your fitFront pockets for storage; Cuffed hems for a snug feelThis product is made with Primegreen, a series of high-performance recycled materials","They're called warm-up pants for a reason. The perfect layer to get your mind and muscles ready, these adidas track pants are made from classic sport tricot for a smooth look and feel. The drawcord-elastic waist and cuffed hems help them stay in place. Take them off once you're in the zone, and pull them right back on when it's time to head out. The sleek style isn't limited to your workout though. 3-Stripes are all about versatility.","Customers appreciate the pants for their comfortable fit, soft fabric, and good quality. They find the pants look nice and have a straight leg like jeans. The pants are durable with great seams and are suitable for lounging or exercising. Many customers consider the pants a good value for money, with warmth, wearability, and functionality also appreciated.",https://www.amazon.com/dp/B08MLNXBCB
337,B01DOLE1QA,"Hanes Essentials Sweatpants, Men's Cotton Jersey Pants with Pockets, 33""",Hanes Store,Hanes Men's Athletic Child Code,O5627,Men,In Stock,11.3343,11.3343,20.0,4.2,29397.0,10.288681923801933,900.0,6.803505257608338,True,125.0,True,"OPEN BOTTOM STYLING – Men's activewear features a 33"" inseam and classic open bottom hem.HANES QUALITY – These comfortable sweatpants for men are bolstered by sturdy details such as double-needle stitching at leg openings.POCKET IT – Store the essentials in handy side-seam pockets.THE DETAILS – Men's lounge pants feature a covered elastic waistband with interior quick-drawcord loop.COTTON GOODNESS – Made from 100% ring-spun cotton, Hanes jersey pants are soft and cozy. (Light Steel and Charcoal Heather are cotton/polyester blend.)HOME GROWN – Cotton used in this product is sustainably grown on U.S. farms.","Heat up or chill out with Hanes® Essentials sweatpants that transition from work-out to loungewear mainstay. Crafted from 100% ring-spun cotton, these open-bottom men's sweats boast the softness that can only come from natural fibers. Details like robust double-needle stitching at the leg openings, covered elastic waistband with interior drawcord, and convenient side-seam pockets make these men's joggers a versatile rotation favorite. Top with your favorite Hanes tee or sweatshirt for a look that works at the gym, running errands, or just relaxing with friends. And here's the best part – these men's sweatpants with pockets are made from cotton sustainably grown on U.S. farms.","Customers find the pants comfortable for daily wear and suitable for workouts, walks, hikes, and general activities like around the house or going to the gym. They appreciate the soft, warm material that fits nicely. The pants are lightweight and good value for money. Many customers enjoy the style. However, some dislike the material thickness. Opinions vary on the length, quality, and fabric quality.",https://www.amazon.com/dp/B01DOLE1QA
338,B01M0DR0HO,"Gildan Adult Fleece Open Bottom Sweatpants with Pockets, Style G18300",Gildan Store,Gildan Men's Activewear,G18300,Men,In Stock,10.9915,10.9915,12.99,4.3,27644.0,10.227200158772034,2000.0,7.601402334583733,True,715.0,True,Classic fit with seamless sides for easier printabilityBrushed interior provides superior cozy softnessJersey-lined pocketsDifferential rise for better fitSlightly tapered leg with open bottomTear away label for customizable comfort,"With slightly tapered legs, a differential rise for a better fit and covered elastic waistband with drawcord, the Gildan Adult Fleece Open Bottom Sweatpants with Pockets is the ultimate loungewear style. Featuring a non-pilling surface that's great for decorating, it delivers a soft comfort that you're sure to love.","Customers find the pants comfortable and warm. They appreciate their nice look for casual wear, good value for money, and warmth. However, opinions differ on the fit, quality, pocket size, and material thickness.",https://www.amazon.com/dp/B01M0DR0HO
339,B09ZD9WFGM,PURE CHAMP Mens 3 Pack Fleece Active Athletic Workout Jogger Sweatpants for Men with Zipper Pocket and Drawstring Size S-3XL,PURE CHAMP Store,No especificado,No especificado,Men,In Stock,39.99,39.99,39.99,4.2,15868.0,9.672122799562842,1000.0,6.90875477931522,True,20.0,True,"Versatile Activewear: Whether you're looking for a comfortable pair of mens pants that will withstand your intense jogging routine or you simply want to add a modern touch to your casual look, the Pure Champ mens lounge pants are exactly what you need!Premium Super Soft Fabric: These Mens sweatpants are made using finest quality fabric blends, with 60% cotton and 40% polyester, being easy to wash and designed to withstand the test of time without discoloration or shrinking.Modern and Casual Colors: Our mens jogger pants come in a variety of attractive color choices, being easy to mix and match with your favorite t-shirt and sneakers! Each pack includes 3 pairs of sweatpants, choose from: black/heather gray/charcoal, black/navy/charcoal, black/heather/olive, black/natural/olive, black/black/black.Zipper Pockets: Unlike similar products on the market, our gym pants men feature 3 individual pockets, one on the back and 2 front zippered, ideal for storing your wallet, keys, smartphone or other essentialsLightweight & Comfortable: Featuring a durable ribbed elastic waistband and jogger style bottom cuffs, functional drawstring with silver tips for a finished touch, 4-Way stretch with super soft and skin friendly fleece touch, these mens sweats are incredibly lightweight allowing the skin to breathe yet keeping you warmMulti-purpose Fleece Joggers: Perfect for all outdoor activities like training, basketball ,football, soccer, jogging, track, cycling, climbing, hiking ,training, gym practice, bodybuilding,/ weightlifting, performance or any other type of sports activities as well as casual and loungewear",,"Customers find the pants comfortable and well-made. They appreciate the soft fabric that hugs them nicely. The minimalist design looks nice, with great colors and deep pockets. Customers value the warmth, thickness, and good value for money. However, some customers have differing opinions on the size, quality, and zipper pockets.",https://www.amazon.com/dp/B09ZD9WFGM
340,B08ML4W3X1,adidas Men's Essentials Warm-Up Open Hem 3-Stripes Tracksuit Pants,adidas Store,No especificado,No especificado,Men,In Stock,23.0049,23.0049,45.0,4.5,9493.0,9.158415299111264,100.0,4.61512051684126,True,855.0,True,"Men's adidas track pants with front pocketsRegular fit is not tight and not loose, the perfect in-between fitDrawcord on elastic waist lets you customize your fitFront pockets for storageThis product is made with Primegreen, a series of high-performance recycled materials",Adidas mens Essentials Warm-up Open Hem 3-stripes Tracksuit Pants,"Customers appreciate the pants for their quality, comfort, and look. They find the material to be a good mid-weight fabric, durable construction, and functional design. Many of them like the waistband, warmth, and wearability. However, opinions differ on the fit.",https://www.amazon.com/dp/B08ML4W3X1
341,B08HPT1516,Nike Club Men's Training Joggers,Brand: Nike,Nike,42759614496945,Men,In Stock,43.6612,43.6612,49.88,4.4,271.0,5.605802066295998,400.0,5.993961427306569,True,994.0,True,"Premium brushed-back fleece feels soft, warm and comfortable.Elastic waistband with drawcord offers a snug fit.Elastic jogger cuffs keep the comfort close and let you show off your sneakers.Item width: 12.00 inches","CLASSIC AND COMFORTABLE. The Nike Sportswear Club Fleece Pants combine classic style with the soft comfort of fleece. Soft Comfort Brushed-back fleece fabric feels soft and smooth. Secure Fit Elastic waistband with an adjustable drawcord lets you personalize the fit. Ribbing at the cuffs lets you show off your kicks. Product Details Standard fit for a relaxed, easy feel 80-81% cotton/19-20% polyester Material percentages may vary. Check label for actual content. Machine wash Imported",Customers find the pants comfortable and well-made with quality materials.,https://www.amazon.com/dp/B08HPT1516
342,B0B59KV3WS,4-7 Pack Long Sleeve Shirts for Men Quick Dry Moisture Wicking Mens Long Sleeve Tee Shirts Workout T Shirts,MLYENX Store,No especificado,No especificado,Men,In Stock,35.9933,35.9933,53.99,4.6,3830.0,8.25088114470065,1000.0,6.90875477931522,True,19.0,True,"Breathable Comfort: Crafted from premium, moisture-wicking fabric, these long sleeve shirts for men offer excellent moisture-wicking performance; great for keeping cool and dry during workouts, hiking, or outdoor activitiesSun Protection: These sun protection shirts for men provide UPF 50+ protection against harmful UV rays; perfect for fishing, running, or beach trips; ensures your skin stays safe in the sunQuick Dry & Easy Care: Designed as quick dry shirts for men, these long sleeve t shirt men options are easy to care for; machine washable and resistant to shrinking, dries quickly and maintains shape after each washGreat Value: Combining comfort and durability, these athletic shirts for men are versatile enough to be worn as work shirts, workout shirts, or casual mens long sleeve tee shirts; a great addition to any wardrobeVersatile Use: Suitable for a wide range of activities, wear these long sleeve cooling shirts for men at the gym, work, outdoor hiking, or fishing; available in various colors to match your style",,"Customers find the shirts fit well and feel comfortable. They appreciate the soft fabric and sleeves that provide warmth when the air is cold. The shirts are well-proportioned for larger men and keep their size after multiple washings. Many customers find the shirts stylish and casual clothing, suitable for exercise. The material quality is good and holds up well over time. Customers consider the shirts a good value for the price, with excellent quality for the money. They also like the color variety, warmth, and weight of the shirts.",https://www.amazon.com/dp/B0B59KV3WS
343,B091MKD517,adidas Men's Entrada 22 Shorts,adidas Store,No especificado,No especificado,Men,In Stock,13.0028,13.0028,18.0,4.3,1281.0,7.156176637480615,100.0,4.61512051684126,True,46.0,True,"Men's soccer shorts made in part with recycled materialsREGULAR FIT: Strikes a comfortable balance between loose and snugFEEL DRY, STAY DRY: adidas AEROREADY manages your body's moisture to keep you dry and in the zone","These adidas shorts for men have an unfussy, classic soccer design. Moisture-absorbing AEROREADY keeps you dry and comfortable, while a drawcord waist gives them an adjustable fit.","Customers find the shorts comfortable and suitable for warm weather. They appreciate the soft material against the skin, breathable fabric, and value for money. However, some customers wish there were pockets. Opinions vary on the fit, fabric thickness, and overall quality.",https://www.amazon.com/dp/B091MKD517
344,B08PYH5PCC,MEN'S NIKE THERMA PULLOVER HOODIE,Brand: Nike,Nike,No especificado,Men,In Stock,58.1922,58.1922,75.0,4.6,140.0,4.948759890378168,200.0,5.303304908059076,True,14.0,True,Nike Therma fabric helps manage your bodys natural heat to keep you warm-and performance high when temperatures are lowDri-FIT technology wicks sweat for faster evaporation to keep you dry and comfortableDurable hoodieStylish hoodie,"COLD-WEATHER COVERAGE. The Nike Therma Men's Training Pullover Hoodie features soft, insulating fibers and an adjustable hood for warm coverage. This product is made with at least 50% recycled polyester fibers.","Customers find the sweatshirt has a nice fit, true-to-size sizing, and good quality. They say it's perfect for the gym or other purposes, comfortable, and professional.",https://www.amazon.com/dp/B08PYH5PCC
345,B077XQ3L5L,Under Armour Men's Tech 2.0 Long-Sleeve T-Shirt,Under Armour Store,No especificado,No especificado,Men,In Stock,30.0,30.0,30.0,4.5,8117.0,9.001839097398843,400.0,5.993961427306569,True,130.0,True,"UA Tech fabric is quick-drying, ultra-soft & has a more natural feelMaterial wicks sweat & dries really fastSuperlative innovationNew, streamlined fit & shaped hemUnder Armour's mission is to make all athletes better through passion, design and the relentless pursuit of innovationUnder Armour","UA Tech is our original go-to training gear: loose, light, and it keeps you cool. That means this long sleeve training shirt does everything you need it to. UA Tech fabric is quick-drying, ultra-soft & has a more natural feel. Material wicks sweat & dries really fast. New, streamlined fit & shaped hem. Loose: Fuller cut for complete comfort. 100% Polyester.","Customers appreciate the shirt's comfort, functionality, and appearance. They find it soft, smooth, and stretchy against the skin. Many describe it as a great work-out top that works well for gym use or going out on a spring/summer day. The color is awesome and keeps them warm in cold weather and cool in hot. The weight is also appreciated. However, some customers are disappointed with the material thickness. There are mixed opinions about the fit and quality.",https://www.amazon.com/dp/B077XQ3L5L
346,B000U62IYK,"Russell Athletic Men's Dri Power Fleece Open Bottom Sweatpants with Pockets, Relaxed Fit, Moisture Wicking",Russell Athletic Store,Russell Athletic,596HBM0,Men,In Stock,20.99,20.99,20.99,4.3,24407.0,10.102666226396506,1000.0,6.90875477931522,True,12.0,True,"Relaxed Fit: roomy design for unlimited movement and ultimate comfortMedium-weight 9 oz fleece keeps in body heat so you can stay warmDri-Power technology wicks sweat away, keeping you warm and dryElastic waistband with inside quick cord and generous side pocketsInseams- S-30"", M-31"", L-32"", XL-33"", XXL-34"", 3XL-35, 4XL-36""","Stay warm all season with these Sweatpants. Made with medium-weight fleece, featuring Dri-Power® moisture wicking technology to keep body heat in so you can stay warm and dry. Elastic waistband with inside quick cord, for an adjustable fit. Relaxed open bottom and generous pockets to carry your accessories with you on the go. Inseams- S-30"", M-31"", L-32"", XL-33"", XXL-34"", 3XL-35"", 4XL-36"".","Customers find these pants comfortable and warm. They appreciate the soft fleece fabric, sturdy construction, and practical design. Many consider them a good value for the price and consider them great quality for the price. While some customers are satisfied with warmth and sweat quality, others have differing opinions on fit and material thickness.",https://www.amazon.com/dp/B000U62IYK
347,B07YHG62J6,THE GYM PEOPLE Mens' Fleece Joggers Pants with Deep Pockets in Loose-fit Style,THE GYM PEOPLE Store,THE GYM PEOPLE,No especificado,Men,In Stock,26.9931,26.9931,38.99,4.4,7452.0,8.916371914881694,1000.0,6.90875477931522,True,2.0,True,"High-Class Material: Our Men's Lounge Jogger made of premium fleece(machine wash), provides you a soft and comfortable feel in a stylish fit. With the season changing, you can choose the plus fleece type or without fleece.Pockets & Adjustable Draw Cord Design: Feature with open side deep pockets offer convenient storage. The elastic waistband of Joggers Sweatpants can perfect suit your waist, which makes you can do the exercises without anxietyPerfect Style: The Lounge Jogging Pants have tapered Sweatpants with a ribbed elastic waistband and an adjustable drawstring, promise a comfortable secure fit to have a perfect feeling while doing your training. Athletic fit for maximum comfort.Multi-occasion: This Lounge Sweatpants For Men is perfect both for various outdoor activities, like basketball training, football training, tennis, morning and night jogging, cycling, climbing, etc.Please check the Size Chart (Last Image) Before Ordering, Please Note: Color May Vary Slightly From Image. and don't worry about size problem , you can through Online Returns Center exchange it if the Men's Sweatpants size don't fit",,"Customers appreciate the pants' fit, comfort, and warmth. They find the length perfect, the waistband snug, and the material durable and thick enough to keep them warm without being too thick. Many consider the pants great for cold weather and say they are better than typical sweatpants. The look is also praised. However, some customers have mixed opinions on the fabric quality and weight.",https://www.amazon.com/dp/B07YHG62J6
348,B09FCBZ4YK,"Hanes Men's Underwear Boxer Briefs, Cotton Stretch Moisture-Wicking Underwear, Multi-pack",Hanes Store,Hanes,ST2BP6,Men,In Stock,26.0,26.0,26.0,4.7,12359.0,9.422220731011683,8000.0,8.987321812850125,True,34.0,True,"America's #1 Men's Underwear Brand - Source: Circana/Consumer Tracking Service, U.S. Sales, Underwear Bottoms and Undershirts, 12 months ending November 2023COMFORT YOU DESERVE – A Comfort Flex waistband helps your men's underwear boxer briefs flex and move with you, while a no-ride-up design stays firmly in place throughout the daySTRETCH COTTON FABRIC - Our men's boxer briefs are made from soft cotton with enough stretch for garments to move with you comfortably.BREATHABLE & MOISTURE-WICKING – Cool Comfort technology helps wick moisture to keep you cool and comfortable all day long.TAGLESS, TOO - Because who has time for scratchy tags?VALUE YOU EXPECT - Each men's underwear pack includes six black boxer briefs with different waistband colors branded with our signature logo.","This men's boxer briefs multipack is made from soft and breathable stretch cotton that moves with you, thanks to our Cool Comfort® fabric. Our experts designed them with a Comfort Flex® waistband that flexes and moves with you. Each pair of boxer brief underwear has a no-ride-up design, so they'll stay put no matter what your day holds. Plus, you can throw them right in the washer when they need a quick refresh. And our favorite feature part of all? These men's black boxer brief underwear sets have different waistband colors and also come in multiple size options, from Small to extended sizes like 3XL, so you can choose the one that works best for you.","Customers appreciate the underpants for their comfort, fit, and quality. They mention they're soft, absorbent, and have the right amount of spandex to hold things in place without over restricting. Many find them a good value, with cool colors and nice looks. The material is durable and strong, making them reliable and worth the price. Some customers also appreciate the breathability and stretchability. However, some have mixed opinions on ride quality.",https://www.amazon.com/dp/B09FCBZ4YK
349,B00PWP0JFO,"Hanes Men's Boxer Briefs, Soft and Breathable Cotton Underwear with ComfortFlex Waistband, Multipack",Hanes Store,Hanes Ultimate,UFBBB4 / UFBBA4,Men,In Stock,17.5,17.5,17.5,4.5,160603.0,11.986696986784883,1000.0,6.90875477931522,True,1.0,True,"America's #1 Men's Underwear Brand - Source: Circana/Consumer Tracking Service, U.S. Sales, Underwear Bottoms and Undershirts, 12 months ending November 2023COTTONY SOFT - Our men's boxer briefs are made from cotton or a cotton-rich blend (depending on the color) that's soft and moves with you.BREATHABLE & MOISTURE-WICKING – Cool Comfort technology helps wick moisture to keep you cool and dry all day long.COMFORT YOU DESERVE – A Comfort Flex waistband now adjusts to fit you. No-ride-up construction means your underwear should stay firmly in place.TAGLESS, TOO - Because who has time for scratchy tags?BIG & TALL OPTIONS - Available in sizes up to 3XL, so you can be sure to find your perfect fit.","If you're looking for comfort and performance in stretch boxer briefs, look to Hanes Ultimate® Comfort Flex Fit® boxer briefs. The remarkable comfort starts with the specially designed lightweight pouch that gives you the support of a brief in a sleek, fitted boxer brief silhouette. This sexy underwear is knit from Cool Comfort® fabric that wicks away moisture to keep you cool and dry all day. These stretch cotton/modal boxer briefs are also made with Hanes®'s FreshIQ™ advanced odor protection technology that removes odor for all-day freshness. And here's even more comfort - the Comfort Flex® stretch waistband moves with you and keeps its shape wash after wash without pinching or binding. No-ride-up leg bands are designed to stay smoothly in place and there's a traditional open fly. These moisture-wicking stretch boxer briefs are available in a convenient 4-pack of assorted solid colors for effortless stocking up.","Customers appreciate the underpants for their comfort, quality, and value for money. They find them soft, good brands, and the best kind of underwear. Many are satisfied with the look and color quality. However, some have mixed opinions on fit, material quality, and stretchiness.",https://www.amazon.com/dp/B00PWP0JFO
350,B077ZG222Z,"Gildan Mens Underwear Boxer Briefs, Multipack",Gildan Store,No especificado,No especificado,Men,In Stock,16.99,16.99,16.99,4.6,124511.0,11.732157375784281,1000.0,6.90875477931522,True,218.0,True,"Soft, breathable ring-spun cottonPlus, tag-free waistbandContour pouch with vertical fly for superior fitMoisture wicking technology keeps you cool and dry6"" regular length inseam",,"Customers find the underpants comfortable and well-fitting. They appreciate the good quality material that holds up well over time. Many find them a good value for the price, offering comfort, durability, and versatility. However, some customers have issues with the stitching quality and have mixed opinions on stretchability and fabric roughness.",https://www.amazon.com/dp/B077ZG222Z
351,B00CAXQYMS,"Hanes Men's Underwear Boxer Briefs Pack, Cotton ComfortSoft Boxer Brief for Men, Moisture-Wicking Breathable, Multipack",Hanes Store,Hanes,7470Z5,Men,In Stock,18.0,18.0,18.0,4.6,36065.0,10.493105872267217,1000.0,6.90875477931522,True,244.0,True,"America's #1 Men's Underwear Brand - Source: Circana/Consumer Tracking Service, U.S. Sales, Underwear Bottoms and Undershirts, 12 months ending November 2023COTTONY SOFT - Our men's boxer briefs are made from cotton or a cotton-rich blend (depending on the color) that's soft and moves with you.FABRIC-COVERED WAISTBAND - A soft-against-the-skin ComfortSoft waistband is designed to eliminate pinching.STAY COOL - Cool Comfort moisture-wicking technology helps wick moisture in boxer briefs for men that keep you cool and comfortable all day long.NO-RIDE-UP FIT - Leg bands are designed to stay put in this comfortable men's underwear.NO MORE SCRATCHY TAGS - Say goodbye to irritating tags with a Tagless interior that is smooth against the skin.",Hanes men's tag less no ride up boxer briefs with comfort soft waistband,"Customers find the underpants comfortable and soft, providing good value for money. They stay in place and last through many washes and wears. However, some customers have mixed opinions on the fit and quality.",https://www.amazon.com/dp/B00CAXQYMS
352,B00VTV5XU6,"Fruit of the Loom Men's Cotton Briefs, Tag Free & Moisture Wicking, Assorted Color Multipacks",Fruit of the Loom Store,Fruit of the Loom,No especificado,Men,In Stock,11.2036,11.2036,17.49,4.6,76151.0,11.240486621931142,5000.0,8.517393171418904,True,108.0,True,"6 Pack, Mid-Rise Style and ComfortActual Prints and Colors May VaryNaturally Soft and Durable CottonPlush-Backed WaistbandFunctional, Support Shaped Fly","These Fruit of The Loom Men's Fashion Briefs are a modern update to a timeless classic. The underwear provides support and comfort with a mid-rise fit. They are designed with a tag free, plush-backed waistband that is soft against the skin to keep you comfortable. The comfortable full cut provides pinch free leg openings with secured support. It is designed to help prevent distracting adjustments throughout the day. Each pair wicks away moisture so you can stay cool and dry.","Customers find the underpants comfortable and soft. They appreciate the good value for money, with a decent quantity in the package for the price. The quality is good, with durable cotton that holds up well to repeated washing. The colors look good. However, some customers have mixed opinions on shrinkage.",https://www.amazon.com/dp/B00VTV5XU6
353,B08CZZZB1N,"Fruit of the Loom Men's Coolzone Boxer Briefs, Moisture Wicking & Breathable, Assorted Color Multipacks",Fruit of the Loom Store,Fruit of the Loom,No especificado,Men,In Stock,24.74,24.74,24.74,4.6,231192.0,12.351008138505398,3000.0,8.006700845440367,True,46.0,True,"Breathable mesh fly provides ventilation where you need itConsumer tested, expertly designedLegs don't ride upMoisture wickingSupport shaped fly","The Fruit of the Loom® cotton boxer briefs are better than ever! We've added EverSoft® fabric that provides premium softness wash after wash. This collection of black and grey CoolZone® men's boxer briefs are designed with a mesh fly that provides ventilation and support right where you need it most. With legs that don't ride up, and strategically placed breathable mesh, our CoolZone® boxer briefs will keep you cool and comfortable all day. Each pair is carefully crafted and includes moisture wicking benefits designed to help keep you dry and fresh.","Customers find the boxers comfortable and breathable, making them suitable for daily wear. They appreciate the accurate sizing and quality fabric. Many consider them a good value for money. While most customers like the style, some have differing opinions on durability and stretchiness.",https://www.amazon.com/dp/B08CZZZB1N
354,B082DLPZTR,Levi's Mens Boxer Briefs Breathable Stretch Underwear 4 Pack,Levi's Store,Levi's,No especificado,Men,In Stock,18.99,18.99,18.99,4.3,18794.0,9.841346155998279,400.0,5.993961427306569,True,34.0,True,"Men's Underwear Pack: 4 Pack of Big and Tall boxers for men with No-Fly, Double-Layer pouch. Available in Small, Medium,Large,X-Large & 2X sizes. Designed for comfortability, these boxer briefs are made for you!Mens Boxer Ultimate Comfort: Made from 95% Cotton and 5% Spandex, these mens briefs are tagless and breathable, with the ultimate comfort. A lightweight 4-way stretch supports your every move.Boxer Brief for Men Feature: Moisture-wicking, quick-drying design. Moves sweat away from your body which will keep you cool and dry. Perfect for working out, family activities, and daily wear.Underwear Men Superior Design: These men boxers feature an elastic waistband for added flex. Men's boxer briefs also feature a ""no-ride"" inseam. You will not have to deal with uncomfortable bunching.Boxer For Men Pack Gift: Men underwear trunks multipack great gift for your husband, dad, son, grandpa and yourselves! Wear one color pants a day keeps refreshing everyday.",Mens underwear mens boxers mens boxer briefs men boxer men boxer brief mens boxer brief underwear men boxer underwear mens boxer brief underwear mens boxer underwear underwear for men mens underwear boxer briefs men boxer briefs 3 pack men boxer briefs 4 pack men boxer briefs multi pack men brief boxer briefs big and tall boxer briefs long boxer briefs short boxer briefs white boxer briefs black boxer briefs blue boxer briefs grey boxer briefs navy boxer briefs with fly boxer briefs with no fly men underwear cotton men underwear mens underwear breathable underwear for men breathable boxer briefs breathable boxers for men mens underwear small mens underwear mens underwear large mens underwear extra large mens underwear xl mens underwear 1x best underwear for men underwear men pack pack of mens underwear packs of mens boxers boxer brief pack of underwear wicking underwear men mens moisture wicking underwear moisture wicking underwear for men boxers boxer briefs boxer brief underwear boxers for men boxer brief for men boxer briefs men quick dry underwear for men cotton underwear for men mens quick dry underwear mens comfortable boxers mens comfortable boxer briefs comfort boxer brief boxer brief comfort mens stretch boxers mens stretch boxer brief stretch mens briefs mens stretch underwear performance mens underwear performance mens boxer brief underwear mens performance boxer briefs performance stretch boxer briefs performance boxer brief underwear performance underwear for menperformance technology underwear performance technology mens boxerscool fit mens underwear cooling underwear for men cooling boxers cooling boxer briefs cooling boxers for men compression underwear for men compression mens underwear compression boxers compression boxer briefs mens compression underwear mens compression boxers mens underwear cool fit men cool fit underwear levis underwear levis mens underwear levis boxer briefs levis boxers levis mens boxers levis underwear,"Customers appreciate the underpants for their comfort, value, and appealing colors. They find the material soft, stretchy, and breathable. Many of them consider the underpants reasonably priced. However, some customers dislike that the underpants ride up. There are mixed opinions on the fit, quality, stretchiness, and fabric quality.",https://www.amazon.com/dp/B082DLPZTR
355,B0B34WQ6L2,POLO RALPH LAUREN Men's Athletic Performance Cotton Crew Socks - 6 Pair Pack - Moisture Wicking Mesh,POLO RALPH LAUREN Store,No especificado,No especificado,Men,In Stock,28.989,28.989,32.0,4.6,4334.0,8.374476889214643,800.0,6.68586094706836,True,6.0,True,Delight in careful craftsmanship found in the perfect pair of socks from Polo Ralph LaurenSignature embroidered details exemplify class and sophisticationClassic performance and style effortlessly elevate your athletic and casual essentialsCustomize your look with authentic style from the golf course to the clubhouseGive gifts for him that will leave an impression with socks made to stand the test of time,"Discover timeless style and comfortable fit in every pair of socks from Polo Ralph Lauren. Take on the court or field in ultimate comfort when you wear these men's high-performance, cotton crew socks. Each pair in this six pack features a comfortable rib knit, a finish for odor-free freshness, a reinforced toe and heel and is embroidered with the signature Polo Pony for a subtle nod to sophistication. A selection of neutral colors makes them easy to style. Premium socks are the ideal gift for any occasion – birthday, graduation, Christmas, or Father's Day. Explore the world of Polo Ralph Lauren and find superior quality in each pair of ultra-soft socks that your son or husband will truly appreciate for years to come.","Customers find these socks well-made and comfortable. They stay in place after many washes, with a stable shape and softness. The socks come in great colors like dark blue, gray, and denim. Many customers appreciate the value for money. However, some have mixed opinions on the fit, thickness, and cotton content.",https://www.amazon.com/dp/B0B34WQ6L2
356,B09PF7NPPZ,Champion Men's Every Day Comfort Stretch Cotton Boxer Briefs,Champion Store,Champion,No especificado,Men,In Stock,36.99,36.99,36.99,4.6,12701.0,9.44951474036292,1000.0,6.90875477931522,True,23.0,True,FIVE TIMES THE FUN - Boxer briefs for men pack includes 5 pairs of black men's cotton boxer briefs with contrasting branded waistbands.STRETCH SUPPORT - Boxer brief underwear is made from a blend of polyester and spandex for just the right stretch and light compressive support.SAY NO TO RIDE UPS - A stay-put fit featuring hemmed legs means you won't worry about annoying ride-ups when you're wearing these comfortable boxer briefs.CLASSIC CHAMPION - Show your Champion pride. These boxer briefs feature a repeating script logo on contrasting waistbands.MESH POUCH - Mesh pouch provides advanced support where you need it the most.COLD WATER WASH - Champion recommends machine washing this product in cold water to help reduce energy usage.,"Champion® stretch cotton boxer briefs are your all-day, Every Day Comfort solution. Made to move when you do, this men's underwear is constructed from a super-soft cotton blend","Customers appreciate the comfortable fit, good quality, and value of these underpants. They find them true to size, soft, breathable, and durable. Many consider them stylish and trendy. However, some have issues with the material thickness and stretchability. There are mixed opinions on the ride height.",https://www.amazon.com/dp/B09PF7NPPZ
357,B07JDGJ4P2,"Gildan Men's Underwear Covered Waistband Boxer Briefs, Multipack",Gildan Store,No especificado,No especificado,Men,In Stock,17.5,17.5,17.5,4.4,66198.0,11.100420636070826,1000.0,6.90875477931522,True,917.0,True,Moisture wicking - keeps you cool and dryNon-binding plush waistbandLow profile leg bands for stay-in-place comfortFriction free seams; colors may vary,"Gildan Mens Underwear Covered Waistband Boxer Briefs, Multipack","Customers appreciate the fit, comfort, and value of the underpants. They find the underwear true to size, soft, and comfortable for older men with a pronounced ball sac droop. Many consider them a cozy hug for their waist without the awkward side hug vibes. However, some customers have reported issues with the seams falling out or tearing open. There are mixed opinions on the overall quality, stretchiness, and ride height.",https://www.amazon.com/dp/B07JDGJ4P2
358,B00IO9H6QU,Hanes Men's Double Tough Ankle Socks,Hanes Store,No especificado,No especificado,Men,In Stock,11.8321,11.8321,15.0,4.5,27339.0,10.216106110277941,1000.0,6.90875477931522,True,522.0,True,"EXTRA DURABLE – Our socks are made to be durable, but these socks are made to be Double Tough. During testing, these socks are able to withstand more than twice the number of rubs than our regular socks, making them extra resistant to holes!KEEP YOUR COOL - Cool Comfort fabric wicks away moisture so your feet stay cool and dry all day.FRESH ALL DAY - Fresh IQ advanced odor protection technology that removes the odor on workout days or any days to help fight stinky feetSMOOTH SEAMS – Comfort Toe seams are our smoothest seams yetEASY CARE – Throw your new socks right in the washing machine on laundry day. Wash on cold and save!Fabric Content May Vary Slightly",Hanes Men's Double Tough Ankle socks pack a powerful punch with Double Tough durability and a cushioned foot bottom of the sock for all day comfort. Wicking Cool Comfort fabric helps keep your feet cool and dry. Our FreshIQ Advanced Odor Protection will help fight those stinky feet! Spandex is knit into the sock to help provide a better fit and our Comfort Toe Seam provides additional comfort.,"Customers find the socks comfortable, with a perfect fit and length. They appreciate the quality, comfort, and value for money. Many find them soft, cushiony, and well-made. Some like the workability and foot warmth. However, some dislike the material thickness and have differing opinions on durability.",https://www.amazon.com/dp/B00IO9H6QU
359,B07XJ6M8GT,"Amazon Essentials Mens Underwear Boxer Briefs, Comfortable Cotton, Tag-Free, Pack of 5",Amazon Essentials Store,Amazon Essentials,S17AE80004,Men,In Stock,18.0,18.0,18.0,4.4,30000.0,10.308985993422082,300.0,5.707110264748875,True,220.0,True,"SOFT COTTON FOR COMFORT: Enjoy the softness of men's boxer briefs in lightweight, ribbed cotton. These breathable underwear for men provide stretch for all-day wearabilitySLIM FIT DESIGN: These cotton boxer briefs for men offer a slim fit through the hip, thigh, and leg opening. Sitting below the waist, they provide a sleek silhouette and comfortable fitTAG-FREE EVERYDAY WEAR: These tag-free boxer briefs offer easy-going daily wear without any irritationSECURE AND SUPPORTIVE FIT: The men's boxer briefs are designed with a contour pouch with fly-flap and soft elastic waistQUALITY YOU CAN COUNT ON: Trust in the reliability of these men's underwear boxer brief options by Amazon Essentials","These boxer briefs are crafted with soft, lightweight 100% cotton, offering breathable and stretchable wear for all-day comfort. Designed to sit below the waist, they gently hug through the hip, thigh, and leg opening, providing a secure yet relaxed feel. Offering both style and practicality, these men's boxer briefs provide support thanks to the contour pouch with fly-flap. Reinforced with soft elastic around the waist, they offer a snug fit while flexible stitching on the leg opening allows for easy movement.","Customers find the underwear comfortable and good value for money. They appreciate the softness, style, wearability, and color selection. However, some customers have mixed opinions on the fit, quality, and stretchiness.",https://www.amazon.com/dp/B07XJ6M8GT
360,B077SVB38N,5Mayi Mens Underwear Boxer Briefs Cotton Men's Boxer Briefs Underwear Men Pack,5Mayi Store,No especificado,No especificado,Men,In Stock,26.9913,26.9913,30.99,4.4,31905.0,10.370549358860943,1000.0,6.90875477931522,True,19.0,True,"Standard Size: This mens underwear is made in standard American Size, (S 30"" - 32"") (M 33"" - 35"") (L 36"" - 38"") (XL 39"" - 41"") (XXL 42"" - 44"")(3XL 49"" - 51"") (4XL 52"" - 54"") (5XL 55"" - 58"");Quality and Package: There are black underwear men pack of 5,in a frosting zip bag,which is convenient to reserve underwear for menComfortable Men's Underwear: Made from natural cotton mens underwear men pack,comfortable to wear all day long clothing and feel fresh all day3D Pouch Designer underwear: 3D pouch with open fly underwear for men; with body defining fit; Double stitched for durability; Lightweight underwear.Durable Waistband: 1.35 inch wide waistband, midway men's boxer briefs comfor to human body and support well.Tagless Design: Underpants for men without annoying labels on the back, print instead; Tagless boxer briefs for men is no discomfort or scratchy feeling.",,"Customers find the underpants comfortable and well-fitting. They appreciate the soft material and that they don't rise up. Many consider them a good value for the price. The underpants are also breathable, but opinions differ on overall quality.",https://www.amazon.com/dp/B077SVB38N
361,B07QZZ1LSG,"New Balance Men's 6"" Premium Performance Boxer Brief with Fly Front (3 Pack)",New Balance Store,No especificado,No especificado,Men,In Stock,18.98,18.98,18.98,4.6,80054.0,11.290469177436155,200.0,5.303304908059076,True,383.0,True,"90% Polyester, 10% Spandex   Imported   What's Included: 3 6"" Performance Boxer Brief with Fly Front underwear. The sizes are available in Small (28-30""), Medium (32-34""), Large (36-38""), X-Large (40-42""), XX-Large (44-46""), 3X-Large (48-50""), 4X-Large (52-54""), and 5X-Large (56-58""). The boxers come in a variety of colors and patterns.   Optimal Comfort: Crafted from a blend of 90% polyester and 10% spandex, these boxer briefs offer exceptional softness, breathability, and a tagless design, ensuring the ultimate comfort experience while keeping you cool and dry throughout the day.   Premium Design: These boxer briefs features a jacquard elastic waistband that enhances flexibility and ensures a comfortable fit around your waist. These briefs also feature a ""no-ride"" inseam and tagless labels, preventing any uncomfortable bunching in this lightweight fabric.   Remarkable Durability: These boxer briefs are remarkably durable and exhibit strong resistance to fading from washing and drying.   Care Instructions: You can safely use your washer and dryer for these boxer briefs. Machine wash them in cold water with similar colors. Use non-chlorine bleach only when necessary. Opt for a low tumble dry setting and avoid ironing.",,"Customers appreciate the underpants for their comfort, fit, and quality. They find the waistband wide and comfortable, with no itching or chafing. The length of the leg is perfect and doesn't ride up while active. Many customers find the material to be good and durable. Overall, they consider the underpants a solid choice that offers good value for money. While some appreciate the look and breathability, opinions vary on the ride height.",https://www.amazon.com/dp/B07QZZ1LSG
362,B0D6NJP2H4,"Hanes Men's Moves Performance Boxer Brief, Total Support Pouch, Regular, Trunk, and Long Leg, 3-Pack",Hanes Store,Hanes,MAZSM3,Men,In Stock,17.981,17.981,19.98,4.4,484.0,6.184148890937483,500.0,6.2166061010848646,True,31.0,True,"8"" INSEAM - Perfect for when you're dialing up the intensity of your workout, you'll get all the support of a traditional boxer brief plus a longer leg that helps prevent rubbing and chafing.TOTAL SUPPORT POUCH - Breathable mesh panels in Total Support Pouch men's underwear separate and support for anti-chafing comfort that lasts.ANTI-CHAFE COOLING ZONES - Targeted mesh and anti-chafe cooling zones enhance ventilation and help reduce chafing.STAY COOL, FEEL FRESH - Breathable, lightweight moisture-wicking fabric dries fast and wicks sweat away, while X-TEMP technology is designed to adapt to the body temperature. Odor guard technology keeps you feeling fresh.STAY COMFORTABLE - Exceptionally soft 4-way stretch fabric delivers increased flexibility and an advanced no-ride-up fit.DESIGN DETAILS – These men's boxer briefs feature a logo waistband, tag-free interior, and a quick-dry cooling pouch.","Hanes Moves™ Total Support Pouch® men's boxer briefs are sweat-wicking and stretchy enough for the active days and comfortable enough for the kick-back-and-rest days. Featuring breathable mesh panels, the Hanes Total Support Pouch separates and supports - ensuring all-day anti-chafing comfort. Targeted mesh and cooling zones enhance ventilation. Built with X-TEMP™ technology, these men's boxer briefs are designed to adapt to your temperature, while moisture-wicking fabric and a quick-dry pouch lift sweat away. Flexibility is key, and this high 4-way stretch fabric teams up with advanced no-ride-up legs to help you perform your best without feeling restricted. A real game-changer, this boxer brief underwear for men is available in a convenient 3-pack featuring logo waistbands. Hanes Moves. Ready for anything.","Customers find the underpants comfortable and supportive. They appreciate the good value for money and lightweight design. However, some customers have issues with seams pulling down or unraveling after a few wears. There are mixed opinions on the material quality and sturdiness.",https://www.amazon.com/dp/B0D6NJP2H4
364,B0D2JCJRFT,Handcraft Mens Underwear Funny Gifts for Men Chucky Cookie Monster Rick and Morty Scooby Doo Tom and Jerry Boxers for Men,Brand: Handcraft,No especificado,No especificado,Men,Low Stock,16.99,16.99,16.99,4.7,101.0,4.624972813284271,0.0,0.0,False,995.0,False,"Fun and Comfortable Set: This set includes a pair of boxer briefs printed all over with SpongeBob and friends plus a pair of striped crew socks featuring Gary the Snail.Soft and Stretchy Fabric: Crafted from a cozy polyester and spandex blend, the boxer briefs and socks hug the body with four-way stretch for all-day comfort.Wide Size Range: Available in sizes small through extra large to fit most men's waist sizes comfortably.Perfect Gift for SpongeBob Fans: Any SpongeBob enthusiast is sure to love showing off their favorite Bikini Bottom characters around the house or dorm in this fun underwear and socks set.Machine Washable Set: For easy care, both the boxer briefs and socks can be tossed in the washing machine and tumble dried.",,"Customers find the underpants comfortable and well-fitting. They appreciate the soft material, true size, and good quality. The colors are appealing to customers, and the product is described as funny and useful.",https://www.amazon.com/dp/B0D2JCJRFT
365,B00G99WZJU,"Hanes Men's Tagless Boxer Underwear, Exposed Waistband, Multi-packs Available",Hanes Store,Hanes,841BX6,Men,In Stock,22.99,22.99,22.99,4.6,109379.0,11.602583336900764,1000.0,6.90875477931522,True,210.0,True,"QUALITY FABRIC – Our solid men's boxers are made from 55% cotton and 45% polyester that's soft and moves with youVALUE YOU EXPECT – Each men's underwear value pack includes 6 pairs of boxers for men in assorted colors and patternsBREATHABLE & MOISTURE-WICKING – Cool Comfort technology helps wick away moisture to keep you cool and dry all day longCOMFORT YOU DESERVE – A no-gap fly and Comfort Flex waistband keep your boxer underwear from pinching and bindingTAGLESS, TOO – Because who has time for scratchy tags?SIZE OPTIONS – From men's underwear sizes Small-3XL, our multiple boxer underwear options make shopping simple",Hanes men's 5-pack red label comfort flex woven boxer,"Customers appreciate the underpants' fit, comfort, and quality. They find the legs long for big and tall individuals, the waistband comfortable, and the material soft on the skin. Many consider them a good value for the price, with nice colors and a timeless tartan design. However, some dislike the material thickness and have mixed opinions on durability.",https://www.amazon.com/dp/B00G99WZJU
366,B07KQVKMPP,"Gildan Men's Underwear Boxers, Multipack",Gildan Store,Gildan,No especificado,Men,In Stock,19.99,19.99,19.99,4.5,55974.0,10.932660441466956,200.0,5.303304908059076,True,6.0,True,"Soft, breathable cottonWoven elastic waistband with flap fly for ultimate comfortLays flat under pantsMoisture wicking technology keeps you cool and dryTag-free to prevent irritationConvenient flap fly","GILDAN Woven Boxers are the ultimate in comfort. Crafted with breathable cotton and moisture wicking technology to keep you cool and dry from day to night. Perfect for lounging or every day wear, these will soon be your new favorite, if they're not already.","Customers find the underpants well-made and reliable for everyday wear. They offer good value for the price, with nice colors and patterns. However, some customers have mixed opinions on the size, comfort, material thickness, and fabric quality.",https://www.amazon.com/dp/B07KQVKMPP
367,B09KMB7QB4,"Dickies 5 Pack Mens Boxer Briefs With Pouch, Moisture Wicking Performance Underwear For Men",Dickies Store,No especificado,No especificado,Men,In Stock,14.995,14.995,29.99,3.8,1168.0,7.063903961472068,100.0,4.61512051684126,True,132.0,True,"Men's Boxer Briefs With Pouch 5 Pack - Dickies Workwear valuable pack of 5 mid-thigh boxer briefs for men is made to support your lifestyle while keeping you covered and protected all day long.Design Features - Dickies' anti-chafing underwear men have been designed with an elastic waistband that sits perfectly on the waist, and flat stitches that prevent ride-ups. Its pouch design allows for keeping everything in its place, providing comfort throughout the day.95% poly, 5% spandex - These mens boxers are designed with breathable, soft, and flexible fabrics that provide comfort for everyday wear and prevent any chafing, rubbing, or sweating.One Style for Everyday - Our underwear packs include 5 different color options for you to pick according to your mood or vibe for the day. You'll get a pack with an assortment of colors , perfect to match with your everyday activities.Easy Washing Cares - These not-too-long boxer briefs for men have been designed with effortless-to-care fabrics. Wash without worries! Each piece is machine washable friendly. Mix with similar colors and use gentle laundry detergents.",,"Customers find the underpants comfortable and soft. They appreciate the quality, breathability, and appearance. However, some customers have reported issues with stitching fraying or falling apart after washing. There are mixed opinions on the fit and value for money.",https://www.amazon.com/dp/B09KMB7QB4
368,B0BV8JC4SS,True Religion Mens Boxer Briefs Cotton Stretch Underwear for Men Pack of 4,True Religion Store,No especificado,No especificado,Men,In Stock,23.9925,23.9925,31.99,4.4,713.0,6.570882962339584,100.0,4.61512051684126,True,224.0,True,"Unparalleled Comfort: Crafted from a premium blend of cotton and stretch fabric, these boxer briefs for men pack of 4 deliver an incredibly soft and smooth feel against your skin. Enjoy all-day comfort, whether you're at work, hitting the gym, or simply lounging around.Breathable and Fresh: Stay cool and fresh in these underwear for men pack of 4 throughout the day with True Religion's advanced breathable design. The cotton fabric allows for excellent airflow, keeping you dry and comfortable in any situation.Engineered Support: These men's boxer briefs are built for support and flexibility. The contoured pouch provides excellent support for your most important assets, while the stretch fabric ensures a snug yet unrestricted fit.Stylish Versatility: True Religion understands that style matters even in your most intimate wear. These men's underwear features a sleek and modern design, blending seamlessly with your wardrobe. Feel confident and fashionable, even underneath your clothes.Easy Care: We know your time is valuable, which is why these mens underwear boxer briefs are designed for hassle-free maintenance. They are machine washable and durable, maintaining their shape and softness wash after wash. Quality and convenience go hand in hand.",,"Customers find the underpants comfortable, soft, and lightweight. They appreciate the high-quality material that gives them confidence in the brand. The underpants are durable and offer great value for money. Customers like the vibrant colors and thickness of the material. However, some customers have issues with seams and have mixed opinions on the fit.",https://www.amazon.com/dp/B0BV8JC4SS
369,B00ACIGNMY,"Hanes Men's Tagless Briefs, Soft Moisture Wicking Underwear, Tagless, 7-pack",Hanes Store,No especificado,No especificado,Men,In Stock,24.0043,24.0043,42.0,4.6,26844.0,10.19783486285667,4000.0,8.294299608857235,True,803.0,True,"FRESH ALL DAY - FreshIQ advanced odor protection technology.KEEP YOUR COOL - Cool Comfort fabric wicks away moisture to keep you cool and dry.COMFORT AT THE WAIST - ComfortFlex no-pinch covered stretch waistband moves with you and keeps its shape wash after wash.NO TAG, NO ITCH - No annoying tag to bunch up or itch.A BETTER BASIC - Ultra-comfortable briefs are one of the best basics you can find, with Hanes' quality built in.STOCK-UP CONVENIENCE - A 7-pack of basic solid briefs for week-at-a-time stocking up.","Need to stock up on quality cotton knit briefs? Look to Hanes Ultimate® men's performance brief 7-pack. All about comfort, these soft, breathable cotton briefs are thoughtfully designed, knit from Cool Comfort® fabric that wicks away moisture to keep you cool and dry all day. They're also made with Hanes®'s FreshIQ™ advanced odor protection technology for all-day freshness. And here's even more comfort - the ComfortFlex® stretch waistband that moves with you and keeps its shape wash after wash without pinching or binding. You'll also appreciate the tagless, no-itch design, the traditional open fly, and full-cut silhouette. This comfortable, cotton brief underwear comes in a convenient 7-pack of basic solid colors for stocking up on a week's worth at once.","Customers find the underpants comfortable and well-sized. They appreciate the good quality, comfort, and value for money. The waistbands stay firm and snappy, and the colors hold their dark shades well after washing. However, some customers dislike the material thickness and have mixed opinions on stretchability.",https://www.amazon.com/dp/B00ACIGNMY
370,B08QBDWX2C,"Lacoste Men's Cotton Stretch Big Croc Print Boxer Briefs, 3-Pack",Lacoste Store,Lacoste,No especificado,Men,In Stock,28.41,28.41,28.41,4.6,1902.0,7.551186867296149,100.0,4.61512051684126,True,162.0,True,Stretch cotton jerseyElasticized waistband with crocodile printCut that offers comfort and support in all circumstancesCut provides comfort and support in all circumstances,Lacoste Mens Cotton Stretch Big Croc Print Boxer Briefs 3 pack,"Customers appreciate the quality, comfort, and fit of the underpants. They find the cotton fabric soft and skin-friendly, with a breathability that makes them suitable for all seasons. Many customers appreciate the nice colors and consider the product good value for money. However, some dislike the tag removal process and have differing opinions on the fabric quality.",https://www.amazon.com/dp/B08QBDWX2C
371,B0DP8B4LBQ,"Men's Disposable Underwear and socks, 14 Pack Cotton Briefs Panties and Crew Socks for Travel, Spa, Hospital Stays",COVAX Store,No especificado,No especificado,Men,In Stock,19.99,19.99,19.99,4.4,6.0,1.9459101490553132,0.0,0.0,False,502.0,True,"DISPOSABLE BUT COMFORTABLE: Made from cotton fabric, these disposable briefs and socks are soft, breathable, and gentle on the skin. They can be worn once or washed for reuse, making them a convenient essential for your daily life.CONVENIENT AND HYGIENIC: These are perfect for travel situations, especially longer trips where you may not have the chance to do laundry. No more carrying around dirty sock and underwear on your trips, simply wear and discard.LIGHTWEIGHT AND COMPACT: One-Wear disposable underwear is individually packaged for cleanliness and portability, which won't take much space in a travel bag. You will get 8 pack panties and 6 pack socks, white and black available.COMFY AND WELL FIT: Available in sizes Small to 2X for briefs, and one size for socks. Please choose the size that suits you, as there maybe a 1inch error in manual measurement.SUITABLE OCCASIONS: Men's disposable underwear and socks are versatile enough for numerous scenarios. Whether you're hitting the gym, camping, travel, Spa, or hospital stays, these disposable panties offer comfort and practicality, eliminating the hassle of laundering.",,,https://www.amazon.com/dp/B0DP8B4LBQ
372,B000SKI752,Hanes Men's 6-12 6-Pack Cushion Crew Socks,Hanes Store,Hanes Ultimate,No especificado,Men,In Stock,12.0,12.0,12.0,4.4,6441.0,8.770594329891145,500.0,6.2166061010848646,True,171.0,True,"Crew sock 6-pack featuring reinforced heels and toesCushioned foot bottom for all day comfortComfort toe seam, our most comfortable seam everWicks away moisture to keep you cool and dryFreshIQ advanced odor protection technology attacks the odor-causing bacteria in your clothing that causes your underwear and socks to smell — so now you can feel fresh all dayBreathable and moisture wicking sock to keep your socks dry, comfortable, and fresh","Hanes, established in 1901, has been a leader in the basics apparel industry with great socks, underwear, shirts, and other apparel. Our crew socks made with cotton for all over softness, superior fit and ultimate durability for all wears and occasions. These are great for work boots, athletic shoes, and everyday casual outfits.","Customers find these socks comfortable and well-fitting. They are described as a basic dress sock with no seams in the toes. Many customers consider them good value for money, providing cushioning for the price. The cotton and polyester blend feels soft. While some customers appreciate the work quality, others dislike the thickness of the socks. There are mixed opinions on the overall quality and elasticity of the socks.",https://www.amazon.com/dp/B000SKI752
373,B07QPVWZKK,Nautica Men's Cotton Woven 3 Pack Boxer,Nautica Store,Nautica,No especificado,Men,In Stock,15.5122,15.5122,19.99,3.8,8180.0,9.009569671513699,0.0,0.0,False,7.0,True,"Moisture control: Nautica boxers are breathable and transmits moisture away from the body, allowing you to remain comfortable all dayInsulation: protecting you against the heat in the summer and cold in the winter, Nautica men's underwear provides just the right amount of thermal insulationSuper soft: Nautica cotton men's underwear briefs are super soft and reduce skin irritation3 packSpecial size type: standard","A timeless classic silhouette from Nautica, super soft woven boxers in 100% cotton for lasting comfort. Comfortable for all-day wear, these men's knit boxers giver you ample room to move and feature a buttoned fly and are adorned with the iconic Nautica J-Class logo on a self-covered microfiber waistband for an easy & relaxed everyday fit. Expertly crafted to keep you comfortable everyday with durable, breathable and super soft cotton, these loose woven men's boxers keep you looking good on the go. Built to last, Nautica boxers ensure an easy fit that you'll love to wear. This style includes 3 pairs of Nautica Woven Boxers!","Customers are satisfied with the color quality of the underpants. However, some find the size too small or snug in the legs. They also mention issues with material durability, such as tearing after one use, shrinkage, and stress on seams. Opinions vary on the material quality, comfort, value for money, and overall quality.",https://www.amazon.com/dp/B07QPVWZKK
374,B08NMPSNZ4,Levi's Mens Underwear Microfiber Boxer Brief for Men Ultra Soft 4 Pack,Levi's Store,No especificado,No especificado,Men,In Stock,17.994,17.994,29.99,4.2,3193.0,8.069029328774958,0.0,0.0,False,51.0,True,"Boxer Briefs: If you're trying to build a great wardrobe, your first step needs to be adding our levis boxer briefs for men.Men's Underwear Boxer Brief Colors: Our men's underwear pack is available in beautiful assorted colors.Men's Boxer Briefs Underwear Pack: Our men's briefs come in a pack of 4, and small, medium, large, x-large, and xx-large sizes.Breathable & Comfortable: Our men's boxer briefs feature smooth fabric for all-day comfort.Satisfaction Guaranteed: Based on the confidence in the quality, our levis men's underwear boxer brief pack of 4 is protected by worry-free support.",,"Customers find the underpants comfortable and supportive. They appreciate the nice look and value for money. However, some customers have experienced issues with stitching coming undone or unraveling after washing. There are mixed opinions on the fit and material quality.",https://www.amazon.com/dp/B08NMPSNZ4
375,B08DP681C4,"Fruit of the Loom Men's Breathable Boxer Briefs, Moisture Wicking Underwear, Assorted Color Multipacks",Fruit of the Loom Store,Fruit of the Loom,No especificado,Men,In Stock,17.9,17.9,17.9,4.6,34778.0,10.45676903533851,50.0,3.9318256327243257,True,30.0,True,"This is an assorted color pack. This pack may contain all solids, all prints or a combination.Breathable micro-mesh fabric with moisture wicking for stay-cool comfortOdor protectionNo fly, contoured support pouch for additional support.Legs don't ride upThis pack may contain all black or a combination of black/grey","Fruit of the Loom Breathable boxer briefs feature soft cotton-blend mesh fabric that promotes air flow preventing you from getting hot. Moisture wicking technology distributes sweat away from the skin, keeping you dry throughout the day. These boxer briefs have a traditional fly design with reinforced seams for better support. A wider, tag free waistband feels soft against the skin.","Customers appreciate the underpants for their comfort, fit, and quality. They mention that the underpants feel soft, breathable, and secure. The sizes seem correct, and the briefs hold up well over time. Many customers find them reliable, durable, and reasonably affordable. The breathable cotton mesh fabric keeps them cool and comfortable. Many consider the underpants a great value, beating expensive brands in quality and comfort. However, some dislike the front opening.",https://www.amazon.com/dp/B08DP681C4
376,B0B34QD8XV,POLO RALPH LAUREN Classic Sport Solid Ankle Socks - 6 Pair Pack - Athletic Cushioned Cotton,POLO RALPH LAUREN Store,No especificado,No especificado,Men,In Stock,28.9815,28.9815,34.0,4.7,2355.0,7.764720544771477,100.0,4.61512051684126,True,201.0,True,Delight in careful craftsmanship found in the perfect pair of socks from Polo Ralph LaurenSignature embroidered details exemplify class and sophisticationClassic performance and style effortlessly elevate your athletic essentialsCustomize your look with authentic style from the golf course to the clubhouseGive gifts for him that will leave an impression with socks made to stand the test of timeBuilt-in comfort cushioning in the sole offers durability that is second to none,POLO RALPH LAUREN Classic Sport Solid Ankle Socks - 6 Pair Pack - Athletic Cushioned Cotton,"Customers appreciate the socks for their comfort, quality, and fit. They find the socks soft, cushioned, and well-made. The socks fit comfortably just above the ankle without sliding down. Many customers enjoy the simple yet classy style that goes well with various outfits. The thickness, value for money, and functionality of the socks are also praised.",https://www.amazon.com/dp/B0B34QD8XV
377,B0B47TJ3TN,"POLO RALPH LAUREN Men's 4D Flex Cooling Microfiber Boxer Briefs & Long Leg Boxer Briefs, 3 Pack",POLO RALPH LAUREN Store,No especificado,No especificado,Men,In Stock,54.5,54.5,54.5,4.7,1784.0,7.487173694213739,200.0,5.303304908059076,True,118.0,True,Four Way Stretch for Freedom of MovementFunctional Fly Pouch and Gusset Construction for Added SupportAdvanced Cooling Technology is Designed to Adapt to Your BodyWicks Away MoistureNo Ride UpTag Free,Polo Ralph Lauren Mens 4D Flex Cool Microfiber Boxer Briefs 3 Pack,"Customers appreciate the comfortable and breathable underpants. They find the fit great for working out and everyday wear. Many customers appreciate the quality of the boxers, describing them as top-notch and excellent. However, some have mixed opinions on the style and value for money.",https://www.amazon.com/dp/B0B47TJ3TN
378,B0BRXJV1PP,ABAFIP Men's Sissy Skirted Thong Panties Bowknot Low Rise G-string Bikini Briefs Underwear with 4 Gaters Belt,ABAFIP Store,No especificado,No especificado,Men,In Stock,17.98,17.98,17.98,3.8,43.0,3.784189633918261,0.0,0.0,False,123.0,True,"Sissy Panties for Men: Men's lingerie underwear sissy panties crossdressing underpants ruffle skirt panties underpants, low waisted girly panties underpants, sissy garter panties for men, for daily wear, lingerie party, lingerie night, etc.DESIGN: Mens sissy panties with garters belt, low waisted design make you look more hot, decorated with cute mini bowknots at side waist, super sissy and girly. Frilly ruffle skirted panties for men, elastic waistband for better fit, elastic spandex straps offers you comfort wearing experience. Four adjustable garters can hold up the stocking to complete a more captivating look.Suitable Occasions: Mens lingerie underpants sissy panteis garters belt underwear, suitable for lingerie party, Valentine's Day, anniversary, date nights, homewear, holiday, vcation, crossdresser, self-pleasure or as a outfit or surprise for your partner.Material: 65% Polyester, 35% Nylon. Sissy skirted panties for men, made of soft and breathable polyester and nylon fabric, material is super soft, lightweight and comfortable to wear, 4-way stretch, skin-friendly, no itchy to your skin, close fitted to the body, gives you a pleasant wearing experience.One Size fits for Most Male Weight Below 160 lbs. Care Instructions: Hand wash under 30 water, do not bleach, iron on low heat. One Size: Waist: 24.0"" 62cm;",,,https://www.amazon.com/dp/B0BRXJV1PP
379,B0B1WMKNM5,"Mens Underwear Cotton Boxer Briefs Comfy Breathable 6"" Underwear Tagless Wide Waistband Boxer Briefs Multipack",Brand: CONKEND,No especificado,No especificado,Men,In Stock,33.98,33.98,33.98,4.2,993.0,6.901737206656574,200.0,5.303304908059076,True,108.0,True,"[Cotton material] Men's underwear is made of 95% high-quality cotton and 5% spandex, which does not ball and does not fade. High-stretch material, will not deform for a long time, will be more durable than other men's underwear for 90 days.[3D Fly Pouch design] Men's front flap and 3D Fouch boxer briefs conform to your natural body shape, have good support for legs and buttocks, and fit firmly.[Durable belt without label] The widened 1.57-inch waist belt maintains long-lasting comfort all day long and can maintain its shape after long-term use. Tageless, no discomfort or scratching, wider than other 1.38-inch belts.【No Ride Up and Breathable Pouch】The structure of no ride up can keep the body coordinated and prevent bunching. The ergonomically ventilated paired bagging can firmly fix your ""things"" in a non-stressed position, provide a comfortable space in your personal area, and provide you with a dry environment.[Comfortable cotton men's underwear] Boxer briefs are made of natural cotton. The material is super soft and breathable. It is comfortable to wear and feel fresh all day long. The ultra-smooth 4-needle 6-thread brings extraordinary comfort.",,"Customers appreciate the underpants for their comfort, design, and value for money. They find them soft, with a good texture, and appreciate the nice style for teens. Many customers are pleased with the color variety. However, some have issues with the material thickness. Opinions vary on fit, quality, and stretchability.",https://www.amazon.com/dp/B0B1WMKNM5
380,B08L8HGG6T,"Pair of Thieves Men's Athletic Cotton Low-Cut Socks - 6-Pack Cushioned Comfort Socks for Sports, Work & Casual Wear",Pair of Thieves Store,No especificado,102439,Men,In Stock,9.7425,9.7425,12.99,4.5,2085.0,7.643003635560718,500.0,6.2166061010848646,True,176.0,True,"CHECK US OUT – Love Pair of Thieves? We feature all our underwear, t-shirts, socks, and loungewear there. You can get to it through the blue link above our product title.UBER COMFY FIT: Discover the secret to seriously happy feet! Designed with arch support and a blend of polyester and spandex, our low cut socks for men are super-soft, moisture-wicking, and feature a mesh upper for supreme breathability.READY FOR EVERYTHING: Office or off-trail, these low cut socks are ready for whatever – we call it Sneaky Performance. You'll love the 4-way stretch that moves with you and the no-shift grip that complements dress shoes or casual sneakers.BEST GIFT IDEA: Love tight thank you hugs? Pair of Thieves socks are just what you need to steal anyone's heart. With 6 pairs of the comfiest socks in every pack, you just might make your husband, boyfriend, brother, or dad shed that elusive tear.AMAZING VALUE – Our goal is to provide all of you wonderful people with the best basics on the planet. We specially engineered these low cut socks to give you the Sneaky Performance features you know and love at the best possible value",,"Customers appreciate the socks for their comfort, quality, and value. They find the socks soft, cosy, and snug for winter. Many praise the stretch and cushioning, describing them as well-made with breathable material. However, opinions differ on the fit, thickness, slipperiness, and color.",https://www.amazon.com/dp/B08L8HGG6T
381,B09RQY638M,Pair of Thieves Soft Cotton Boxer Briefs for Men Pack (4 & 8 Pack) - Tagless Underwear for Men Pack,Pair of Thieves Store,No especificado,No especificado,Men,In Stock,19.99,19.99,19.99,4.4,12824.0,9.45915167003897,400.0,5.993961427306569,True,21.0,True,"Unbelievably Soft & Comfortable – Made with a premium cotton blend that feels like a second skin, these boxer briefs keep you cozy all day with soft, breathable fabric that moves with you, never against you.Stays in Place – No Riding Up – Designed with a 5"" inseam and 4-way stretch for total freedom of movement, our boxer briefs stay exactly where they should. No ride-up, no bunching, just pure comfort.Breathable Cool Comfort – Whether you're working out or kicking back, the moisture-wicking fabric keeps you dry and fresh all day long. Stay cool and comfortable, no matter the hustle.Tag-free & No-roll Waistband – Say goodbye to scratchy tags and annoying waistband roll-ups. Our tag-free design and soft waistband keep you itch-free and comfortable, even during the busiest days.Made for Every Day – 4 Pack Value – Get more of what you love! Our 4-pack of boxer briefs gives you the perfect combination of comfort, durability, and value. Perfect for daily wear, from lounging to running errands or hitting the gym.",,"Customers appreciate the underpants' comfort, style, and value. They find the cotton smooth and the seams great quality. Many consider them breathable and cool. However, some customers dislike the stitching quality. Opinions vary on fit, quality, and ride height.",https://www.amazon.com/dp/B09RQY638M
382,B09T9H75NQ,"Custom Mens Underwear Boxer Briefs, Socks with Faces on Them Custom Gifts for Boyfriend & Husband",PUREFLY Store,No especificado,No especificado,Men,In Stock,14.99,14.99,14.99,4.4,134.0,4.90527477843843,0.0,0.0,False,995.0,False,"[Funny gifts]: Click the customize button, upload your avatar and you will get a funny gift just for your boyfriend. He will definitely find it funny when he sees your face.[Skin-friendly fabric]: The package includes a pair of custom socks and underwear. Our boxers with face on them customize and socks are made of polyester; the fabric is soft and stretchy, skin-friendly and comfortable.[HD printing]: Our custom underwear and socks are printed in high definition, no blurring, and image quality is absolutely guaranteed.[Sizing]: Our custom socks fit everyone. Underwear is available in XS, S, M, L, XL, 2XL, 3XL, 4XL, 5XL sizes for you to choose from, so you don't have to worry about sizing[After-sales service]: Please confirm your customize information before adding it to cart. If you have any problem when you receive your product, please feel free to reach us, we will help you in every possible way.",,"Customers are satisfied with the quality and appearance of the underpants. They mention the photo imprint and material are great. However, some find the socks too small or tight for their feet.",https://www.amazon.com/dp/B09T9H75NQ
383,B0B34WC9KB,POLO RALPH LAUREN mens Athletic Performance Cotton Ankle Socks - 6 Pair Pack - Moisture Wicking Mesh,POLO RALPH LAUREN Store,No especificado,No especificado,Men,In Stock,28.989,28.989,32.0,4.7,1935.0,7.568379267836522,300.0,5.707110264748875,True,24.0,True,Delight in careful craftsmanship found in the perfect pair of socks from Polo Ralph LaurenSignature embroidered details exemplify class and sophisticationClassic performance and style effortlessly elevate your athletic and casual essentialsCustomize your look with authentic style from the golf course to the clubhouseGive gifts for him that will leave an impression with socks made to stand the test of time,POLO RALPH LAUREN mens Athletic Performance Cotton Ankle Socks - 6 Pair Pack - Moisture Wicking Mesh,"Customers appreciate the socks for their comfort, quality, and fit. They find the socks soft, cushioned, and suitable for long walks and exercises. Many customers appreciate the vibrant colors and good value for money. However, opinions differ on the thickness and cotton content.",https://www.amazon.com/dp/B0B34WC9KB
384,B07C8C786Y,INNERSY Men's Boxer Briefs Cotton Stretchy Underwear 7 Pack for a Week,INNERSY Store,No especificado,No especificado,Men,In Stock,35.99,35.99,35.99,4.6,11191.0,9.322954516345318,100.0,4.61512051684126,True,140.0,True,"Men's 7-Pack Underwear for a Week: The boxer briefs are comfortable, breathable and stretchy. Bright and vibrant colors bring much fun. Wearing one color a day keeps you refreshing in a weekFunctional Fly: Supportive open fly provides more room and decreases the friction between your ""private area"" and underwear. Let the ""BOYS"" stay in place and enjoy their comfortRegular Size&Big and Tall Underwear: Measurement in inches. (Based on waist size)X-Small:26-28; Small:28-30; Medium:32-34; Large: 36-38; X-Large: 40-42; XX-Large: 44-46Stylish Waistband: The waistband is nicely stretchy and stays in place all the time, comfortable to wear with no riding up or rolling down. The stylish logo at the waistband adds extra charmFun Gifts for Men: Solid or vibrant colors in 7 pack. A colorful change from purely black/white briefs. A new favorite in your drawer",,"Customers appreciate the underpants for their comfort, color variety, and quality. They find the underwear soft against the skin, with a satisfying rubber waistband. The colors look fantastic and vibrant, and the underwear retains color, size, and shape after washing. Many consider them well-made, durable, and long-lasting. While most customers are satisfied with the value for money, fabric quality, and stretchiness, some have mixed opinions on the fit.",https://www.amazon.com/dp/B07C8C786Y
385,B086KKT44V,"New Balance Men's 5"" Performance No Fly Boxer Brief (4 Pack)",New Balance Store,New Balance,NB3017-4,Men,In Stock,17.47,17.47,17.47,4.7,846.0,6.741700694652055,300.0,5.707110264748875,True,52.0,True,"What's Included: 4 New Balance Men's Performance 5"" No Fly Boxer Briefs underwear. The sizes are available in Small (29-31"" inches), Medium (32-34"" inches), Large (36-38"" inches), and X-Large (40-42"" inches). The boxers come in a variety of colors, ranging in each 4-pack from: Grey/Gray, Black, Blue, Royal, and Pigment.Ultimate Comfort: Made from 90% polyester and 10% spandex, the New Balance Men's Performance 5"" No Fly Boxer Briefs are super soft, tagless and breathable and will provide you with the ultimate comfort, staying cool and dry all day long.Superior Design: The New Balance Men's Performance 5"" No Fly Boxer Briefs feature an elastic waistband for added flex and will sit comfortably on the waist. These briefs also feature a ""no-ride"" inseam and tagless labels. You will not have to deal with any uncomfortable bunching from this lightweight fabric!Incredibly Durable: These boxers are incredibly durable and are highly fade resistant to washing and drying.How to Wash: Washer and dryer safe! Machine wash cold with like colors. Only non-chlorine bleach when needed. Tumble dry low. Do not iron.",,,https://www.amazon.com/dp/B086KKT44V
386,B07JQ12R59,Polo Ralph Lauren Men's Ribbed Casual Crew Socks -3 Pair Pack- Cotton Comfort & Heel-toe Reinforcement,POLO RALPH LAUREN Store,No especificado,No especificado,Men,In Stock,24.0,24.0,24.0,4.7,218.0,5.389071729816501,100.0,4.61512051684126,True,41.0,True,"Delight in careful craftsmanship found in the perfect pair of socks from Polo Ralph LaurenSignature embroidered details exemplify class and sophisticationCustomize your look in socks that effortlessly complement your attirePerfect for dress shoes, every pair of socks is inspired by classic menswear patterningGive gifts for him that will leave an impression with socks made to stand the test of time",Polo Ralph Lauren Men's Ribbed Casual Crew Socks - 3 Pair Pack - Cotton Comfort & Heel-toe Reinforcement,"Customers appreciate the socks' durability, quality, comfort, and style. They find the socks well-made with reinforced heels and toes, a strong elastic that holds its shape well, and nice colors. Many customers find them warm and good value for money. However, some have issues with the cotton content and disagree on how well the socks fit.",https://www.amazon.com/dp/B07JQ12R59
387,B09R7YKSM1,"Hanes Men's Total Support Pouch Boxer Briefs, X-Temp Cooling, Moisture-Wicking Underwear, Regular, Long-leg and Trunk, 3-Pack",Hanes Store,Hanes Ultimate,UFSBC4,Men,Low Stock,17.956,17.956,19.0,4.5,30794.0,10.335107618121144,100.0,4.61512051684126,True,124.0,True,"VALUE YOU LOVE – This sexy men's underwear pack comes with 3 pairs of Total Support Pouch moisture-wicking underwear, in your choice of regular Boxer Briefs, Long-Leg Boxer Briefs, or Men's Trunk Underwear. Note: Colors/patterns may vary depending on availability.HELPS PREVENT CHAFING – Hanes Total Support Pouch has a breathable mesh liner that separates and supports for anti-chafing comfort that lasts.STARTS COOL. KEEPS COOL – X-Temp Technology men's boxers are designed to adapt to your temperature and activity to help you stay cool, no matter what your day brings. Targeted mesh zones make them breathable.ODOR CONTROL – Advanced odor protection plus moisture-wicking performance fabric help keep you dry.COMFORT YOU EXPECT – Comfort Flex waistband keeps your men's underwear with pouch from pinching and binding, plus they're tagless for itch-free comfort. No-ride-up legs stay in place.QUALITY FABRIC – Our anti-chafing underwear is made from soft, lightweight stretch fabric that moves with you.",,"Customers find the underpants comfortable and well-fitting. They appreciate the jersey-like fabric that feels cool and not like cotton. The longer legs stay in place and don't ride up. Many customers find them a good value for the money. The wicking ability helps keep them dry and cool on hot days. Customers also appreciate the breathability, support, and sturdiness of the underpants. However, opinions differ on the material quality.",https://www.amazon.com/dp/B09R7YKSM1
388,B00IO9JCY4,Hanes Men's FreshIQ Over The Calf Tube Socks (Pack of 12),Hanes Store,Hanes Men's Socks,180V12,Men,In Stock,14.98,14.98,14.98,4.5,3014.0,8.011355109161286,3000.0,8.006700845440367,True,19.0,True,Maximum Cushioning (full cushion)Double Tough DurabilityWicking Cool Comfort Fabric helps wick moisture and keep feet dryFreshIQ Advanced Odor Technology helps fight stinky feetSpandex for better fitComfort Toe Seam,Hanes Double Tough B&T 12-Pack Over the Calf Crew socks pack a powerful punch with double tough durability and maximum cushioning around the foot for ultimate comfort. Wicking Cool Comfort® Fabric will help keep your feet cool and dry. Our FreshIQ® Advanced Odor Protection will help fight those stinky feet! Spandex and Comfort Toe Seam will provide comfort and a better fit. Fits Men's shoe size 12-14.,"Customers find the socks comfortable and soft. They appreciate the quality, comfort, and value for money. Many customers say the socks hold up well after washing and drying. However, some have mixed opinions on the fit, material quality, stay-up ability, and calf coverage.",https://www.amazon.com/dp/B00IO9JCY4
389,B0B34TX2T2,Polo Ralph Lauren Men's Argyle Pattern Dress Crew Socks - 3 Pair Pack - Soft Lightweight Cotton Comfort,POLO RALPH LAUREN Store,No especificado,No especificado,Men,In Stock,24.0,24.0,24.0,4.7,1444.0,7.275864600546533,300.0,5.707110264748875,True,50.0,True,"Delight in careful craftsmanship found in the perfect pair of socks from Polo Ralph LaurenSignature embroidered details exemplify class and sophisticationCustomize your look in socks that effortlessly complement your attirePerfect for dress shoes, every pair of socks is inspired by classic menswear patterningGive gifts for him that will leave an impression with socks made to stand the test of timeExperience the difference in each smooth comfort toe seam for a custom fit and feel",POLO RALPH LAUREN mens Argyle Pattern Dress Crew Socks - 3 Pair Pack - Soft Lightweight Cotton Comfort,"Customers appreciate the socks' quality, style, and comfort. They find the socks durable, with a soft, comfortable feel that stays up well in normal washing and drying. The colors are appealing and make them easy to coordinate with ties. Many consider the socks good value for money. However, some customers have differing opinions on the fit, thickness, and color consistency.",https://www.amazon.com/dp/B0B34TX2T2
390,B084HFMYG3,"Gildan Men's Underwear Cotton Stretch Boxer Briefs, Multipack",Gildan Store,Gildan,G9562,Men,In Stock,21.225,21.225,22.36,4.7,16241.0,9.695355758842355,700.0,6.55250788703459,True,22.0,True,"Soft, breathable ring-spun cottonPlush, tag-free waistband to prevent irritationContoured pouch for superior fitMoisture wicking technology keeps you cool and dry6"" classic length inseam","Gildan Cotton Stretch Boxer briefs deliver a premium fit and feel. Boxer Briefs made using soft cotton and tag-free design will feel great all day long. Gildan brand delivers high quality apparel choices for any wearing occasion - check out our full line of Gildan apparel today Gildan is one of the world's largest vertically integrated manufacturers of apparel and socks. Gildan uses cotton grown in the USA, which represents the best combination of quality and value for Gildan cotton and cotton blended products. Since 2009, Gildan has proudly displayed the cotton USA mark, licensed by cotton council international, on consumer's product packaging and shipping materials. Gildan environmental program accomplishes two core objectives: reduce our environmental impact and preserve the natural Resources being used in our manufacturing process. At all operating levels Gildan is aware of the fact that we operate as a part of a greater unit: the environment in which we live and work.","Customers appreciate the underpants for their comfort, fit, and quality. They find the underpants soft, breathable, and well-made. The waistband is not too tight, the length prevents chafing, and the thigh bands remain strong. Many customers consider the product great, better than Hanes, and worth the cost. They also like the ride height, stretchiness, and style.",https://www.amazon.com/dp/B084HFMYG3
391,B0D3659J5K,JOYNÉE 20 Pairs Mens No Show Socks Low Cut Ankle Socks Short Casual Socks,JOYNÉE Store,JOYNÉE,No especificado,Men,Other,25.99,25.99,25.99,4.3,132.0,4.890349128221754,100.0,4.61512051684126,True,67.0,True,"BEST ANKLE RUNNING SPORTS SOCKS for MEN:Made of 95% polyester,5% spandex. High quality material makes the athletic socks so breathable, comfortable to wear all day without irritating your feet skin.Well Made Cuff: The Ergonomically designed well made cuff make socks fit your feet perfectly, will not be tight and neither loose.OCCASION:Match with any shoes, oxfords, sneakers and more! They suitable for many scenarios such as home, casual, running ,jogging in spring, autumn and winter.ONE SIZE FITS MOST : Men's Shoe Size 6-12 (US)(Sock Size 10-13).They are elastic and perfectly make it suitable for your feet.PERFECT GIFT : These men socks can be a perfect gift given to friends and family members who holds interest in athletics.",,,https://www.amazon.com/dp/B0D3659J5K
392,B086KKT23M,"Hanes Men's Moisture-Wicking Cotton Briefs, Available in White and Black, Multi-Packs Available",Hanes Store,Hanes,No especificado,Men,In Stock,10.72,10.72,10.72,4.6,44569.0,10.704816265940602,2000.0,7.601402334583733,True,337.0,True,"STAY COOL AND DRY - Cool Comfort fabric wicks away moisture to keep you cool and dry all day.SOFT AND BREATHABLE - The comfort of a soft cotton blend feels great against your skin.COMFORT AT THE WAIST - ComfortFlex no-pinch waistband moves with you and keeps its shape wash after wash.NO TAG, NO ITCH - No annoying tag to bunch up or itch.A BETTER BASIC - Ultra-comfortable briefs are one of the best basics you can find, with Hanes' quality built in.CONVENIENT 6-PACK - Stock up with ease with a 6-pack of white briefs.","When it's time to stock up on basic white briefs, Hanes® has the ones you want. These soft, cotton-blend men's briefs are knit from Cool Comfort® fabric that wicks away moisture from your skin to keep you cool and dry all day. You'll really appreciate the ComfortFlex® waistband that moves with you and keeps its shape wash after wash without pinching or binding. These ultra comfortable, full-cut, cotton-blend briefs are also tagless so there's no annoying tag to bunch up or itch. With a traditional open fly, this cool, breathable underwear comes in a convenient 6-pack of all white so stocking up is a no-brainer.","Customers find the underpants to have a nice fit that is not too loose or tight. They are available in various sizes, colors, and pack options. The material is soft and smooth, providing excellent comfort. Many customers consider them a good value for the price. However, opinions differ on durability, material thickness, and stretchability.",https://www.amazon.com/dp/B086KKT23M
393,B0B34Z57RW,True Religion Mens Boxer Briefs Cotton Stretch Underwear for Men Pack of 6,True Religion Store,No especificado,No especificado,Men,In Stock,29.9914,29.9914,34.99,4.3,1769.0,7.478734825567875,100.0,4.61512051684126,True,149.0,True,"BOXER BRIEFS FOR MEN PACK: These boxers for men are designed with comfort in mind. This mens boxers have a lightweight, breathable design so it helps regulate temperature to keep you cool and dry.HIGH QUALITY MENS BRIEFS: This men's boxer briefs feature a 4-way stretch fabric; it is an ultra-soft cotton spandex material that moves with you to keep a perfect fit. No more uncomfortable men boxers that keeps bunching up on you.FEATURES: Along with the features mentioned above, these mens underwear briefs are anti-chafing,mens boxer shorts which offers supreme comfort and superior durability.MENS UNDERWEAR BOXER BRIEFS PACK: Not only are these men's boxers premium quality, you also have here a variety of options. You get 6 men boxer briefs in one order with an assortment of cool colors and patterns.MENS UNDERWEAR BOXER BRIEFS PACK: Not only are these men's boxers premium quality, you also have here a variety of options. You get 6 men boxer briefs in one order with an assortment of cool colors and patterns.","The True Religion men boxer briefs have everything you want in your perfect pair of underwear. These briefs are made with an incredibly soft cotton/spandex blend. You don't have to worry about these briefs riding up or bunching up on you. These boxer briefs for men are made with a lightweight, breathable fabric that helps regulate your temperature and keep you dry. Avoid uncomfortable chafing and bunching up with this form-fitting stretch design. These mens compression boxers briefs are the perfect choice for any man. You can find our True Religion mens underwear in many different ways, such as; anti chafing underwear men, boxer breifs, boxer brief, boxer briefs for men, boxer brifs, boxers briefs for men, boxers briefs men, breathable boxer briefs men, breathable underwear for men, comfortable mens underwear boxer briefs, compression boxers for men, compression boxers men, compression underwear for men, contour underwear men, light underwear for men, male underwear, man underwear, men boxer briefs underwear, men boxers briefs, men underwear boxer brief, mens boxer breifs, mens boxer brief, men's boxer briefs, mens boxer briefs underwear pack, mens boxers briefs, men's boxers briefs, mens breathable boxer briefs, mens breathable underwear boxer briefs, mens briefs boxer, men's briefs boxer, mens compression underwear, mens seamless underwear, mens spandex underwear, men's underwear boxer brief, mens underwear boxer briefs pack, spandex underwear for men, underpants for men, underwear for men pack boxer briefs, and underwear mens boxer brief.","Customers find the underpants comfortable and supportive, with a nice look and cool colors. They consider them a good value for the price. However, some customers have issues with smell and seam quality. There are mixed opinions on fit, material quality, and ride height.",https://www.amazon.com/dp/B0B34Z57RW
394,B07DBS6VLL,Hanes Men's X-Temp 12-Pack Active Cool Crew Socks,Hanes Store,No especificado,No especificado,Men,In Stock,26.8225,26.8225,35.99,4.5,1677.0,7.425357887027151,300.0,5.707110264748875,True,207.0,True,CottonPull On closureMachine Wash,,"Customers appreciate the socks' comfort, durability, and quality. They find the socks soft, cushioned, and durable. However, opinions differ on the overall quality and fit.",https://www.amazon.com/dp/B07DBS6VLL
395,B0C523G7RV,HUGO mens Underwear Gift Set With Trunk and Quarter Length Socks,HUGO Store,HUGO,No especificado,Men,In Stock,20.48,20.48,20.48,4.4,2918.0,7.978996370854115,0.0,0.0,False,210.0,True,Underwear Gift Set With Trunk and Quarter Length Socks,Underwear Gift Set with Trunk and Quarter Length Socks,,https://www.amazon.com/dp/B0C523G7RV
396,B09XBV1X8S,Under Armour Men's Charged Assert 10 Running Shoe,Under Armour Store,Under Armour,3026176,Men,In Stock,59.2521,59.2521,75.0,4.5,12003.0,9.392995206560258,1000.0,6.90875477931522,True,145.0,True,"Lightweight, breathable mesh upper with synthetic overlays for added durability & supportEVA sockliner provides soft, step-in comfortCharged Cushioning midsole uses compression molded foam for ultimate responsiveness & durabilitySolid rubber outsole covers high impact zones for greater durability with less weightOffset: 10mmWeight: 9.5 oz.",Under Armour mens Charged Assert 10,"Customers find these shoes comfortable and supportive with a nice soft insole. They are well-built and built to last. The shoes look good and offer good value for the money. Many customers find them suitable for walking, weight training, and arch support. However, opinions differ on the fit.",https://www.amazon.com/dp/B09XBV1X8S
397,B087YQCWKG,Under Armour Men's Charged Assert 9 Running Shoe,Under Armour Store,Under Armour,No especificado,Men,In Stock,59.9914,59.9914,70.0,4.6,52602.0,10.870528431319944,400.0,5.993961427306569,True,240.0,True,"Lightweight mesh upper with 3-color digital print delivers complete breathabilityDurable leather overlays for stability & that locks in your midfootEVA sockliner provides soft, step-in comfortCharged Cushioning midsole uses compression molded foam for ultimate responsiveness & durabilitySolid rubber outsole covers high impact zones for greater durability with less weightOffset: 10mm","These running shoes are built to help anyone go faster-Charged Cushioning helps protect against impact, leather overlays add durable stability, and a mesh upper keeps your feet cool for miles.. Lightweight mesh upper with 3-color digital print delivers complete breathability. Durable leather overlays for stability & that locks in your midfoot. EVA sockliner provides soft, step-in comfort. Charged Cushioning midsole uses compression molded foam for ultimate responsiveness & durability. Solid rubber outsole covers high impact zones for greater durability with less weight. Offset: 10mm. NEUTRAL: For runners who need a balance of flexibility & cushioning. Lace type: Standard tie.","Customers find these shoes comfortable and well-made with a nice look. They are lightweight, good for walking and working, and have great traction on concrete floors. Many customers appreciate the value for money, support, and color options. However, some customers have differing opinions on the fit and durability.",https://www.amazon.com/dp/B087YQCWKG
398,B01G3LZ0IG,PUMA Mens Tazon 6 Cross Trainer,PUMA Store,Puma,No especificado,Men,In Stock,35.005,35.005,70.0,4.5,42988.0,10.66869954799624,300.0,5.707110264748875,True,752.0,True,"CONTEMPORARY DESIGN: Seasonal fracture graphic on this Tazon Cross-Trainer for a modern look.RELIABLE PADDING: Stable cushioning for running and training needs.SMOOTH AND SNUG: Sleek, streamlined silhouette with synthetic leather upper and midfoot saddle for maximum fit and comfort.SHOCK ABSORPTION: EVA in the heel absorbs impact for added support and comfort.",Puma Mens Tazon 6 Cross Trainer,"Customers praise the shoes for their comfort, appearance, and quality. They mention that the insoles are soft, allowing them to stay on their feet for long periods of time. Many appreciate the variety of styles and colors available. While most customers find the shoes a good value for money, some have differing opinions on the fit and durability.",https://www.amazon.com/dp/B01G3LZ0IG
399,B0BHPRRS6C,adidas Men's Swift Run Sneaker,adidas Store,No especificado,No especificado,Men,In Stock,60.0033,60.0033,90.0,4.5,3679.0,8.210668031162976,600.0,6.398594934535208,True,938.0,True,"100% RubberMade in the USA or ImportedEthylene Vinyl Acetate soleShaft measures approximately low-top"" from archRegular Fit. The Swiftrun Shoe RUNS LARGE. We recommend sizing downLightweight EVA midsole; Enjoy the comfort and performance of OrthoLite sockliner",Adidas mens Swift Run,"Customers appreciate the comfortable and well-fitting shoes with a soft back and cushioned sole. They find the shoes look nice and are easy to keep clean, looking new months after buying. Many customers find the shoes sturdy yet lightweight, ideal for long periods of wear. The shoes offer good value for money and are lightweight. However, some customers have concerns about how the shoes wear over time.",https://www.amazon.com/dp/B0BHPRRS6C
400,B0CKMDL9T3,adidas Men's Daily 4.0 Sneaker,adidas Store,No especificado,No especificado,Men,In Stock,55.2015,55.2015,65.0,4.6,1253.0,7.134093721192866,200.0,5.303304908059076,True,8.0,True,"Classic skate-inspired sneakers for stylish everyday wearFLEXIBLE UPPER: Soft textile upper is stretchy and comfortableREINFORCED TOE: Added protection in the toe area offers extra durabilityTEXTILE LINING: Textile lining provides a soft, comfortable feelRUBBER OUTSOLE: The rubber outsole provides outstanding grip and a sleek, low-profile look",adidas mens Daily 4.0,"Customers find the shoes to have a good quality, nice look, and comfortable fit. They appreciate the durable material that keeps them looking new even after a few months. The shoes are easy to clean and maintain their appearance. Many customers consider the shoes a great value for money and a good purchase.",https://www.amazon.com/dp/B0CKMDL9T3
401,B08KL9BZ17,PUMA Men's Axelion Cross Trainer,PUMA Store,puma,No especificado,Men,In Stock,40.005,40.005,80.0,4.5,11661.0,9.364090971782101,100.0,4.61512051684126,True,79.0,True,"BOLD ENHANCEMENT: This cross-trainer shoe features a new material that takes the Axelion design to the next level.STABLE SUPPORT: The upper has a molded saddle piece that adds fresh interest and bold, exaggerated lacing.DURABLE AND COMFORTABLE: The shoe has a TPU shank for support and an EVA heel piece for long-lasting comfort.DYNAMIC BRANDING: The foam heel unit and bold PUMA logo on the heel make this a game-changing, cross-training shoe with progressive design detailing.",puma mens Axelion,"Customers appreciate the comfort, appearance, and quality of these shoes. They find the soles soft and not too stiff, making them suitable for walking and running. Many customers find them trendy and like the color options. While most are satisfied with the value for money, walking ability, and weight, some have differing opinions on the fit and durability.",https://www.amazon.com/dp/B08KL9BZ17
402,B0BHPWC1VJ,adidas Men's Racer TR23 Sneaker,adidas Store,adidas,MAR55,Men,In Stock,43.9045,43.9045,80.0,4.5,1491.0,7.307872780763706,200.0,5.303304908059076,True,17.0,True,adidas mens Sneaker,adidas mens Racer TR23,"Customers find the shoes comfortable and well-built. They appreciate the snug fit without wiggle room, the cushioned sole, and the simple design that looks brand new. Many consider the shoes great for walking, weight loss, and providing arch support. The shoes are considered good value for money and a good investment.",https://www.amazon.com/dp/B0BHPWC1VJ
403,B08MQWFCVF,Tommy Hilfiger Men's Brecon,Tommy Hilfiger Store,Tommy Hilfiger,No especificado,Men,In Stock,39.9953,39.9953,85.0,4.7,2371.0,7.771488760117616,100.0,4.61512051684126,True,24.0,True,Classic Logo DetailFaux leatherSpot cleanRound toe,Tommy Hilfiger mens Brecon,"Customers find the shoes look nice and comfortable. They fit well and are a reliable choice for casual outfits. Many customers appreciate the good quality and value for money, calling them a good buy. However, some dislike heel wear and have differing opinions on cleaning ease.",https://www.amazon.com/dp/B08MQWFCVF
404,B0BY9YZMW6,Skechers Men's Garza Gervin Slip in,Skechers Store,Skechers,No especificado,Men,In Stock,79.9911,79.9911,90.0,4.6,2063.0,7.6324011266014535,200.0,5.303304908059076,True,7.0,True,Skechers Hands Free Slip-ins for an easy fitAir Cooled Memory FoamGoga Mat ArchClassic FitComfort Pillow technology for added comfort,Skechers Mens Garza Gervin Slip in,"Customers find the shoes comfortable and stylish. They appreciate the wide sizing and arch support for wide feet. The shoes are easy to slip on and off, with good build quality and wearability. Many customers find them a great product and value for money.",https://www.amazon.com/dp/B0BY9YZMW6
405,B0C73MZF8M,LARNMERN Mens Non Slip Work Shoes Slip On Water Resistant Walking Sneakers Zapatos Trabajo Waterproof Food Service Chef Kitchen,LARNMERN Store,LARNMERN,No especificado,Men,In Stock,49.9,49.9,49.9,4.1,4032.0,8.302265794873367,600.0,6.398594934535208,True,985.0,True,"NON SLIP WORK SHOES: Light comfort and hiker-like durability, is the perfect for slip resistant working.Our DURA-ANTISLIP outsole offers superior slip resistance by channeling away liquids like oil, grease, and water.EASY WEAR & WATERPROOF SHOES: Our sneakers keeps your feet dry and comfortable in any weather. Lightweight mesh for long-term standing workers.Water resistant upper provides protection from light moisture. Not easy to get wet in rainy or snowy days.CONSERVATION: Removable and soft PU insoles support the feet arches and biodegradable construction for reduced environmental impactALL DAY COMFORT:Air cushion foam midsole for absorbs shock and adds stability, anti-fatigue footbed covers and offers all day comfort through our footbed.Daily Life Use - Fit for most occasions, such as casual, walking, running, sports, traveling, exercise, workout and other occasions.",,"Customers find the shoes comfortable and well-made. They appreciate the roomy toe box and good arch support. The shoes are sturdy and great for working, with nice insoles. Many customers like the look, value for money, and weight. However, opinions differ on water resistance, durability, and slip resistance.",https://www.amazon.com/dp/B0C73MZF8M
406,B0C4T5L78D,Skechers USA Men's Slip-ins: Delson 3.0-Roth Loafer,Skechers Store,Skechers,No especificado,Men,In Stock,58.1927,58.1927,79.99,4.7,1221.0,7.108244139731541,200.0,5.303304908059076,True,9.0,True,Skechers Slip-In TechnologyHeel PillowGoga Mat ArchAir-Cooled Memory Foam,,"Customers find these shoes comfortable and well-fitting. They appreciate the wide toe box that relieves pressure on their toes. The style is casual yet nice enough to wear to dinner. The shoes are made well with a sturdy heel and excellent stability. The slip-on feature, value for money, and lightweight design are also appreciated.",https://www.amazon.com/dp/B0C4T5L78D
407,B07ZSCB99R,adidas Men's Daily 3.0 Sneaker,adidas Store,Adidas,GW6421,Men,Low Stock,39.8139,39.8139,65.0,4.7,14820.0,9.603800372956915,700.0,6.55250788703459,True,1.0,True,Men's casual skate-inspired sneakers for every daySNUG FIT: Classic lace closure for snug fitCLASSIC LOOK: Breathable washed canvas upperCUSHIONED COMFORT: Enjoy the comfort and performance of OrthoLite sockliner; Officially licensed OrthoLite productSKATER LOOK: Vulcanized rubber outsole for a skate-inspired look,"Relax at the park with friends or go to the laundry. Wear workout pants or chinos. Whatever your outfit or business, these adidas shoes add style and comfort. The iconic 3 stripes on the synthetic leather upper and the preformed rubber sole create an old-school look.","Customers appreciate the shoes' style, comfort, and fit. They find the shoes stylish and comfortable for all-day wear, with a true-to-size fit that doesn't need sizing up. The canvas casual shoes have excellent traction and grip, making them great additions to their wardrobes. Many customers consider the shoes a good value for money. However, some have differing opinions on durability, weight, and ease of cleaning.",https://www.amazon.com/dp/B07ZSCB99R
408,B07B41HCNS,New Balance Men's 608 V5 Casual Comfort Cross Trainer,New Balance Store,New Balance,MX608WN5,Men,Low Stock,64.9813,64.9813,74.99,4.6,80652.0,11.29791128062967,200.0,5.303304908059076,True,170.0,True,Leather upperABZORB midsole cushioning aids in absorbing forceful impactsPremium PU comfort insert,The men's New Balance 608v5 is a classic trainer designed with a premium PU nsert to help offer reliable comfort for long days spent on feet.,"Customers find the shoes comfortable and supportive. They appreciate the accurate sizing and wide sizes for wide feet. The shoes have a nice look and feel like the 624. Many customers find them durable and well-made, with leather uppers that hold up well over time. The shoes offer good value for money and are considered a great buy. Customers are also satisfied with the support, walking ability, and functionality of the shoes.",https://www.amazon.com/dp/B07B41HCNS
409,B0CKMCTKJ4,adidas Men's Lite Racer Adapt 7.0 Sneaker,adidas Store,No especificado,No especificado,Men,Low Stock,39.3944,39.3944,70.0,4.4,1605.0,7.381501894506707,300.0,5.707110264748875,True,300.0,True,"Men's stylish, slip-on sneakersSNUG FIT: Adjustable laces provide a secure fitFLEXIBLE UPPER: Soft textile upper is stretchy and comfortableCUSHIONED MIDSOLE: Cloudfoam midsole for step-in comfort and superior cushioningMADE IN PART WITH RECYCLED CONTENT: This product features at least 20% recycled materials. By reusing materials that have already been created, we help to reduce waste and our reliance on finite resources and reduce the footprint of the products we make",Slip into easy comfort in these men's adidas sneakers. They have a sock-like upper that fits super snug and makes them a snap to get on and off. A Cloudfoam midsole provides all-day cushioning.,"Customers find the shoes comfortable and providing great support. They appreciate the nice look and consider them a good addition to their shoe wardrobe. Many customers find the shoes to be of good quality, easy to put on, and reasonably priced. However, some have differing opinions on the fit, quality, and slip resistance.",https://www.amazon.com/dp/B0CKMCTKJ4
410,B09NMJ14NP,Nike Men's Running Shoe,Brand: Nike,Nike,11,Men,In Stock,49.0032,49.0032,72.0,4.4,671.0,6.51025834052315,200.0,5.303304908059076,True,75.0,True,Running ShoesFlexibility and lightnessSupport and cushioning,-,"Customers find the shoes comfortable with good cushioning and support. They appreciate the quality, style, and durability for the price. Many like the lightweight design, shoe size, and arch support. However, opinions differ on the fit.",https://www.amazon.com/dp/B09NMJ14NP
411,B0B47NGW9D,ASICS Men's Gel-Venture 9 Running Shoes,ASICS Store,Asics,1011B486-021,Men,In Stock,59.9525,59.9525,80.0,4.5,4924.0,8.502079553606189,100.0,4.61512051684126,True,396.0,True,Mesh upper: Improves breathabilityThe sockliner is produced with the solution dyeing process that reduces water usage by approximately 33% and carbon emissions by approximately 45% compared to the conventional dyeing technology: Improves impact absorption and creates a softer feeling at footstrikeRearfoot GEL technology: Improves impact absorption and creates a softer feeling at footstrikeAMPLIFOAM cushioning: Improves cushioningTrail-specific outsole pattern: Improves grip on various surfaces,,"Customers find the shoes comfortable with ample cushioning in the sole. They appreciate the quality, build, and appearance. The shoes hold up well over time and have a nice color. Many customers find them a good value for money, walking comfortably, and providing arch support. However, opinions vary on how well the fit fits.",https://www.amazon.com/dp/B0B47NGW9D
412,B0BX3WHZ8R,Skechers Men's Hands Free Slip-ins Summits High Range Sneaker,Skechers Store,Skechers,No especificado,Men,In Stock,65.0013,65.0013,75.0,4.6,10384.0,9.248117736310213,400.0,5.993961427306569,True,316.0,True,Skechers Hands Free Slip-ins for an easy fitExclusive Heel Pillow holds your foot securely in placeSkechers Air-Cooled Memory Foam cushioned comfort insoleCrafted with 100% vegan materialsMachine washable,Skechers Men's Summits High Range Hands Free Slip-in,"Customers find these shoes comfortable with a cushioned insole and true-to-size fit. They are easy to slip on and off, with good traction on gravel and snow. Many customers appreciate the color and design. The shoes are durable and lightweight, but opinions vary regarding slip resistance.",https://www.amazon.com/dp/B0BX3WHZ8R
413,B0BHPSXR7X,adidas Men's Kaptir 3.0 Sneaker,adidas Store,No especificado,No especificado,Men,In Stock,51.6043,51.6043,90.0,4.5,2167.0,7.681560362559537,50.0,3.9318256327243257,True,10.0,True,"Men's casual shoes deliver bold style and reliable comfortWIDE FIT: Designed with a wider last than regular-fitting shoesCUSHIONED MIDSOLE: Cloudfoam midsole for step-in comfort and superior cushioningRUBBER OUTSOLE: The rubber outsole provides outstanding grip and a sleek, low-profile lookMADE IN PART WITH RECYCLED CONTENT: This product features at least 20% recycled materials. By reusing materials that have already been created, we help to reduce waste and our reliance on finite resources and reduce the footprint of the products we make",Adidas mens Kaptir 3.0,"Customers find these shoes comfortable and easy to wear. They like the squishy sole and good looks. The shoes are considered great quality with excellent tread and fit well. Many customers appreciate the value for money, lightweight design, and slip-on style. However, some customers have differing opinions on the overall quality.",https://www.amazon.com/dp/B0BHPSXR7X
414,B005OLALQI,PUMA Men's Roma Sneaker,PUMA Store,puma,No especificado,Men,Low Stock,46.9933,46.9933,70.0,4.3,36631.0,10.508677454336931,50.0,3.9318256327243257,True,82.0,True,vegan-synthetic-upperRubber soleightweight training shoethick padded tongue and orthopedic arch supports,puma mens Roma,"Customers appreciate the shoes' quality, comfort, and value for money. They find the simple design and clean style classic. Many appreciate the good cushioning and arch support. The weight is also a positive aspect for customers. However, some have differing views on the fit, durability, and leather quality.",https://www.amazon.com/dp/B005OLALQI
415,B00SMJOETO,Clarks Men's Tilden Cap Oxford,Clarks Store,Clarks,261103097,Men,In Stock,58.2035,58.2035,90.0,4.5,17665.0,9.779397167305078,200.0,5.303304908059076,True,1.0,True,These smart men's shoes with a square cap toe toe are crafted from a premium leatherStretch Gore Panels for a Flexible FitOrtholite footbed that softens impact and wicks away moistureHeel Height 1 inchSoft Themoplastic Rubber outsole provides comfort all dayProtectors - Create an invisible protective barrier to resist rain and protect against stains.,"Sleek lines and a classic design lends this men's lace-up shoe a look that's timeless and modern all at once. Part of the Clarks Collection, this shoe is crafted with rich black leather and an OrthoLite® footbed for all-over comfort. The durable rubber outsole has shock-absorbing properties and provides traction for enhanced stability. Goes with everything from suits and dress pants to denim and cords.","Customers find the shoes comfortable and well-fitting. They appreciate the nice casual look and good quality leather that holds up over time. Many consider them a worthwhile investment. However, some customers have issues with the color accuracy.",https://www.amazon.com/dp/B00SMJOETO
416,B07PQSW7V9,Lugz Men's Clipper Fashion Sneaker,Lugz Store,Lugz,No especificado,Men,In Stock,24.985,24.985,50.0,4.3,33707.0,10.425490476892245,100.0,4.61512051684126,True,6.0,True,"SLIP ON SHOES FOR MEN: Elevate your everyday style with the Lugz clipper slip on casual sneakers for men, designed to blend comfort with classic casual flair | These mens sneakers men footwear feature a cushioned insole that ensures superior comfort, perfect for long days on your feet.CASUAL SNEAKERS FOR MEN: The sturdy canvas upper on our mens casual shoes not only adds a touch of timeless style but also offers durability for daily wear | The vulcanized rubber outsole delivers excellent grip and traction, making these mens shoes casual mens footwear a reliable choice for various surfaces.MENS SLIP ON SHOES: With a classic slip-on design these lugz sneakers shoes for men, the side gore panels provide a flexible fit for easy on-and-off convenience | The padded collar on this slip on shoes for men add an extra layer of comfort, allowing for a snug, customized fit that feels great throughout the dayMENS CASUAL SHOES: Whether you're running errands, meeting friends, or simply enjoying a day out, the Lugz clipper walking shoes for men offer a perfect blend of practicality and style | Available in an array of colors and sizes, these mens canvas shoes are a versatile addition to any wardrobe.LUGZ SHOES: Choose the Lugz clipper mens slip on shoes for a sleek, comfortable, and fashionable option for all your casual footwear needs | Like what you see? Explore the full collection of Lugz sneakers for men and women by visiting the Lugz storefront now!","Step into comfort and style with the Lugz clipper casual sneakers for men. Designed for those on the go, these mens slip on shoes combine a sleek, minimalist look with all-day wearability. Whether you're running errands, meeting up with friends, or relaxing on the weekend, the clipper mens canvas shoes men footwear delivers effortless ease. Crafted with a durable canvas upper, these slip on shoes for men are both lightweight and breathable, keeping your feet cool and comfortable. The cushioned insole on our slip on sneakers men shoes for men provides a soft step every time, while the rubber outsole offers excellent traction for daily wear. The elastic gore panels allow for easy slip-on access, making these walking shoes for men perfect for those busy mornings when you're in a rush. Available in a range of colors and sizes, the Lugz clipper mens sneakers are the ultimate everyday mens casual shoes that never go out of style. Pair these mens shoes with your favorite jeans or casual shorts for a laid-back, put-together look.","Customers find the shoes comfortable and easy to wear. They like the classic canvas style and color options. Many consider them a good casual shoe with decent quality. The price is reasonable, and they offer slip resistance and ease of use. However, some customers have differing opinions on the fit and overall quality.",https://www.amazon.com/dp/B07PQSW7V9
417,B07FBKFTJG,Skechers Men's Cessnock Food Service Shoe,Skechers Store,Skechers,77188,Men,In Stock,55.2535,55.2535,85.0,4.5,27980.0,10.239280987394974,600.0,6.398594934535208,True,2.0,True,Breathable MeshBungee lacingSlip resistantRelax FitAir-Cooled Memory foam comfort insoleElectrical Hazard,"Skechers for work, cessnock food service shoe. Slip reisitant outsole.","Customers find these shoes comfortable and supportive for long periods of standing or working at a desk. They have a relaxed fit with plenty of room. The quality is good, and the shoes are considered a fantastic choice for anyone working in food service. Customers appreciate the slip resistance, which keeps their feet from sliding on slippery surfaces. Many customers find them workable, look good, and value for money. However, some customers have differing opinions on the fit and durability.",https://www.amazon.com/dp/B07FBKFTJG
418,B0D1B42GVJ,Mens Running Shoes Fashion Sneakers Tennis Walking Shoes Lightweight Athletic Gym Workout Shoes,Brand: YITUHIO,YITUHIO,No especificado,Men,In Stock,22.76,22.76,22.76,4.0,292.0,5.680172609017068,300.0,5.707110264748875,True,37.0,True,"Skin-Friendly Materials for Comfort:high-quality materials, these men's shoes offer a soft, breathable upper.The interior lining provides superior cushioning for all-day comfort.Lightweight & Comfortable:Mens Tennis shoes lightweight design reduces foot fatigue, allowing you to walk, run, or exercise with ease.The shoe contours to the shape of your foot, providing a snug and comfortable fit.Basic and Fashionable Slip-On Look:The elasticated opening ensures a secure and convenient fit while making it easy to slip on and off.Durable laces ensure a secure closure while being adjustable for personal preference.Anti-Slip & Wear-Resistant Outsole:Mens sneakers outsole is made from anti-slip and wear-resistant materials, ensuring excellent grip and stability on various surfaces,reduces the risk of slipping.Features: machine washable, walking on for any occasions: walking, running, workout, gym, athletic, sports, jogging, tennis, bike riding, hiking, schools, office, casual outfit and go with jeans, leggings, shorts, etc.",YITUHIO Running Shoes for Mens Fashion Sneakers Mens Tennis Walking Shoes Lightweight Athletic Shoes,"Customers find the shoes comfortable and stylish. They appreciate the good quality, value for money, and lightweight design. However, opinions differ regarding durability.",https://www.amazon.com/dp/B0D1B42GVJ
419,B0BYB5NPFN,Skechers Men's Respected Holmgren Slip in,Skechers Store,Skechers,Slip-ins RF: Respected - Holmgren,Men,In Stock,56.4334,56.4334,85.0,4.6,2392.0,7.780303087908373,200.0,5.303304908059076,True,6.0,True,"Skechers Hands Free Slip-ins for an easy fitAir Cooled Memory FoamGoga Mat ArchRelaxed Fit for a room comfort fit at toe and forefootAnti-slip Goodyear Performance Outsole delivers enhanced traction, stability and durability",Skechers Mens Respected Holmgren Slip in,"Customers find the shoes comfortable and easy to put on. They appreciate the slip-on feature, nice look, and good build quality. The shoes are well-made and durable, with sturdy soles that provide stability. Many customers consider the shoes a good value for money and easy to use. However, some have mixed opinions about the fit.",https://www.amazon.com/dp/B0BYB5NPFN
420,B00D881IBG,Skechers Men's Afterburn Memory Fit Lace-up Sneaker,Skechers Store,No especificado,No especificado,Men,In Stock,60.8424,60.8424,79.99,4.4,82102.0,11.315729835576818,300.0,5.707110264748875,True,3.0,True,Lace-upSkechers Memory Foam comfort insoleFlexible rubber traction outsoleArticu-Lyte shock-absorbing supportive flexible midsoleSkechers logo detail1 1/2 inch heel,Skechers Men's Afterburn M Fit,"Customers find these sneakers comfortable and suitable for long days on their feet. They fit well, look good, and provide good value for the price. Many find the arch support satisfactory, though some have issues with the shoes separating. Opinions differ on durability and memory foam.",https://www.amazon.com/dp/B00D881IBG
421,B0BYTDW4QR,Brooks Men's Ghost Max Cushion Neutral Running & Walking Shoe,Brooks Store,Brooks,110406 2E 020,Men,In Stock,89.954,89.954,150.0,4.6,2065.0,7.633369649679584,400.0,5.993961427306569,True,16.0,True,"THIS MEN'S SHOE IS FOR: Runners and walkers alike who want maximized cushion, and a maximized protective ride with effortless, smooth heel-toe transitions and secure, stable landings. The Ghost Max is a certified PDAC A5500 Diabetic shoe and has been granted the APMA Seal of Acceptance.PROTECTIVE CUSHIONING: A high stack of DNA Loft v2 cushioning specifically in the forefoot, combined with a unique GlideRoll Rocker work together to decrease pressure underfoot for enhanced yet protective comfort from the arch of the foot all the way up to the knee.STABLE RIDE: A broad base offers inherent stability for a secure feel that doesn't interfere with your stride. Raised sidewalls offer optimal bending stiffness for a comfortably secure fit. Unique linear last construction makes fit inclusive of foot shapes and orthotics.ASSISTED TRANSITIONS: GlideRoll Rocker transition technology actively promotes smooth heel-toe transitions for an effortless feeling as you move that won't interfere with a neutral stride.VERSATILITY: An ideal choice for runners which aids by keeping people moving in their habitual motion path thereby reducing the odds for running related injuries. Additionally, the Ghost Max is also an ideal choice for walkers as it actively reduces energy absorption in foot soft tissues.",,"Customers appreciate the comfortable and quality shoes. They find the shoes have a perfect fit with a wide sole. The shoes are durable, with a solid heel that doesn't tilt out. Many customers like the neutral design and color options. The shoes provide good support, weight, and value for money.",https://www.amazon.com/dp/B0BYTDW4QR
422,B07ZLM669B,Bruno Marc Men's KnitFlex Breeze Mesh Sneakers Oxfords Lace-Up Lightweight Casual Walking Shoes,Bruno Marc Store,Bruno Marc,B195-2A1AV03-H05MJ-02FF4G,Men,In Stock,42.9912,42.9912,48.99,4.6,14880.0,9.60784051043005,600.0,6.398594934535208,True,4.0,True,"Breathable Comfort: The knitted upper allows air to pass through, making these men's casual shoes the quintessential summer essential.Responsive & Cushioned: The cushy EVA outsole and memory foam insole deliver great cushioning and responsiveness that absorbs impact with each step and ensures all-day comfort.Easy On/Off: The elasticated collar, lace-up design, and rear pull tab make these men's business casual shoes easy to put on and take off. Plus, the padded detail protects your heel from chafing.Lightweight: Each shoe weighs only 7.76oz and this makes walking in these men's dress sneakers effortless. Ideal for men that are on the go or on their feet all day.Casual & Semi-Formal Style: These men's casual shoes add an active vibe to daily outfits. The wing-shaped stitching on the upper makes these shoes accommodate smart casual or business-casual attire as well.",,"Customers appreciate the comfortable and stylish shoes. They find the shoes cushiony and breathable with a soft heel. The shoes have a casual yet dressy look with gorgeous colors. Customers say the shoes fit as expected for sizing and adapt to their foot shape easily. The shoes are lightweight and easy to wear. Customers also appreciate the quality, traction, and value for money.",https://www.amazon.com/dp/B07ZLM669B
423,B0CQTL7R2J,Brooks Men's Adrenaline GTS 24 Supportive Running Shoe,Brooks Store,Brooks,1104371D458,Men,Low Stock,139.95,139.95,139.95,4.5,526.0,6.267200548541362,100.0,4.61512051684126,True,480.0,True,"THIS MEN'S SHOE IS FOR: The Adrenaline GTS 24 provides support to every stride, now with nitrogen-infused DNA Loft v3 cushioning for even more lightweight, plush comfort. This Brooks Adrenaline GTS 24 is a certified PDAC A5500 Diabetic shoe and has been granted the APMA Seal of Acceptance. Predecessor: Adrenaline GTS 23.GUIDERAILS HOLISTIC SUPPORT SYSTEM: Our innovative technology supports your body in its natural motion path while keeping excess movement in check.DYNAMIC CUSHIONING: Nitrogen-infused DNA Loft v3 midsole foam delivers soft, smooth cushioning that adapts to your unique stride for lightweight comfort mile after mile.ENHANCED UPPER: Engineered air mesh upper provides just right breathability, stretch, and structure for a comfortably accommodating fit.SMOOTH TRANSITIONS: Newly designed outsole and midsole promote smooth transitions so you can do more, comfortably.",,"Customers find the shoes comfortable and supportive for running or walking. The cushioning and stability system provide great comfort for tired arches. Many customers appreciate the quality, fit, style, traction, and value for money. However, some customers have mixed opinions on durability.",https://www.amazon.com/dp/B0CQTL7R2J
424,B091M4492K,adidas Men's Hoops 3.0 Mid Sneaker,adidas Store,adidas,LWO77,Men,In Stock,52.393,52.393,75.0,4.6,3717.0,8.220941168281389,0.0,0.0,False,29.0,True,Men's mid-cut basketball-style shoes with a vintage lookDURABLE UPPER: Synthetic leather upper is soft and durableHIGH TRACTION: The iconic rubber cupsole delivers great grip,adidas Originals mens Hoops 3.0 Mid,"Customers find the tennis shoes comfortable with good material and padding. They like the stylish design and color that matches outfits. The shoes are considered a worthwhile investment for the price. However, some customers have differing opinions on the fit, cushioning, and leather quality.",https://www.amazon.com/dp/B091M4492K
425,B07RFNMYS4,Nike Men's Flex Control TR3 Sneaker,Brand: Nike,Nike,CD0199,Men,In Stock,60.727,60.727,65.0,4.5,7235.0,8.886823846515187,50.0,3.9318256327243257,True,35.0,True,Mesh upper provides lightweight breathability. A durable overlay wraps from the midfoot around the heel for added supportSegmented rubber outrigger on the forefoot of the sole gives you stability during side-to-side movements. Overlays above the outrigger add durabilityNike Flex sole lets your foot move naturally. Textured rubber tread outlines the sole for durable traction and stability,"Emphasizing lightweight comfort and stability, the Nike Flex Control 3 Shoe is tailored to explosive workouts. Its lightweight, flexible upper features a midfoot saddle for adjustable stability, while its outsole features deep flex grooves to let your foot move naturally.","Customers appreciate the comfort, style, and value of these shoes. They find them supportive, lightweight, and well-worth the price. Many customers enjoy the classic Nike look and feel they are a great product overall. However, some have mixed opinions on fit, durability, and color.",https://www.amazon.com/dp/B07RFNMYS4
426,B0CKML13D6,adidas Unisex Adult Samba Indoor Soccer Shoe,Adidas Store,No especificado,No especificado,Men,Low Stock,73.7718,73.7718,90.0,4.5,677.0,6.519147287940395,200.0,5.303304908059076,True,972.0,True,"Performance soccer shoes for playing on indoor surfacesSOCCER SIZING: Unisex product is men's sizing. Women should size down 1 to 1.5 sizesLEATHER UPPER: Leather upper with suede overlays for comfort and soft feelSYNTHETIC LINING: Synthetic lining provides a soft, comfortable feelINDOOR SOCCER OUTSOLE: The grippy rubber outsole is specially designed for flat indoor surfaces","adidas Samba shoes have decades of soccer heritage behind them. Their soft leather upper will keep you comfortable on indoor courts, while suede overlays provide abrasion resistance. These shoes have a classic rubber outsole that provides grip to help you change direction on a dime, and their lightweight EVA insole helps smooth out every sprint.","Customers appreciate the shoes' style, comfort, and value for money. They find the shoes trendy and clean-looking, with great arch support and a non-grippy interior sole. However, some customers have mixed opinions on sizing, durability, and squeaking.",https://www.amazon.com/dp/B0CKML13D6
427,B073T4FJS1,Bruno Marc Men's Slip on Dress Loafers Formal Shoes,Bruno Marc Store,Bruno Marc,47806-GIORGIO-1,Men,In Stock,39.9917,39.9917,47.99,4.4,7031.0,8.858226439365012,300.0,5.707110264748875,True,15.0,True,Men's loafers & slip-ons designed in USASoft synthetic leather upper features a square toeEasy slip-on style with dual side goring for a comfortable fitSmooth vegan leather lining and cushioned foam footbed for all-day comfortDress shoes with durable TPR outsole provides cushioning and shock absorption. Heel height: 1 inch (approx),,"Customers appreciate the shoes' appearance, comfort, and value for money. They find the shoes suitable for formal attire, with a soft yet durable sole material. Many consider them good quality for the price. However, some customers dislike the leather quality. There are mixed opinions on the fit, quality, and wearability of the shoes.",https://www.amazon.com/dp/B073T4FJS1
428,B0B2F3PM2R,On Men's Cloud X 3 Shift Sneakers,Brand: On,On-Men's,60.98703,Men,In Stock,133.0811,133.0811,149.99,4.5,1769.0,7.478734825567875,100.0,4.61512051684126,True,56.0,True,"Fabric: Performance meshRubber solePerforated panels, Reflective accents throughout, Cushioned collar and super-soft insole, Designed for training , Ultra lightweight designHelionTM superfoam injected CloudTec soleRound toe",Cloud X 3,"Customers appreciate the shoes for their comfort, quality, and style. They find the basic feel consistent and good, making them great walking shoes or nursing shoes. Many appreciate the lightweight design and wearability. However, some have issues with value for money and differing opinions on fit and durability.",https://www.amazon.com/dp/B0B2F3PM2R
429,B0777YX2L3,Skechers Men's Nampa groton,Skechers Store,Skechers,No especificado,Men,In Stock,34.9938,34.9938,56.0,4.4,16800.0,9.729193687429403,100.0,4.61512051684126,True,4.0,True,Memory Foam FootbedRelaxed FitSlip ResistantElectrical HazardFood Service,Skechers Mens Nampa groton,"Customers find the shoes comfortable and well-made. They appreciate the simple design that looks great and wears well. The shoes offer good value for money, with slip resistance, workability, and support. However, some customers have different views on the fit and durability.",https://www.amazon.com/dp/B0777YX2L3
430,B0CS2YYTM4,"Hey Dude Wally Stretch Sox, Men's Shoes, Men's Slip-on Loafers, Comfortable & Light-Weight",Hey Dude Store,Hey Dude,No especificado,Men,In Stock,58.0311,58.0311,64.99,4.7,293.0,5.683579767338681,500.0,6.2166061010848646,True,3.0,True,"Rounded Toe Design and Flex & Fold: This supports healthy feet with its unique shape giving complete freedom of movement.Lightweight with Elastic Laces: Manufactured using an elastic material that allows them to flex with the foot, resulting in a shoe that fits more uniformly. Each shoe weighs 6 ounces or less making it one of the lightest pairs of shoes around.Comfortable Durable High-Quality Material: Designed with you in mind. This Wally shoe boasts the comfort of walking on clouds. Featuring an insole that reduces odors, lightweight outsole, and breathable cotton fabric.Great For Travel & On The Go: The removable memory foam cushioned insole provides maximum comfort and reduces sweating and odors. Machine Washable Friendly (Cold). Sizing Tip: If you usually wear half sizes, we suggest choosing the next size up for the best overall fit.Perfect Gift for Any Occasion – Whether you're shopping for your dad, husband, brother, or friend, HEYDUDE shoes are the ultimate gift for Christmas, birthdays, Father's Day, or any special celebration.",,"Customers find the shoes comfortable and well-made. They fit true to size, have a wide toe box, and are lightweight. The shoes look nice and provide good value for money.",https://www.amazon.com/dp/B0CS2YYTM4
431,B0B3TBJ79D,VILOCY Men's Casual Dress Sneakers Oxfords Business Mesh Breathable Walking Shoes Tennis Comfortable,VILOCY Store,VILOCY,V220140,Men,In Stock,42.997,42.997,45.99,4.4,8780.0,9.080345575359996,400.0,5.993961427306569,True,881.0,True,"1. 【Breathable Stretchy Knit Fabric Upper】The lightweight and breathable knit upper adapts to your foot shape,match with leather hits on heel and tongue make mens dress sneaker more fashionable.2. 【Soft Fabric Lining】flexible lightweight provide additional comfort.3. 【Lace-up Closure】 with an elastic collar construction easy to take on and off.4. 【Memory Foam Cushioning Insole】 Removable, Comfortable and soft, the feeling of walking on the cloud and don't feel sore feet as you all day.5. 【Versatility& Stylish】These Mens Oxford Shoes Perfect For Walking, Running, Work, Social Party's,Business",,"Customers find the shoes comfortable and stylish. They appreciate the lightweight design, good quality, and casual look. However, opinions vary on the fit and overall quality.",https://www.amazon.com/dp/B0B3TBJ79D
432,B0CN854MLC,ASICS Men's Gel-Nimbus 26 Running Shoes,ASICS Store,Asics,1011B794-403,Men,Low Stock,109.9531,109.9531,160.0,4.4,1391.0,7.238496840894365,50.0,3.9318256327243257,True,19.0,True,Engineered knit upper: Wraps the foot with a soft feelAt least 75% of the shoe's main upper material is made with recycled content to reduce waste and carbon emissions:The sockliner is produced with the solution dyeing process that reduces water usage by approximately 33% and carbon emissions by approximately 45% compared to the conventional dyeing technology:PureGEL technology: Helps provide lightweight cushioning and softer landingsFF BLAST PLUS ECO technology: Cushioning creates a softer landing and a more responsive toe-off,,"Customers appreciate the comfort, quality, and style of these shoes. They find the cushioning great, not too soft or hard, and the shoes look nice. Many customers are happy with the running ability and arch support. However, opinions differ on the fit, durability, and value for money.",https://www.amazon.com/dp/B0CN854MLC
433,B000W93PX8,Rockport Men's Eureka Walking Shoe,Rockport Store,Rockport,K712,Men,In Stock,69.953,69.953,100.0,4.3,28127.0,10.244520800484903,100.0,4.61512051684126,True,13.0,True,"GENUINE LEATHER: Leather upper is easy to clean and maintain, so these walking shoes for men look and feel even better with timeFATIGUE-FIGHTING FOOTBED: Latex foam footbed generously cushions the foot to help reduce foot fatigue as you stand and walkBREATHABLE LINING: Moisture-wicking mesh lining offers breathability to create extra-comfortable walking shoes for menIMPACT-ABSORBING: EVA midsole provides flexible, lightweight impact absorptionSTABILITY AND TRACTION: Rubber outsole offers long-wearing durability, and helps to maintain a sure stride on a variety of surfacesA STABLE STRIDE: San Crispino construction provides a wide base of support for all-day stability",Rockport Mens Eureka Walking Shoe,"Customers find these shoes comfortable and easy to wear. They appreciate the good quality, fit, and wide toe box. Many find them stylish and suitable for formal occasions. Customers consider the shoes a good value for the price. However, some customers have experienced issues with the shoes separating.",https://www.amazon.com/dp/B000W93PX8
434,B072FBNZHL,Skechers Men's Go Walk Max Slip-On Shoes,Skechers Store,Skechers,No especificado,Men,In Stock,49.2924,49.2924,65.0,4.4,54852.0,10.912412158829376,0.0,0.0,False,3.0,True,"Lightweight, responsive 5GEN cushioning midsole and outsoleGoga Max cushioned comfort insoleNearly seamless breathable athletic air-mesh upperFlexible rubber outsoleMachine washable, air dry","Get ready for convenient comfort and performance with the Skechers GO WALK Max shoe. This pull-on athletic walking style features a nearly seamless air-mesh upper with lightweight 5GEN cushioning midsole and outsole, plus Goga Max insole","Customers appreciate the comfort, quality, and ease of putting on the shoes. They mention the soles are cushioned, sturdy, and not clunky. Many find the shoes lightweight, look good, and offer good value for money. However, opinions differ regarding the fit and overall quality.",https://www.amazon.com/dp/B072FBNZHL
435,B00MU2OR3W,Skechers Men's Expected Avillo Relaxed-Fit Slip-On Loafer,Skechers Store,Skechers,64109,Men,In Stock,42.1435,42.1435,65.0,4.6,43469.0,10.679826323982837,200.0,5.303304908059076,True,1.0,True,Casual slip-on shoe featuring lightly padded collar and concealed gored insets at entryEmbroidered logo at vampCushioned memory foam footbedShoes are 2E i.e. extra width for women and wide for men,Skechers Men's Expected Avillo,"Customers find the shoes comfortable and easy to slip on. They appreciate the relaxed fit, good looks, and quality construction. The neutral colors go well with jeans. Customers also value the shoes for their affordability, ease of slip-on, and lightweight design.",https://www.amazon.com/dp/B00MU2OR3W
436,B01IA6CJ36,Skechers Men's Cankton Steel Toe Construction Shoe,Skechers Store,Skechers,77055,Men,In Stock,69.9918,69.9918,85.0,4.4,24941.0,10.124308408480692,200.0,5.303304908059076,True,4.0,True,Steel ToeElectrical HazardMemory Foam comfort insole athletic construction,Skechers for work #1 steel toe Cankton work shoe,"Customers find these shoes comfortable and supportive. They fit well with a wide toe box and roomy vertically. Many consider them a good work shoe with good protection and value for money. The look is appreciated by some customers. However, some customers have issues with slip resistance and have differing opinions on durability and weight.",https://www.amazon.com/dp/B01IA6CJ36
437,B0C7Y5S23T,Levi's Men's Carter Nb Sneaker,Levi's Store,Levi's,No especificado,Men,Ships in 1-2 days,27.95,27.95,27.95,4.3,285.0,5.655991810819852,100.0,4.61512051684126,True,144.0,True,Synthetic vegan leather uppersDurable rubber outsole for added tractionLightly cushioned footbed for excellent comfortIconic Levi's branding and detailed stitchingLace-up closure,"A classic low-top sneaker never goes out of style. In fact, they're pretty much a staple in any men's wardrobe. That's exactly what has inspired these Levi's men's sneakers. They're a simple and easy way to show off your old-school style in a cool, modern way. The synthetic leather uppers and iconic Levi's branding mean these shoes are as versatile as they are fashionable, so add them to your favorite jeans and a tee or walk them into work with a button-up shirt and pair of slacks. Either way, you're going to be loving your look while feeling light on your feet thanks to the breathable fabric lining, ultra-comfy footbed, and durable rubber outsole. Lace up these men's shoes and let their cool, casual style show the world your laid-back vibes.","Customers find the shoes comfortable and stylish. They appreciate the great look and feel, with nice colors. Many find them good quality and value for money. However, some customers have issues with the glue quality and have mixed opinions on durability and fit.",https://www.amazon.com/dp/B0C7Y5S23T
438,B0B7RKW1X6,On Men's Cloudgo Sneakers,Brand: On,On-Men's,55.98091,Men,In Stock,148.89,148.89,148.89,4.5,382.0,5.948034989180646,100.0,4.61512051684126,True,89.0,True,"Fabric: Performance meshRubber soleReflective accents throughout, Cushioned collar and super-soft insole, Engineered for the needs of multi-functional athletes and everyday wear, Ultra lightweight design, Connected CloudTec cushions at outsole",New Cloud Swift,"Customers find these shoes comfortable and soft. They like the look and fit, describing them as nice and perfect. Many customers appreciate the lightweight design and ease of movement. However, some have issues with the color. There are mixed opinions on durability and value for money.",https://www.amazon.com/dp/B0B7RKW1X6
439,B07GPPKNRV,Skechers Men's Moreno Ederson Oxford,Skechers Store,Skechers,No especificado,Men,In Stock,54.3422,54.3422,70.0,4.4,14163.0,9.558458813231795,100.0,4.61512051684126,True,171.0,True,Skechers Goga Mat arch cushioned supportAir Cooled Memory FoamWide FitVintage-washed canvas lace-up casual sneakerSuede-textured heel panel,Skechers Mens Moreno Canvas Oxford,"Customers find the shoes comfortable and supportive, with a soft and responsive underfoot feel. They appreciate the stylish look and good color options. Many consider the shoes great for casual or more formal dress. The quality is generally considered good, though some customers have differing opinions on fit, durability, and arch support.",https://www.amazon.com/dp/B07GPPKNRV
440,B078HZRH3L,Cole Haan Mens 2.Zerogrand Laser Wingtip Oxford,Cole Haan Store,Cole Haan,2.Zerogrand,Men,In Stock,139.9912,139.9912,159.95,4.7,2480.0,7.816416983691801,100.0,4.61512051684126,True,12.0,True,"Laser cut wingtip upper pattern in textured, smooth leather, nubuck or suedeFully padded sock lining for ultimate comfortFully rubber outsole with Grand OS technology",Cole Haan mens Running Shoes,"Customers appreciate the comfortable and stylish shoes. They find the soles and cushioning to be excellent. The shoes are lightweight, durable, and well-made. Many customers find them easy to wear and good value for money. However, some have differing opinions on the fit and durability.",https://www.amazon.com/dp/B078HZRH3L
441,B0BMTMZCHT,Brooks Men's Trace 3 Neutral Running Shoe,Brooks Store,Brooks,110412-083,Men,In Stock,99.95,99.95,99.95,4.6,529.0,6.272877006546167,200.0,5.303304908059076,True,26.0,True,"THIS MEN'S SHOE IS FOR: The Trace 3 is for runners who want a shoe that is going to be soft and dependable.SMOOTH TRANSITIONS: Segmented crash pad cushions your landing and creates a seamless transition from heel-to-toe.UPDATED, SECURE FIT: New engineered air mesh provides breathability and a soft feel.SOFT CUSHIONING: DNA LOFT cushioning is softer than before and also adaptable for lasting comfort mile after mile that reacts to your unique stride.BREATHABLE UPPER: Air-mesh upper offers more breathability to keep runners dry and comfortable.",,"Customers find that the shoes provide good support for their feet and back. They appreciate the comfortable fit, quality construction, and durability. The shoes are well-made and look nice. Many customers find them a good value for money and appreciate the weight of the shoes.",https://www.amazon.com/dp/B0BMTMZCHT
442,B001NZCXNI,Merrell Men's Jungle Leather Slip-On Shoe,Merrell Store,Merrell,J60889,Men,In Stock,62.0738,62.0738,100.0,4.6,27004.0,10.203777313026992,100.0,4.61512051684126,True,2.0,True,Comfort features like pigskin lining and an Ortholite footbed make this slip-on the perfect everyday companion.Compression molded EVA footframe provides cushioningMerrell air cushion in the heel absorbs shock and adds stability and breathable mesh lining,"Simple, comfy and casual--this slip-on from Merrell is a perfect fit.","Customers find the shoes comfortable and supportive. They appreciate the perfect fit, quality construction, and durability for general use. The shoes look decent and are easy to slip on. Customers also value the arch support and good value for money.",https://www.amazon.com/dp/B001NZCXNI
443,B07DPCDSWS,Reebok Unisex Adult Club C 85 Vintage,Unknown,No especificado,No especificado,Men,In Stock,69.9922,69.9922,90.0,4.6,921.0,6.826545223556594,300.0,5.707110264748875,True,15.0,True,"Sneakers with Signature Style: These men's and women's fashion sneakers feature a soft garment leather upper for full-foot support complete with comfortable terry lining on the tongue top and heel; A woven Reebok label adds vintage appeal and styleEfficient Support for Everyday: These stylish sneakers for women and men feature a supportive die-cut EVA midsole designed to absorb impact for long strolls and all-day wear; These tennis shoes will always complement your favorite go-to outfitsWalking Shoes with Comfort and Style: These walking sneakers for women and men feature a sleek low-top design that offers enhanced ankle mobility, so you can keep moving all day long; A padded foam sockliner provides responsive cushioningTraction in Mind: These shoes feature high-abrasion rubber outsoles for durable responsiveness, so you can move with confidenceSignature Silhouette: A low-cut design lends these tennis shoes a sleek, sophisticated silhouette; An archive logo and window box add to the unique appeal of these sneakers",Reebok Unisex Adult Club C 85 VintageReebok,"Customers find the shoes comfortable and stylish. They appreciate the cushioning and support provided by the insole. The leather feels smooth and the shoes can be styled with practically anything. Many customers find the quality good, with no blemishes or signs of wear. The shoes are described as a great casual/everyday shoe. Customers also like the cleanliness, value for money, and versatility. However, opinions differ on the sizing.",https://www.amazon.com/dp/B07DPCDSWS
444,B0BTX2DWV1,Women's Cotton Printed Blue Anarkali Kurta With Palazzo & Dupatta,Meera Fab Store,Meera Fab,No especificado,Women,In Stock,32.98,32.98,32.98,3.9,7358.0,8.903679332926599,0.0,0.0,False,995.0,False,"Size Chart- Kurta- XS- 34 in , S-36 in , M-38 in , L-40 in , XL-42 in , XXL-44 in. For More Please refer to the size Chart below..Package Contains 1 kurta ,1 Palazzo & DupattaFabric Kurta :- Cotton , Palazzo - Cotton & Dupatta- MulmulColour Declaration : There might be slight variation in the actual color of the product due to different screen resolutions.SLEEVE:- 3/4 Regular Sleeves // Neck Style:- Round Neck",,"Customers appreciate the coordinated outfit for its good fabric quality, lightweight material, and beautiful print. They find it great to wear as it's true to size. However, opinions vary on the sizing.",https://www.amazon.com/dp/B0BTX2DWV1
445,B0BV7HNMJ2,Steel Blue Cotton Straight Kurta Palazzo Suit Set,Biba Store,No especificado,SKDROSE BOW8424,Women,Unavailable,28.95,28.95,28.95,3.6,14.0,2.70805020110221,0.0,0.0,False,995.0,False,Fabric:CottonColor :BlueNeck:V NeckPattern :Printed,,,https://www.amazon.com/dp/B0BV7HNMJ2
446,B0CTZZP8LN,Women's Light Green Floral Printed Cotton Straight Kurta,FIORRA Store,FIORRA,FAR0100,Women,In Stock,26.4237,26.4237,41.99,4.2,832.0,6.725033642166843,0.0,0.0,False,995.0,False,Kurta Material: CottonStyle: A-lime Kurta || Calf Length with Long SleeveThis Product Ready Chest Size: Small= 36 (Inch) || Medium=38 (Inch) || Large=40 (Inch) || Xl=42 (Inch) || XXl=44 (Inch)Package contain: TopDisclaimer: Product color may slightly vary due to photographic lighting sources or your monitor settings,"Leave a lasting impression on your peers by wearing this light green kurta from FIORRA. Tailored to sartorial perfection from premium quality fabric, it assures a soft and soothing touch against the skin. The V-neck elevates its design. The sleeveless further speak for itself. The floral print makes it a bewitching choice.",,https://www.amazon.com/dp/B0CTZZP8LN
447,B0CQG4FZ5M,SIRIL Women's Crepe Printed Straight Kurta Set with Dupatta,SIRIL Store,No especificado,100KBD1095-S,Sin categoría,Unavailable,28.95,28.95,28.95,3.7,174.0,5.1647859739235145,0.0,0.0,False,995.0,False,"Kurta Length:: 45INCH| Kurta Sleeves:: 17INCH || Dupatta Length:: 2.20Mtr || Pant Waist:: 28inchKurta Fabric:: Crepe | Kurta Work:: Printed ||Pant Fabric::Crepe | Pant Work::Dyed || Dupatta Fabric:: Nazneen| Dupatta Work:: Dyed, Fabric lace Kurta Color:: Black || Pant Color::Black || Dupatta Color:: BlackKurta Color:: Black || Pant Color::Black || Dupatta Color:: BlackReadymade outfit kurta Set that offers convenience without compromising on style, Perfectly suited for all occasions, from spring and summer events to office and official settings.Designed for daily wear, offering comfort and style throughout the day, Suitable for casual outings, adding a touch of sophistication to any look, A statement piece that effortlessly transitions from day to night, making it suitable for clubbing or after-work gatherings.","Women's Nowadays Are Much Inclined Towards Something That Is Easy To Wear, Looks Fashionable And Attractive At The Same Time. Look Unique And Smart By Wearing This Crepe Kurta From SIRIL.",,https://www.amazon.com/dp/B0CQG4FZ5M
448,B0C8MZ6VQ1,KISAH Men's Cream Jacquard Indowestern Sherwani Kurta & Pajama Set – Mandarin Collar | Indian Wedding & Festive Wear,KISAH Store,Kisah Apparels Private Limited,No especificado,Men,In Stock,159.992,149.99,199.99,3.4,26.0,3.295836866004329,0.0,0.0,False,995.0,False,"PREMIUM QUALITY CRAFTMANSHIP: Our Sherwani sets are meticulously crafted with high quality materials and intricate detailing, a luxurious ethnic attire ensuring superior comfort and durability.MODERN & CONTEMPORARY DESIGN: While sherwani sets have traditional roots, modern designs have adapted the style to cater to contemporary tastes. Men can find sherwani sets with modern silhouettes, innovative cuts, and contemporary color combinations, blending aesthetics.HAND MADE IN INDIA: Individually made by skilled artisans, each sherwani set tunic is meticulously crafted and checked for finesse, ensuring exceptional quality.OCCASION AND GIFTING: OCCASION AND GIFTING: The Sherwani Set with high-quality fabric can be worn both casually and formally. It is suitable for occasions such as weddings, ceremonies, parties, regular wear, festivals, Lohri, Makar Sankranti, Baisakhi, Holi, Father's Day, Eid, Raksha Bandhan, Dussehra, Diwali, Navratri, Pooja, Christmas, Onam, Ganesha, business meetings, and daily use. Additionally, it can be given as a gift to family and friends.","Discover a wide range of elegantly designed Sherwanis that embody traditional charm and modern style, these sherwani are perfect for grooms and groomsmen, featuring exquisite embroidery and opulent designs.",,https://www.amazon.com/dp/B0C8MZ6VQ1
449,B0C8MYJMTG,"KISAH Men's Jacquard Indowestern Sherwani & Pajama Set - Regular Fit, Mandarin Collar |Indian Ethnic Wedding & Festive Wear",KISAH Store,No especificado,No especificado,Men,In Stock,149.99,149.99,149.99,4.0,32.0,3.4965075614664802,0.0,0.0,False,724.0,True,"ELEGANT SHERWANI SET: Discover a wide range of elegantly designed Sherwanis that embody traditional charm and modern style, these sherwani sets are perfect for grooms and groomsmen, featuring exquisite and opulent designs.MODERN & CONTEMPORARY DESIGN: While sherwani sets have traditional roots, modern designs have adapted the style to cater to contemporary tastes. Men can find sherwani sets with modern silhouettes, innovative cuts, and contemporary color combinations, blending traditional aesthetics with a fresh and fashionable twist.OCCASION AND GIFTING: Sherwani Set with high-quality fabric can be worn both casually and formally. It is suitable for occasions such as weddings, ceremonies, parties, festivals, Lohri, Makar Sankranti, Baisakhi, Holi, Eid, Raksha Bandhan, Dussehra, Diwali, Navratri, Pooja, Onam, Ganesha, etc.HAND MADE IN INDIA: Individually made by skilled artisans, each sherwani set tunic is meticulously crafted and checked for finesse, ensuring exceptional quality.",Flaunt your style with a sherwani set from KISAH. Dress this piece up with your favourite accessories and head out to any event in style.,"Customers are satisfied with the product's fabric quality, fit, and value for money. They find it well-made and comfortable to wear.",https://www.amazon.com/dp/B0C8MYJMTG
450,B0BS193562,"Men Ethnic Gold Leaves 100% pure Jacquard Kurta & Aladdin salwar special for EID, In Panjabi Style",Brand: Over Crowd,Over Crowd,No especificado,Men,Low Stock,45.0025,45.0025,60.0,4.1,84.0,4.442651256490317,0.0,0.0,False,995.0,False,"Great as a Gift For Men: Everyone uses partywear on numerous occasions, give this New Look Jacquard Kurta with zari work Trendy Design & Patiala Salwar Pyjama Set as a thoughtful gift for your loved one's next birthday, anniversary, wedding or any occasion. This is why it makes the perfect present for your dad, husband, son, or friend.Diversity :- I underlines its Party Wear ethnic allure through its latest designFrom : Over Crowd This Brand is famous for selling its product at factory rates. MADE IN INDIADisclaimer: Product Colour may vary due to Photographic Lighting Sources or your Display Settings. Wash Care: Do Not Bleach Normal WashFebric:-High Quality Branded Jacquard Febric""","Great as a Gift For Men: Everyone uses partywear on numerous occasions, give this New Look Jacquard Kurta with zari work Trendy Design & Alladin Pant salwar Dhoti Set as a thoughtful gift for your loved one's next birthday, anniversary, wedding or any occasion. This is why it makes the perfect present for your dad, husband, son, or friend.Diversity :- I underlines its Party Wear ethnic allure through its latest designFrom : Larwa This Brand is famous for selling its product at factory rates. MADE IN INDIADisclaimer: Product Colour may vary due to Photographic Lighting Sources or your Display Settings. Wash Care: Do Not Bleach Normal WashFebric:-High Quality Branded Jacquard Febric""",,https://www.amazon.com/dp/B0BS193562
451,B0CD2K7KKG,KISAH Men's Jacquard Indowestern Sherwani & Pajama Set - Regular Fit|Indian Ethnic Wedding & Festive Wear for Men,KISAH Store,No especificado,No especificado,Men,Low Stock,149.99,149.99,149.99,3.5,20.0,3.044522437723423,0.0,0.0,False,532.0,True,"ELEGANT SHERWANI SET: Discover a wide range of elegantly designed Sherwanis that embody traditional charm and modern style, these sherwani sets are perfect for grooms and groomsmen, featuring exquisite and opulent designs.MODERN & CONTEMPORARY DESIGN: While sherwani sets have traditional roots, modern designs have adapted the style to cater to contemporary tastes. Men can find sherwani sets with modern silhouettes, innovative cuts, and contemporary color combinations, blending traditional aesthetics with a fresh and fashionable twist.OCCASION AND GIFTING: Sherwani Set with high-quality fabric can be worn both casually and formally. It is suitable for occasions such as weddings, ceremonies, parties, festivals, Lohri, Makar Sankranti, Baisakhi, Holi, Eid, Raksha Bandhan, Dussehra, Diwali, Navratri, Pooja, Onam, Ganesha, etc.HAND MADE IN INDIA: Individually made by skilled artisans, each sherwani set tunic is meticulously crafted and checked for finesse, ensuring exceptional quality.",Flaunt your style with a sherwani set from KISAH. Dress this piece up with your favourite accessories and head out to any event in style.,,https://www.amazon.com/dp/B0CD2K7KKG
452,B0C8MT7B74,"KISAH Men's Indo-Western Kurta Sherwani Churidar Set Cotton Full Sleaves, Straight, Ethnic Wear | Traditional Wear for Men",KISAH Store,No especificado,KA-0160-7169-C101-42,Men,Unavailable,28.95,28.95,28.95,2.2,4.0,1.6094379124341003,0.0,0.0,False,995.0,False,"ELEGANT SHERWANI SET: Discover a wide range of elegantly designed Sherwanis that embody traditional charm and modern style, these sherwani sets are perfect for grooms and groomsmen, featuring exquisite embroidery and opulent designsPREMIUM QUALITY CRAFTMANSHIP: Our Sherwani sets are meticulously crafted with high quality materials and intricate detailing, a luxurious ethnic attire ensuring superior comfort and durability.MODERN & CONTEMPORARY DESIGN: While sherwani sets have traditional roots, modern designs have adapted the style to cater to contemporary tastes. Men can find sherwani sets with modern silhouettes, innovative cuts, and contemporary color combinations, blending traditional aesthetics with a fresh and fashionable twist.HAND MADE IN INDIA: Individually made by skilled artisans, each sherwani set is meticulously crafted and checked for finesse, ensuring exceptional quality.Occasions: Ideal for weddings, receptions, festive celebrations such as Diwali, Bhaidooj, Sankranti, Eid, Holi, Ramadan, Lohri, Rakhi, etc. and royal parties. This set combines traditional Indian motifs with a modern aesthetic, perfect for men who want to showcase sophistication at any event.","While sherwani sets have traditional roots, modern designs have adapted the style to cater to contemporary tastes. Men can find sherwani sets with modern silhouettes, innovative cuts, and contemporary color combinations, blending traditional aesthetics with a fresh and fashionable twist.",,https://www.amazon.com/dp/B0C8MT7B74
453,B0CPF94HN3,Men's Navy Blue Silk Blend Sherwani Set | Imported Fabric Designer Indowestern and Pant style Pyjama,Brand: VASTRAMAY,VASTRAMAY,VASMIW032BGnCDCOmother,Men,Unavailable,28.95,28.95,28.95,4.0,4.0,1.6094379124341003,0.0,0.0,False,995.0,False,"Bangalori silk indowestern sherwani for men. Stright cut, slim fit, has full sleeves and mandarin neck. Comes with cowl style viscose dhoti","Bangalori silk indowestern sherwani for men. Stright cut, slim fit, has full sleeves and mandarin neck. Comes with cowl style viscose dhoti",,https://www.amazon.com/dp/B0CPF94HN3
454,B0CG6JHZT8,KISAH Men's Jacquard Indowestern Sherwani & Pajama Set - Regular Fit|Indian Ethnic Wedding & Festive Wear for Men,KISAH Store,No especificado,No especificado,Men,In Stock,249.99,149.99,249.99,3.5,20.0,3.044522437723423,0.0,0.0,False,532.0,True,"Elevate your ethnic wardrobe with this KISAH Men's Olive Green Jacquard Motif Sherwani Kurta Pyjama Set, designed for grand occasions like weddings, receptions, and royal parties. This luxurious ensemble exudes sophistication and traditional charm.Color: Olive Green top with intricate paisley motifs, offering a regal and timeless look and off-white bottom wear.Fabric: Crafted from a rich silk blend jacquard fabric, providing a luxurious texture and refined appearance, Design: Features a Mandarin collar and front button closure, with exquisite detailed embroidery for a royal finish.Fit: Regular fit, designed for comfort while maintaining a sharp silhouette. Available size S(38), M(40), L(42), XL(44). Please see the size chart in description or image section before ordering, Bottom Wear: Paired with a matching off-white churidar with adjustable drawstring closure, complementing the sherwani perfectly.Occasion: Ideal for weddings, festive celebrations, and cultural events such as Diwali, Bhaidooj, Sankranti, Eid, Rakhi, etc. where you want to make a grand impression. Make a statement with this opulent sherwani that reflects tradition and elegance, ensuring you stand out at any special occasion.",Flaunt your style with a sherwani set from KISAH. Dress this piece up with your favourite accessories and head out to any event in style.,,https://www.amazon.com/dp/B0CG6JHZT8
455,B0CD2JYPGB,KISAH Men's Jacquard Indowestern Sherwani Kurta & Dhoti Set - Regular Fit|Indian Ethnic & Festive Wear,KISAH Store,No especificado,No especificado,Men,In Stock,174.99,149.99,174.99,3.1,12.0,2.5649493574615367,0.0,0.0,False,995.0,False,"ELEGANT SHERWANI SET: Discover a wide range of elegantly designed Sherwanis that embody traditional charm and modern style, these sherwani sets are perfect for grooms and groomsmen, featuring exquisite and opulent designs.MODERN & CONTEMPORARY DESIGN: While sherwani sets have traditional roots, modern designs have adapted the style to cater to contemporary tastes. Men can find sherwani sets with modern silhouettes, innovative cuts, and contemporary color combinations, blending traditional aesthetics with a fresh and fashionable twist.OCCASION AND GIFTING: Sherwani Set with high-quality fabric can be worn both casually and formally. It is suitable for occasions such as weddings, ceremonies, parties, festivals, Lohri, Makar Sankranti, Baisakhi, Holi, Eid, Raksha Bandhan, Dussehra, Diwali, Navratri, Pooja, Onam, Ganesha, etc.HAND MADE IN INDIA: Individually made by skilled artisans, each sherwani set tunic is meticulously crafted and checked for finesse, ensuring exceptional quality.",Flaunt your style with a sherwani set from KISAH. Dress this piece up with your favourite accessories and head out to any event in style.,,https://www.amazon.com/dp/B0CD2JYPGB
456,B0CYPN3HCB,KISAH Men's Jacquard Indowestern Sherwani Pajama Set – Mandarin Collar | Indian Wedding & Festive Wear,KISAH Store,Kisah Apparels Private Limited,No especificado,Men,In Stock,149.99,149.99,149.99,4.0,26.0,3.295836866004329,0.0,0.0,False,645.0,True,"PREMIUM QUALITY CRAFTMANSHIP: Our Sherwani sets are meticulously crafted with high quality materials and intricate detailing, a luxurious ethnic attire ensuring superior comfort and durability.MODERN & CONTEMPORARY DESIGN: While sherwani sets have traditional roots, modern designs have adapted the style to cater to contemporary tastes. Men can find sherwani sets with modern silhouettes, innovative cuts, and contemporary color combinations, blending aesthetics.HAND MADE IN INDIA: Individually made by skilled artisans, each sherwani set tunic is meticulously crafted and checked for finesse, ensuring exceptional quality.OCCASION AND GIFTING: OCCASION AND GIFTING: The Sherwani Set with high-quality fabric can be worn both casually and formally. It is suitable for occasions such as weddings, ceremonies, parties, regular wear, festivals, Lohri, Makar Sankranti, Baisakhi, Holi, Father's Day, Eid, Raksha Bandhan, Dussehra, Diwali, Navratri, Pooja, Christmas, Onam, Ganesha, business meetings, and daily use. Additionally, it can be given as a gift to family and friends.","Discover a wide range of elegantly designed Sherwanis that embody traditional charm and modern style, these sherwani are perfect for grooms and groomsmen, featuring exquisite embroidery and opulent designs.",,https://www.amazon.com/dp/B0CYPN3HCB
457,B0CD2J212W,"KISAH Men's Printed Sherwani Kurta & Pajama Set - Regular Fit, Mandarin Collar| Ethnic Wear Mens Wear, Blue, 40",KISAH Store,Kisah Apparels Private Limited,KA-7074-C101-40,Men,In Stock,149.99,149.99,149.99,3.0,2.0,1.0986122886681098,0.0,0.0,False,995.0,False,"Make a statement with this regal KISAH Men's Sky Blue Printed Sherwani Pajama Set. The luxurious cotton jacquard fabric features intricate gold ethnic motifs, perfect for adding an elegant touch to any celebration.Color: Sky blue with stunning gold ethnic motifs sherwani and Off-White churidar pant.Fabric: Cotton-blend jacquard, offering a premium feel and an exquisite look, Fit: Regular fit with a Mandarin collar and front-button closure for a sophisticated look. Available size S(38), M(40), L(42), XL(44). Please see the size chart in description or image section before ordering, Design: Ornate jacquard patterning throughout the sherwani for an opulent, regal appearance.Bottom Wear: Paired with slim-fit off-white churidar pajama pants with adjustable drawstring closure for comfort and ease of movement.Occasion: Perfect for weddings, receptions, and festive occasions such as Diwali, Bhaidooj, Sankranti, Eid, Rakhi, etc.. This sherwani set blends traditional craftsmanship with modern style, ensuring you stand out at any grand event.",,,https://www.amazon.com/dp/B0CD2J212W
458,B0CSG34RQS,"KISAH Men's Kurta Indo Western Sherwani Trouser Set, Navy Blue Jacquard, Woven Regular Fit| Traditional Wear for Men",KISAH Store,No especificado,KA-0812-7207-T306-40,Men,Unavailable,28.95,28.95,28.95,1.0,1.0,0.6931471805599453,0.0,0.0,False,995.0,False,"Material: Jacquard; Pattern: Woven; Sleeves Type: Long SleeveELEGANT SHERWANI SET: Discover a wide range of elegantly designed Sherwanis that embody traditional charm and modern style, these sherwani sets are perfect for grooms and groomsmen, featuring exquisite embroidery and opulent designsMODERN & CONTEMPORARY DESIGN: While sherwani sets have traditional roots, modern designs have adapted the style to cater to contemporary tastes. Men can find sherwani sets with modern silhouettes, innovative cuts, and contemporary color combinations, blending traditional aesthetics with a fresh and fashionable twist.OCCASION AND GIFTING: Sherwani Set with high-quality fabric can be worn both casually and formally. It is suitable for occasions such as weddings, ceremonies, parties, festivals, Lohri, Makar Sankranti, Baisakhi, Holi, Eid, Raksha Bandhan, Dussehra, Diwali, Navratri, Pooja, Christmas, Onam, Ganesha, etc,. Additionally, it can be given as a gift to family, friendsHAND MADE IN INDIA: Individually made by skilled artisans, each sherwani set tunic is meticulously crafted and checked for finesse, ensuring exceptional quality.","Discover a wide range of elegantly designed Sherwanis that embody traditional charm and modern style, these sherwani sets are perfect for grooms and groomsmen, featuring exquisite embroidery and opulent designs",,https://www.amazon.com/dp/B0CSG34RQS
459,B0CG6CV5J2,KISAH Men's Jacquard Indowestern Sherwani & Pajama Set - Regular Fit|Indian Ethnic Wedding & Festive Wear for Men,KISAH Store,No especificado,No especificado,Men,Low Stock,199.99,149.99,199.99,3.5,20.0,3.044522437723423,0.0,0.0,False,532.0,True,"Embrace tradition with style in this refined KISAH Men's Silk Blend Embroidery Sherwani Trouser Set in olive green, designed with intricate embroidery to add an extra touch of luxury. Crafted with care in a premium silk blend, this sherwani and churidar set is perfect for weddings, receptions, and grand occasions where elegance is essential.Color: A rich olive green, offering a unique and sophisticated look that stands out in any setting.Pattern: Delicate embroidery with ethnic motifs in a jacquard design, adding texture and visual appeal to the sherwani, Fabric: High-quality silk blend, providing a luxurious sheen and soft feel for comfortable, all-day wear.Fit & Style: Tailored to a contemporary fit that flatters while ensuring ease of movement, allowing you to look stylish and feel comfortable, Bottomwear: Paired with a classic churidar, designed to complement the sherwani and complete the polished look.Occasions: Ideal for weddings, receptions, and other formal gatherings where tradition and elegance meet.",Flaunt your style with a sherwani set from KISAH. Dress this piece up with your favourite accessories and head out to any event in style.,,https://www.amazon.com/dp/B0CG6CV5J2
460,B0C8N1C4BG,KISAH Men's Jacquard Indowestern Sherwani Pajama Set – Mandarin Collar | Indian Wedding & Festive Wear,KISAH Store,Kisah Apparels Private Limited,No especificado,Men,In Stock,149.9917,149.99,179.99,4.0,26.0,3.295836866004329,0.0,0.0,False,995.0,False,"PREMIUM QUALITY CRAFTMANSHIP: Our Sherwani sets are meticulously crafted with high quality materials and intricate detailing, a luxurious ethnic attire ensuring superior comfort and durability.MODERN & CONTEMPORARY DESIGN: While sherwani sets have traditional roots, modern designs have adapted the style to cater to contemporary tastes. Men can find sherwani sets with modern silhouettes, innovative cuts, and contemporary color combinations, blending aesthetics.HAND MADE IN INDIA: Individually made by skilled artisans, each sherwani set tunic is meticulously crafted and checked for finesse, ensuring exceptional quality.OCCASION AND GIFTING: OCCASION AND GIFTING: The Sherwani Set with high-quality fabric can be worn both casually and formally. It is suitable for occasions such as weddings, ceremonies, parties, regular wear, festivals, Lohri, Makar Sankranti, Baisakhi, Holi, Father's Day, Eid, Raksha Bandhan, Dussehra, Diwali, Navratri, Pooja, Christmas, Onam, Ganesha, business meetings, and daily use. Additionally, it can be given as a gift to family and friends.","Discover a wide range of elegantly designed Sherwanis that embody traditional charm and modern style, these sherwani are perfect for grooms and groomsmen, featuring exquisite embroidery and opulent designs.",,https://www.amazon.com/dp/B0C8N1C4BG
461,B07P7XLJDF,"Royal Kurta Mens Polyviscose Bandhgala Kneelong Sherwani (40, Black)",Brand: Royal Kurta,Royal Kurta,No especificado,Men,In Stock,100.0,100.0,100.0,2.6,3.0,1.3862943611198906,0.0,0.0,False,995.0,False,"The chest sizes displayed are based on body measurement not actual apparel measurement. Kurta shirt's actual chest measurement (stich to stich, 1 inch below the arm hole) is 4 inches more than the displayed chest measurement. E.g. If kurta shirt's actual chest measurement is 44 inches, we display it as 40 inchesFabric-suiting blended :: washcare-dry clean only :: length-kneelong:: occasion:: festive (eid,diwali,marriage,sangeer,mehendi) (Nawab Style)Dryclean only.100% handmade,sating lining inside,material composition 50% polyster20%viscose10% synthetic 20 %silkCome's with free size churidar bottom'sFit Type: Regular Fit","This is the most unique style sherwani costume that you can find on amazon for a ethnic and fusion use.This custom made tailoring is going to make you look slim and tall with it's Royalty Touch Feel and stich makes it bespoke.Crafted by most unique pakistani fabricatior's working on out fit's of ancient nawab's and maharaja's.Come's with an comlimentary Pocket sqaure and free size loose Silk Blended Churidaar Bottom's that is 46"" in length and 48"" as waist (For larger size it's custom made).",,https://www.amazon.com/dp/B07P7XLJDF
462,B01C7KBKJU,Men's Cotton Welcro Pocket Dhoti 32 White,Brand: PRAKASAM COTTON,No especificado,44,Sin categoría,Unavailable,28.95,28.95,28.95,4.1,646.0,6.472346294500901,0.0,0.0,False,995.0,False,cottonHook and Loop closureMachine Wash,,,https://www.amazon.com/dp/B01C7KBKJU
463,B01EX7UGI6,Exotic India Afterglow Dhoti and Angavastram Set from Kashi with Wov - Off-White,Exotic India Store,No especificado,SPE76,Men,Unavailable,28.95,28.95,28.95,5.0,2.0,1.0986122886681098,0.0,0.0,False,995.0,False,Afterglow Dhoti and Angavastram Set from Kashi with Woven Narrow BorderPolyCottonMade in IndiaHand wash,"Angavastram Length 92 inches, Width 45 inches,Dhoti Length 180 inches, Width 45 inches",,https://www.amazon.com/dp/B01EX7UGI6
464,B08DD9LQ9S,"Mens Single (1.28 X 2.00 mtrs) Colour Thalathi Border Dhoties for mens/fine quality Single Dhoties for men's, WHITE, 1.28x2.00 mtrs",Brand: PRAKASAM COTTON,J.P RETAILS TIRUPPUR-641603,PC-DT-CLR-TLPTI-WHITE,Men,Low Stock,20.0,20.0,20.0,4.0,169.0,5.135798437050262,0.0,0.0,False,995.0,False,"Fabric: Pure cottonSize : 1.28 x 1.95 Mtrs, Pattern : A solid pattern is a popular choice when it comes to fashion and design. It is a pattern that is made up of one single color or texture throughout the entire designThis fabric is made of 100% cotton, which is known for its fine quality and comfort. Cotton is a popular choice for clothing due to its breathability, durability, and versatility. making it a great option for those with sensitive skin. This fine quality cotton is perfect for Dhoties. With its soft texture and natural feel, this fabric is sure to be a favorite among those who appreciate the comfort and sustainability of natural fibers.Whether you're looking for the perfect suit for a formal occasion or something more casual for everyday wear, there are plenty of options to choose from. From classic and timeless styles to more modern and trendy looks, there's something for everyone.",PRAKASAM COTTON Mens Single (1.28 X 2.00 mtrs) Colour Thalathi Border Dhoti/Fine quality Single Dhoti (White),,https://www.amazon.com/dp/B08DD9LQ9S
465,B07VCLR2ZS,"Mens White Single (4Mulam) Cotton Dhoti with Jari Border (Pack of 1 Dhoti, Size- 1.30X2.00 Mtrs)",Brand: PRAKASAM COTTON,J.P.Retails,No especificado,Men,In Stock,17.89,17.89,17.89,4.1,250.0,5.5254529391317835,0.0,0.0,False,995.0,False,"Pack Of : 1 DhotiFabric : CottonSize : 1.30 X 2.00 Mtrs (Jari Border Size up to 3/4 Inches)Wash Care : While wash don't add blue, gentle machine or hand wash, wash with like colours, Dark colours separately while wash",Prakasam Cotton brand is the leading sale brand online dhoties in Indian Online Market. Our Products are very traditional and soft and comfort. The white dhoti with Gold Jari Border looks attract to all festival and wedding.,,https://www.amazon.com/dp/B07VCLR2ZS
466,B0DFVMT38X,"Rameshwaram Fabrics Men's Readymade Elastic Silk Dhoti, Comfortable Pre-Stitched Dhothi",Rameshwaram Fabrics Store,"Rameshwaram Fabrics , Varanasi, Uttar Prdesh 221001",mahesh,Sin categoría,Unavailable,28.95,28.95,28.95,3.4,19.0,2.995732273553991,0.0,0.0,False,995.0,False,"Normal Hand WashPackage : 1 Nos Readymade DhotiFit for Medium Size - 42Occasion : Regular , Wedding , Pooja , Festival , onam","Traditional South Indian Dhoti and Lungi Collection for Men Elevate your traditional wardrobe with our exclusive collection of dhotis, lungis, and veshtis, perfect for every South Indian occasion. Whether you're looking for a classic Kerala mundu, a stylish kasavu mundu, or a comfortable cotton lungi, our range offers something for every man who values tradition and comfort. Lungis for Men : Discover our soft and breathable cotton lungis, available in a variety of colors including classic white, black, and kavi. Ideal for casual wear or traditional ceremonies, our lungis are tailored to provide maximum comfort. Kerala Mundu : Embrace the elegance of the Kerala mundu, crafted from pure cotton or silk. Our collection includes kasavu mundus with golden borders, perfect for Onam and other festive occasions. Velcro Dhoti and Ready Made Options : For those who prefer convenience, our ready made dhotis and velcro dhotis offer an easy to wear alternative without compromising on the traditional look. South Indian Dhoti : Our selection of South Indian dhotis, our brand provide the dhotis perfect for pujas, weddings, and other cultural events. These dhotis come in various lengths and styles, including double mundus and pocket dhotis. Panche for Men : Explore our range of panche and veshti, available in different fabrics and designs to suit your traditional attire needs. Ethnic and Festive Wear : Complete your look with our dhoti and angavastram sets, ideal for religious ceremonies or festive celebrations. We also offer stylish dhoti kurta sets, perfect for a traditional yet contemporary look. Each piece in our collection is designed with the utmost care to ensure it meets the highest standards of quality and comfort. Whether you're attending a temple ceremony, celebrating a festival, or just want to stay comfortable at home, our range of South Indian traditional wear is perfect for you. view now and embrace the elegance of South Indian tradition with our premium collection of dhotis, lungis, and more!",,https://www.amazon.com/dp/B0DFVMT38X
467,B0D6VDRSKS,Men's Polycotton Temple Wear Dhoti with Angavastharam Towel,Brand: TUNI MANI,Premier Collections,TMPDXC2M1+1,Men,In Stock,21.65,21.65,21.65,4.2,65.0,4.189654742026425,0.0,0.0,False,995.0,False,"TUNI MANI Polycotton Dhoti with Angavastaram Towel, Dhoti Length - 1.92meter, Towel 30"" x 55""inchesCare Instructions: Normal Machine wash / Hand Wash RecommendedDhoti Length - 1.92meter, Towel 30"" x 55""inches, it's a free size Dhoti, Suitable for AdultsOccasion: Pooja, Temple Wear, Traditional Wear, Festival Wear.","TUNI MANI Polycotton Temple Wear Dhoti with Angavastaram Towel, Dhoti Length - 1.92meter, Towel 30"" x 55""inches it's a free size Dhoti , Suitable for Adults.",,https://www.amazon.com/dp/B0D6VDRSKS
468,B09KVJHLKV,"Rameshwaram Fabrics Men's Silk Ready to Wear Dhoti for men (Readymade Dhoti Pant with Dupatta), Suitable with Kurta, Free Size, Cream, Free Size",Rameshwaram Fabrics Store,Banarasi Silk Shop,Jhon,Men,In Stock,32.0,32.0,32.0,3.7,105.0,4.663439094112067,0.0,0.0,False,409.0,True,"Facing Problem to wear dhoti ? , Don't worry we are introducing the ready to wear dhoti which you can easily wear or drapeFree Size Readymade Dhoti and AngwastramPackage Content :- 1 Pc Dhoti & Dupatta or StoleProduct Colour May Slightly Vary Due To Photographic Lighting Sources Or Your Monitor SettingsSuitable for Marriage, Wedding, Pooja, Puja, Navratri, Festival",,,https://www.amazon.com/dp/B09KVJHLKV
469,B08CCY61FS,"Paramsukh Dhoti's, Full Length, Men's Ethnic Wear, White (Pure Cotton)",Brand: Generic,Paramsukh,DH102,Boys,Unavailable,28.95,28.95,28.95,4.4,2918.0,7.978996370854115,0.0,0.0,False,995.0,False,"Material: Cotton, Order 5 or more quantities to avail discountsHand and machine washable, Do not bleachPerfect for daily/party wearSoftens after first washPerfect choice for every Indian men with elegant design","PPS textiles bring you the very first pure cotton dhoti at your doorstep. Coming in three varieties with white color, this product is weaved to match your personality.",,https://www.amazon.com/dp/B08CCY61FS
470,B0C5LX7VCQ,"Rameshwaram Fabrics Men's Readymade Elastic Cotton Silk Dhoti for men, Free Size (Ready-to-wear-Dhoti), Cream, 42W x 34L",Rameshwaram Fabrics Store,Rameshwaram Fabrics,mahesh,Costumes & Accessories,Unavailable,28.95,28.95,28.95,3.6,113.0,4.736198448394496,0.0,0.0,False,502.0,True,"Normal Hand WashPackage : 1 Nos Readymade DhotiFit for Medium Size - 42Occasion : Regular , Wedding , Pooja , Festival",,,https://www.amazon.com/dp/B0C5LX7VCQ
471,B09CVB14HY,"Men's Cotton Dhoti/Kerala Style Dhoti, 2.0meter (Pack of 2), Light Brown&Grey, Free Size",Brand: TUNI MANI,Premier Collections,No especificado,Costumes & Accessories,In Stock,24.47,24.47,24.47,3.7,146.0,4.990432586778736,0.0,0.0,False,955.0,True,"Tuni Mani Cotton Dhotis Pack of 2 pcs comes with two different ColourCare Instructions: Normal Machine wash RecommendedIt is a free size Dhoti, Suitable for AdultsOccasion: Temple Wear, Daily Wear, Festival WearFit Type: Relaxed","TUNI MANI Cotton Dhotis Pack of 2 pcs comes with two different Colour. Care Instructions: Normal Machine wash Recommended it's a free size Dhoti , Suitable for Adults",,https://www.amazon.com/dp/B09CVB14HY
472,B07FDRXL7D,"Amazon Essentials Women's Classic-Fit Short-Sleeve Crewneck T-Shirt, Multipacks",Amazon Essentials Store,Amazon Essentials,WAE45054SP18,Women,In Stock,17.1,17.1,17.1,4.4,53056.0,10.879122086326996,400.0,5.993961427306569,True,141.0,True,"Womens TopsCLASSIC FIT: Close but comfortable fit with easy movement.COTTON MODAL BLEND JERSEY: Super soft cotton modal jersey with added stretch for all-day ease and comfort.ESSENTIAL T-SHIRT: This versatile t-shirt is a classic wardrobe essential, perfect layered under your favorite jacket or cardigan, or wear on its own for casual, everyday style.DETAILS: Features a classic crew neck and short sleeves for casual and effortless style.","Amazon Essentials women's top: Versatile: Perfect for the spring and summer seasons. It pairs seamlessly with pants, jeans, casual trousers, denim shorts, leggings, skirts and more. Occasions: Suitable for home, work, office, travel, vacation, party, weekend gathering or casual daily wear.","Customers appreciate the soft, flattering material and quality of these t-shirts. They find the shirts comfortable, cute, and durable. Many consider them good basic tees for casual days or layering. While most customers like the stretchiness and value for money, some have differing opinions on the fit and thickness.",https://www.amazon.com/dp/B07FDRXL7D
473,B0DS59CZZQ,GRACE KARIN Women's 2025 Summer Babydoll Tops Casual Crewneck Ruffle Sleeve Shirts Loose Fit Pleated Blouse Outfits,GRACE KARIN Store,No especificado,No especificado,Women,Low Stock,24.9917,24.9917,29.99,4.4,8.0,2.1972245773362196,0.0,0.0,False,995.0,False,"Features: Crew neck, ruffled sleeve with side slit, pleated front, babydoll style, loose fit, short sleeve flowy tops. These design elements provide an extra flair that elevates this casual top from basic to stylishMatch: You can pair this trendy tops to wear with leggings, under a blazer, jeans, capris, trousers or a skirt in spring or summer. The babydoll top for women suits all body types, an essential piece in your wardrobeOccasion: The dressy casual tops and blouses are suitable for daily wear, going out, business casual, party, holidays, beach, office wear, vacations and moreMaterial: Made from high-quality, breathable fabric, this short sleeve top ensures you stay cool and comfortable, comfortable for daily wearSize Guide: S=US(4-6), M=US(8-10), L=US(12-14), XL=US(16), XXL=US(18), Hand Wash Only, or Gently Machine Wash In Laundry Bag",,,https://www.amazon.com/dp/B0DS59CZZQ
474,B0CTFDQWZG,ZOCANIA Boho Floral Shirts for Women Long Sleeve Button Down V Neck Ethnic Tops Casual Plus Size Blouse Vintage Shirts,ZOCANIA Store,ZOCANIA,No especificado,Women,In Stock,25.98,25.98,25.98,5.0,2.0,1.0986122886681098,0.0,0.0,False,691.0,True,"FEATURE: Features boho pattern print design, Long sleeves, V neck, Button up, Casual loose fit, Plus size. A wide range of wonderful patterns to choose.MATERIAL: Cotton blend. Super soft and comfy for daily wear. Fabric has some stretch.Boho Clothes For Women/Western Shirts For Women/Dress Shirts For Women/Hippie Clothes For Women/Women'S Boho Tops/Boho Shirts For Women/Womens Tops Dressy/Peasant Top/Women'S Tops Dressy Casual/Womens Hippie Clothes/Long Sleeve Blouses For Women/Boho Top/Boho Long Sleeve Tops For Women/Aztec Tee/Womens Long Sleeve Blouse/Peasant Tops For Women/Bohemian Clothes For Older Women/Western Tops For Women/Boho Blouses For WomenOCCASIONS: Office, Casual, Home, Date, Vacation, Lounge, Shopping. This women blouses is pretty with unique design, Could Hide The Tummy Well.NOTE: Please check the size information carefully before placing the order. Please refer to ""Size Chart"" in the Last Picture, not amazon size chart. Because of the display screen, the actual product may have a slight color difference with the product picture.",,,https://www.amazon.com/dp/B0CTFDQWZG
475,B0DMFJZ8WQ,Minetom Women's T Shirts V Neck Short Sleeve Button Tops Summer Loose Fit Tee Blouse,Minetom Store,Minetom,No especificado,Women,In Stock,14.98,14.98,14.98,4.7,14.0,2.70805020110221,0.0,0.0,False,995.0,False,"Soft Material: Polyester, Rayon and Spandex; Soft, stretchy, breathable and smooth fabric; It's comfy to wear it all daySpecial Features: V Neck T Shirts, Rolled Short Sleeve Shirts, Button Down Shirts, Basic Tee Shirts, Womens Summer Tops, Solid Color, Casual, Cute and Classic; Short sleeve v neck tops for women allow for many looks, from comfortable to chic and stylishDifferent Occasions: Simple design makes it perfect for any casual occasions; Best choice for home wear, work, office, street, shopping, travel, running, club, dating, etcEasy To Match: V neck shirt goes well with jeans, leggings, shorts, skirts and sweatpants for a chic look; Classic design that accentuate all your best figure, women 's wardrobe essentials in spring, summer and fallCustomer Services: Machine Washable, Wash in Cold Water and Do Not Bleach, Hang or Line Dry; Please refer to the Minetom size chart before ordering, not Amazon size chart; Any other questions, please tell us freely",,,https://www.amazon.com/dp/B0DMFJZ8WQ
476,B0DKNGMKF4,BETTE BOUTIK Womens Summer Tunic Tops Short Sleeve Trendy Shirts Casual Blouse,BETTE BOUTIK Store,No especificado,No especificado,Women,In Stock,19.99,19.99,19.99,4.3,39.0,3.6888794541139363,0.0,0.0,False,466.0,True,"Material: 90%Polyester, 10%Spandex; Women's shirt fabric is soft, skin-friendly, lightweight and comfortable to wearFeature: Short sleeve; v neck; solid or printed; trendy casual tunic tops; elegant vintage t shirts blouses; fashion shirts for women; easy to hide the bellyMatching: Womens summer tops perfectly match with jeans, shorts, skirts, casual pants, jackets, suits, etc.; suitable for spring, summer and fallOccasion: Women casual tops are suitable for daily leisure, shopping, home, party, going out, seaside, dating, office, club and other occasionsNote: Package Content: 1 x Women Tops; Please Refer to the Our Size Chart before Ordering",,,https://www.amazon.com/dp/B0DKNGMKF4
477,B0D8BFFRTF,Timeson Women's 3/4 Sleeve Tops Dressy Casual Business Work Blouses Chiffon Office Shirts,Timeson Store,No especificado,No especificado,Women,In Stock,22.491,22.491,24.99,4.4,1166.0,7.062191632286556,2000.0,7.601402334583733,True,183.0,True,"LIGHTWEIGHT & SOFT - Timeson Business Casual Tops for Women is made with lightweight and soft material. The outer layer is made of translucent chiffon material, comfortable and cool to wear, light and airy,breathable and non-transparent, no wrinkles, drape naturally,not easy to shrink and deform. The Inner layer is made of high quality knitted fabric with good elasticity, delicate and soft handfeel, skin-friendly and comfortable.FASHIONABLE COMMUTE DRESSING - You can directly pair this 3/4 length sleeve womens tops with jeans, straight pants, trousers, or leather skirts, or tuck it into bottoms for a commuter look, accessorizing with high heels, stylish handbags, necklaces, bracelets. when it's cold, you can also layer it with a blazer or cardigan and wear it with boots. Recommended occasions: office, work, business, school teaching, interviews, etcELEGANT EVERYDAY DRESSING - In your daily relaxed state, you can pair this Womens 3/4 Sleeve Tops and Blouses with comfortable dresses, jeans, shorts, wide-leg pants, etc., matched with flat sandals, trainers and loafers for a wonderful day. Recommended occasions: casual, vacation, beach, picnic, gatherings, evening, parties, wedding, dates, weekends, shopping, afternoon tea, etcPLEATED HENLEY V-NECK DESIGN - The classic Henley V-neckline gives the neckline a more three-dimensional look, and with the pinch pleat lines on the neckline, it brings a rich sense of layering. It not only frames your slim neck, but also enhances the neckline and slims your face, you can also pair it with your favourite necklace or pendant for a chic and sexy look.3/4 RUFFLE SLEEVE DESIGN - The sleeves are designed with a unique cut of flared ruffled cuffs, which are light and airy.The 3/4 sleeve length is just right to cover our upper arm and elbow, which easily covers our big arm.The ruffled cuffs can also set off our slim little arm, lengthening our arm line and making you look more beautiful and attractive.",,"Customers find the shirt flattering and comfortable. They appreciate its good fit, quality material, and comfortable feel. The color is pretty and pairs well with both slacks and skirts. The sleeves are long and the material weight is satisfactory.",https://www.amazon.com/dp/B0D8BFFRTF
478,B0D8KL1F4X,XIEERDUO 3/4 Length Sleeve Womens Tops Round Neck Casual Tunic Tops Basic Pleated Shirts Loose Fit 2025,XIEERDUO Store,No especificado,XIE-WTS9160,Women,In Stock,14.99,14.99,14.99,4.3,1263.0,7.142036574706803,800.0,6.68586094706836,True,60.0,True,"♥Tips-- This women's t-shirts packed with vacuum bag. It may looked wrinkle after open the package. Please wash and iron it to solve the wrinkles♥Material-- Solid Color Shirts--60%Polyester,35%Rayon,5%Spandex. Floral Blouses--95%polyester 5%Spandex. Soft, breathable, comfortable and skin friendly to wear♥Feature-- Classic round neck and front pleated design provides a flattering fit. 3/4 length sleeve tops with curved hem. Loose fit, basic, simple casual style chic and never out of date. Solid color & cute floral print for your choice♥Match-- This cute tunic tops great to pair with leggings, variety of jeans, pants, skirts, sweatpants and shorts in summer and spring. It's also nice to wear with blazer, cardigan, coats and jackets. Nice for layering in fall and winter♥Occasion-- This casual tops are perfect for work, business, home, party, club, school, outdoor, shopping, street, travel and daily wear. Machine wash in cold water/ Hang or line dry/ Do not bleach",,"Customers find the shirt's colors appealing and the fit comfortable. They appreciate the soft, non-irritating fabric that doesn't cause skin irritation. Many are satisfied with the quality of the material, describing it as high-quality and not too thick or thin. The fabric weight and value for money are also appreciated. However, some customers have differing views on color accuracy and thickness.",https://www.amazon.com/dp/B0D8KL1F4X
479,B0D5R497L8,Dokotoo Womens Tops Long Sleeve Lightweight Shirts 2025 Spring Fashion Trendy Tops Crewneck Casual Knit Basic Tee,Dokotoo Store,Dokotoo,No especificado,Women,In Stock,14.99,14.99,14.99,4.2,1072.0,6.9782137426306985,1000.0,6.90875477931522,True,846.0,True,"Material: Combination of polyester for a softer and more comfortable feel, giving great sense of touch and stretch.With good air permeability , soft and comfortable to wear.Features: Casual scoop neck long sleeve tunic tops, solid color t shirts basic tees. The casual smock sleeve tops blouses shirts are popular with ladies of all ages for daily fashion lookMatch:The tops for women trendy can be dressed up or down, making it a versatile addition to any wardrobe.It can be paired with jeans, long pants, or skirts etc.Perfect for incorporating into any casual outfit for a chic and fashionable look.Ocassion: Suitable for casual daily/ travel/ home/ vacation/ shopping/ street/ party/ outdoor/ club to wear.Women long sleeve tops are perfect for spring summer fall winter wear.Size: S=US 4-6,M=US 8-10,L=US 12-14,XL=US 16-18,2XL=US 20-22,3XL=US 24-26. Check more info of this tops in Size Chart and Product Description. Please choose carefully according to your size.",,"Customers appreciate the sweater's color, softness, and lightweight design. They find it warm, washable, and a good value for money. However, some customers have differing views on the fit and material quality.",https://www.amazon.com/dp/B0D5R497L8
480,B0CSK8H46P,AUTOMET Womens Summer Tops Spring Shirts Trendy Vacation Outfits Short Sleeve Business Tshirts Fashion Casual Blouses,AUTOMET Store,No especificado,No especificado,Women,In Stock,11.99,11.99,11.99,4.5,1871.0,7.534762657037537,700.0,6.55250788703459,True,198.0,True,"Material: 60%polyester+35%Rayon+5%Spandex. Beautiful lace design, full of fashion.Features: women summer short sleeved t-shirt round neck design, solid color.Casual shirt: women fashionable tshirt can be worn both at home and outdoor.Suitable for the season: summer. You can freely pair it with flat shoes or high heels.Attention: please carefully refer to our size chart before making a decision.",,"Customers find the shirt flattering and comfortable. They appreciate the fit, comfort, and quality of the material. The shirt can be worn casually or dressed up with casual wear like shorts and jeans. It maintains its shape well and is easy to wear.",https://www.amazon.com/dp/B0CSK8H46P
481,B07SN9RS13,Women's Floral Print Puff Sleeve Kimono Cardigan Loose Cover Up Casual Blouse Tops,CHICGAL Store,CHICGAL,No especificado,Women,In Stock,13.99,13.99,13.99,4.4,73098.0,11.199569965753739,1000.0,6.90875477931522,True,134.0,True,"Floral Cardigan,Casual summer plus size tops,Kimono beach cover ups,Chiffon shirts,Open Front,Loose Puff Sleeve outwear.This top for women's material is made of chiffon ,the fabric is sheer, airy ,feels sofe, lightweight and comfortable.The kimono can be over your tank tops or cut off shorts, even a tunic and leggings, further more the sundress,the floral kimono is the fashionable way to dress it up in the summer days.It's suit for daily casual,at home, outdoor, hawaiian beach,street,any other occasion for summer and fall days.Size:S-5XL, different colors for multiple choices",,"Customers find the product has pretty colors and a well-designed pattern. They appreciate its lightweight, comfortable fabric that feels silky and delicate. Many of them find it versatile for dressing up or down and consider it a good value for money. However, some have mixed opinions about the size, material quality, and color accuracy.",https://www.amazon.com/dp/B07SN9RS13
482,B0CT5QSZJ5,Blooming Jelly Womens Summer Tank Top Sleeveless Business Casual Outfits 2025 Basic Loose Dressy Work Shirt,Blooming Jelly Store,No especificado,No especificado,Women,In Stock,14.99,14.99,14.99,4.4,2129.0,7.6638772587034705,1000.0,6.90875477931522,True,186.0,True,"Materials: The blouses for women dressy casual made of 95% Polyester, 5% Spandex, lightweight and breathable, skin-friendly and soft to wear.Design: This tank top for women are featured with a round neck with key hole detail, pleated front adds a hint of uniquenes and delicate feeling. This womens business casual outfits with its loose fit and sophisticated silhouette, simple and classic, a stylish must-have item for your closet.Easy to Pair: Pair it with tailored pants, blazers and heels for a dressy and professional look. This summer tops for women can also be worn with shorts, skinny jeans, sandals or flats for a casual yet stylish look.Occasion: The sleeveless shirts for women are suitable for casual, going out, date night, work, school, office, business, vacation, and daily wear.Note: We strongly suggest that you have your body measurements taken first, and then refer to our size chart before order, S=US 2-4, M=US 6-8, L=US 10, XL=US 12.",,"Customers appreciate the shirt's quality, fit, and color. They find the fabric soft, true to size, and the length nice. The keyhole front is a nice feature, and the pink color pops nicely. Many customers find the shirt comfortable and airy, suitable for summer wear and value for money.",https://www.amazon.com/dp/B0CT5QSZJ5
483,B0D424DHPN,PGANDS Women's 3/4 Sleeve V Neck T Shirts Ruffle Sleeve Summer Casual Tops,PGANDS Store,No especificado,No especificado,Women,In Stock,19.99,19.99,19.99,4.3,163.0,5.099866427824199,50.0,3.9318256327243257,True,341.0,True,"Soft Fabric: Women 3/4 sleeve ruffle t shirt is made with skin-friendly, soft and lightweight fabric. Very Flattering and Comfortable to wearUnique Design: 3/4 sleeve shirts for women; v neck summer blouses; ruffle sleeve tops; solid color tee; women casual tops; providing a charming and cute lookEasy To Match: The v neck shirt can easy pair it with high waist jeans, skinny jeans, leggings, shorts, sneakers, heels, etcOccasions: The three-quarter sleeve tops is suit for casual, office, homewear, street wear, daily wear, beach, date, travel, shopping, holidayClothing Care: Please refer to PGANDS Size Chart before ordering to get the best size. Do Not Bleach, Hang or Line Dry. Due to different shooting angle, lighting, PC display, there maybe a little differences between the pictures and product itself",,"Customers appreciate the shirt's style, comfort, and quality for the price. They find it cute with its pretty sleeves and soft material. However, opinions differ on how well it fits.",https://www.amazon.com/dp/B0D424DHPN
484,B0DNJFL4RN,Minetom Women's Rolled Up 3/4 Sleeve Tops V Neck T Shirts Button Side Blouses,Minetom Store,Minetom,No especificado,Women,In Stock,14.9817,14.9817,17.98,4.5,19.0,2.995732273553991,0.0,0.0,False,153.0,True,"Soft Material: Polyester, Rayon and Spandex; Soft, stretchy, breathable and smooth fabric; It's comfy to wear it all daySpecial Features: 3/4 Sleeve T Shirts, V Neck Shirts, Rolled Sleeve Tops, Button Side Design, Summer Tops, Casual, Cute and Classic; 3/4 sleeve v neck shirts for women allow for many looks, from comfortable to chic and stylishDifferent Occasions: Simple design makes it perfect for any casual occasions; Best choice for home wear, work, office, street, shopping, travel, running, club, dating, etcEasy To Match: Rolled sleeve v neck shirt goes well with jeans, leggings, shorts, skirts and sweatpants for a chic look; Classic design that accentuate all your best figure, women 's wardrobe essentials in spring, summer and fallCustomer Services: Machine Washable, Wash in Cold Water and Do Not Bleach, Hang or Line Dry; Please refer to the Minetom size chart before ordering, not Amazon size chart; Any other questions, please tell us freely",,,https://www.amazon.com/dp/B0DNJFL4RN
485,B0CQT39CX5,ZESICA Women's Short Sleeve V Neck T Shirts 2025 Summer Ribbed Knit Slim Fitted Basic Solid Color Tee Tops,ZESICA Store,No especificado,No especificado,Women,In Stock,14.9935,14.9935,22.99,4.5,763.0,6.638567789166521,500.0,6.2166061010848646,True,102.0,True,"Size Guide: S=US 4-6, M=US 8-10, L=US 12-14, XL=US 16-18. TIPS: Please refer to the size chart before purchase! Made with premium quality materials, the tops provide both comfort and durability.Elevate your casual wardrobe with our fashion tops featuring a trendy polo V-neck design, adding a touch of sophistication to your everyday outfits. Slim fitted t-shirts are designed to enhance your curves and flatter your figure, making you feel confident and stylish. Soft ribbed knit texture adds a touch of modern fashion to these classic wardrobe staples.The turndown collar adds a classic and elegant touch to these comfortable t-shirts, making them ideal for both casual and chic outfits. Available in a range of solid colors, these tops are easy to style and can be paired with any bottoms, from jeans to skirts. Create trendy outfits effortlessly by accessorizing with your favorite statement pieces.Suitable for casual everyday, working, home, office, clubbing, dating, yoga, outdoor, school, shopping, traveling, hiking, camping, street, parties, going out, vacation, etc. Great tops in spring, summer and fall. You can also wear this tops under a cardigan or a sweater in a cold days.Wash Instruction: Hand/Machine washable with cold water recommended, do not bleach, iron in low, hang or line to dry.",,"Customers find the shirt has a good fit, flattering look, and quality material. They appreciate the true-to-size fit, appropriate sleeve length, and contrasting collar. The soft, stretchy fabric is comfortable in all seasons. Customers also like the versatility, quality, and stretchiness of the shirt.",https://www.amazon.com/dp/B0CQT39CX5
486,B0DYJ52MFG,Linen Tops for Women Casual 3/4 Sleeve Crewneck Casual Linen Shirts Summer Beach Solid Blouses Tunic Tops Plus Size,DMOYALA Store,No especificado,No especificado,Women,In Stock,25.99,25.99,25.99,4.4,2918.0,7.978996370854115,0.0,0.0,False,995.0,False,"2025 Linen Tops: Spring summer tops for women is soft, lightweight linen fabric. Provide you a comfortable and pleasing wearing experience.3/4 Sleeve Tops for Women:The casual tunic top features with crewneck, 3/4 sleeve, slit, plain color/Solid color:pink,black,white,purple,navy blue,red,orange,yellow,peach pink,,wine red, blue,grass green,khaki,lavender. casual loose fit.Summer Tops for Women Linen Shirts:Classic basic tee shirts pair well with jeans pants, leggings, denim shorts, sandals, heels. A must have for your wardrobe.The casual loose linen tops perfect for vacation,beach,daily wear, casual, beach trips, holiday, party, dating, school, outdoor, travel, home, office, work or any occasions.Tips: The Linen Tops Machine wash or hand wash. Please read the size guide carefully before ordering.",DMOYALA Linen Tops for Women Casual 3/4 Sleeve Crewneck Casual Linen Shirts Summer Vacation Beach Solid Blouses Tunic Tops Plus Size 2025 Womens Linen Tops Shirts,,https://www.amazon.com/dp/B0DYJ52MFG
487,B0BRRTHFMH,Blooming Jelly Women's Dressy Casual Tops Business Work Blouses White Button Down Shirts Cap Sleeve V Neck Tshirt,Blooming Jelly Store,No especificado,No especificado,Women,In Stock,19.9931,19.9931,28.99,4.2,2314.0,7.747164966520335,900.0,6.803505257608338,True,462.0,True,"Feature: The dressy tops for women features split v neck, tulip short sleeve, button front, curved hem, solid color, flowy drape, regular fit, cute and elegant style, giving you a charming and trendy looking when you wear it.Design: The button down shirts for women are perfect to be business casual outfits to show experienced and convinced. V-neck t shirt design can highlight neck lines and flowy fit can hide belly well to look slimmer, great for taking pictures. It has also zero transparency perfect to wear in summer.Match: The trendy summer tops for women 2025 can be worn outside or tucked in high waisted jeans, denim shorts, casual pants, skirt for a classic casual look in daily life, or you can pair the short sleeve shirts for women with black pants and high heels for office work.Occasion: The simple but eye-catching womens clothes are suitable for teacher outfits, work, business, office, school, casual outings, shopping, street, going out, home and daily wear.Note: The fabric of our blouses is designed with slight crepe texture, instead of wrinkles. We strongly suggest that you have your body measurements taken first, and then refer to our size chart before order, XS=US 0-2, S=US 2-4, M=US 6-8, L=US 10, XL=US 12, 2XL=US 14.",,"Customers find the shirt flattering and comfortable. They appreciate the fit, material quality, and comfort. The shirt is described as pretty, fits well, and falls nicely around the midsection. Many customers consider it a solid business casual wardrobe staple. The fabric weight and quality are also praised. However, opinions differ on wrinkle resistance.",https://www.amazon.com/dp/B0BRRTHFMH
488,B0D5Q2Y6G8,AUTOMET Long Sleeve Shirts Womens Pleated Business Casual Blouses with Smocked Cuffs,AUTOMET Store,No especificado,No especificado,Women,In Stock,14.9925,14.9925,19.99,4.4,2576.0,7.854381210652365,800.0,6.68586094706836,True,439.0,True,"Keep it classic and sweet with this pleated top, a soft blouse with front pleats and lovely ruffled cuffs.Pin-tucks, smocked cuffs and a slightly loose fit lend a romantic look to this women's shirt.Whether you're headed out to dates or sitting at your desk, this pleated top is a sophisticated way to style your day. Pair it with jeans or skirts for a charming finish.MACHINE WASH COLD, TUMBLE DRY LOW: To maintain your apparel's vibrant color we recommend machine washing with laundry bag on cold.Size: Please Refer To Size Chart For Details Before Purchase.",,"Customers appreciate the shirt's color, fit, and softness. They find it looks nice on them, fits as expected, and feels cozy. The material quality is good, with the right amount of material and well-sewn seams. While most customers are satisfied with the wearability, quality, and washability, opinions differ on the material thickness.",https://www.amazon.com/dp/B0D5Q2Y6G8
489,B0CQL15PMH,OFEEFAN Womens T Shirts Short Sleeve Pleated Dressy Casual Scooped Neck Summer Tops Blouses,OFEEFAN Store,No especificado,U07-WTS9127,Women,In Stock,12.9935,12.9935,19.99,4.4,5967.0,8.694167141883597,700.0,6.55250788703459,True,22.0,True,"Great Features: t shirts for women loose fit,womens tops dressy casual,adorable pleated front design,scooped neck short sleeve blouses for women,cute summer tops with curved hem,available in floral and solid colorsLoose Fit: this t shirts fits flowy and comfortable,the pleating design helps contour chest area and conceal tummy issues,the puff sleeves hides big arms nicelyMatches:pair this top with jeans, pants, shorts, skirts, capris, or even biker shorts. The curved hem adds a stylish touch, long enough to cover the rear, making it perfect to wear with leggingsOccasions: ideal for daily, casual, business, work, office, date, travel, beach vacation, parties, pregnancy,outdoor events,shopping,holiday getaways and as a thoughtful giftGarment Care: machine wash in cold water, dry on low heat, or hang/line to dry. Iron on low settings",,"Customers appreciate the shirt's fit, flattering style, and soft fabric. They find the sleeves not too tight, the length suitable, and the design as shown. The fabric is described as thick but not too heavy, allowing for modesty. Many customers are satisfied with the washability and value for money. However, opinions differ on the color accuracy.",https://www.amazon.com/dp/B0CQL15PMH
490,B0D5H9N2TM,AUTOMET Womens Long Sleeve Shirts Pleated Crew Neck Casual Fall Fashion Tops Loose Fit Lightweight Girls Outfits Clothes,AUTOMET Store,No especificado,No especificado,Women,In Stock,9.9944,9.9944,17.99,4.3,1215.0,7.103322062526113,1000.0,6.90875477931522,True,111.0,True,"Material: The basic Tops is made of 82%Polyester 12%Rayon 6%SpandexFeatures: Casual CrewNeck Long Sleeve Tunic Tops, Solid Color T Shirts, Basic Tees. Enough to Wear with Leggings and BootsOccasions: Suitable for everyday wear, office, street fashion, dating, and outdoor activitiesMatching:This womens fashion shirt can be paired with jeans, athletic pants, or casual trousers.This women blouse is very versatileDetails: Features a classic Crew-neck and long sleeves for casual and effortless style",,"Customers appreciate the shirt's fit, color, and soft material. They find it comfortable to wear with jeans or casual pants for work. The shirt is lightweight and flattering, making it a nice basic. Many customers appreciate its weight, layering options, and value for money. However, some have differing opinions on the material quality.",https://www.amazon.com/dp/B0D5H9N2TM
491,B09NN25LWJ,TAOHUADAO Womens 2025 Summer 3/4 Sleeve Tunic Tops Chiffon Work Blouse V-Neck Dressy Casual Shirt,TAOHUADAO Store,No especificado,No especificado,Women,In Stock,19.99,19.99,19.99,4.2,3853.0,8.256866848974312,0.0,0.0,False,49.0,True,"Material: Wide-cut blouse made from lightweight and non-stretchy chiffon material, 95% polyester 5% spandex. Women's chiffon blouse is lightweight, soft, comfortable, and breathable to wearFeatures: Casual chiffon blouse, v-neck, half ruffle split sleeve, two layers design, 3/4 sleeve tops, chiffon shirts loose fitOccasion: Perfect wear with legging, skinny jeans, pants, skirts. Appropriate for casual, party, shopping, work, vacation, wedding, home, sleepwear, beach, and other occasionsSize: Small(US 4-6), Medium(US 8-10), Large(US 12-14), X-Large(US 16-18), XX-Large(US 20-22), XXX-Large(US 24-26). Please check your measurements to make sure the item fits before orderingGarment Care: Hand wash in cold water and machine washable, or dry clean. The chiffon blouses are prepacked in the manufacturer's packing and will require a light steam iron to remove creases",,"Customers appreciate the tunic's color, material quality, and comfort. They find it looks high-end, is nicely constructed, and feels soft. Many like its dressiness, lightweight feel, and value for money. However, some customers report that solid colors show wrinkles after washing. There are mixed opinions on the fit.",https://www.amazon.com/dp/B09NN25LWJ
492,B0DQ141MYK,Rapbin Summer Tops for Women 2025 Short Sleeve Lapel V Neck Blouses Business Work Casual Chiffon Tunics Tops for Leggings,Rapbin Store,No especificado,No especificado,Women,In Stock,14.99,14.99,14.99,4.2,39.0,3.6888794541139363,0.0,0.0,False,995.0,False,"【Features】The innovative Lapel V-neck Design of this blouse beautifully modifies your neck, giving you a more slender and charming appearance. The flowy fit is perfect for hiding the belly area, making you look slimmer and ensuring you're picture-ready for any occasion.【Material】Crafted from 100% Polyester, this elegant chiffon blouse features high-quality chiffon material that is soft, wrinkle-free, lightweight, breathable, and not see-through. You'll love the silky smooth feel against your skin, providing all-day comfort while wearing these short sleeve blouses for women.【Occasion】This chiffon blouse is an excellent choice for both business and casual settings. Whether it's for the office, meetings, interviews, or outings with friends, this top is perfect for work, home, shopping, clubs, daily wear, holidays, and travel.【Match】 With its elegant and fashionable look, this chiffon blouse is long enough to pair perfectly with leggings. You can also style it with jeans or denim shorts for a chic and trendy outfit tailored to your personal style.【Garment Care】Maintaining your blouses for women is a breeze! Please refer to the clothing size chart for accurate sizing. These business casual blouses are easy to clean, as they can be machine or hand washed and should be hung to dry for best results.",,,https://www.amazon.com/dp/B0DQ141MYK
493,B09Q7Y2SJD,"Tralilbee Women's Plus Size Tops Casual Blouse Short Sleeve Lace Crochet Tunic Tops, M-4XL",Tralilbee Store,Tralilbee,No especificado,Women,In Stock,18.99,18.99,18.99,4.4,2359.0,7.7664168980196555,50.0,3.9318256327243257,True,229.0,True,"Flowy summer tops come with short sleeve, v neck, pleated front blouse tops, plus size shirts for womenFront & back pleats accentuates with this womens tops and blouses and get you in better shapeLoose fit plus tops, pleats design looks graceful and drapes nicely to hide the tummyEasy to pair with jeans, shorts, skinny leggings for the decent look. Great for jeans or leggingThis Womens tops and blouses can be also to wear at workout, daily, office, shopping, party, vacation",,"Customers appreciate the tunic's flattering fit, comfortable material, and color. They find it suitable for dress-up occasions, with a nice length and sleeves that cover up well. Many find the material soft and lightweight, reminding them of their favorite summer nightgowns. The color is vibrant and stays true when washed in cold water. While most customers like the wearability, opinions vary on fabric clinginess and wrinkle resistance.",https://www.amazon.com/dp/B09Q7Y2SJD
494,B0BQYQGS1R,Timeson Women's Short Sleeve Chiffon Blouses for Office Work Business Attire Collared Shirts,Timeson Store,No especificado,No especificado,Women,In Stock,17.991,17.991,19.99,4.2,1088.0,6.9930151229329605,900.0,6.803505257608338,True,28.0,True,"Material: 100% Polyester.High-quality chiffon material.soft,wrinkle free,lightweight,breathable and not see-through.When wearing these short sleeve blouses for women,you will feel that the fabric is silky smooth and skin friendly.The Lapel V-neck Design can well modify your neck make you look more slender and charming.Drop Sleeve Design not only gently shows your elegance by covering your possibly a little fat arm but also got enough room to make you move your arms easily without any constraint.Pleated stitched A-Line Design perfect to hides your belly and hips and make you look slimmer.Airy and flowy chiffon material makes it cool to wear in summer.It can be worn in spring,summer and fall.It is essential in your closet.This Women Blouse and tops shows off a slimmer elegant fashionable look that goes great with business attire such as a hip-hugging skirt,wide-leg pants,suit pants and high heels.You can also pair it with casual skirts,pants,jeans,leggings and so much more when you want to kick back and relax with friends.This Short Sleeve Ladies Tops and Blouses is not only suitable for business,such as office,work,meeting,interview and other formal occasions,etc.But also perfect for going out,home,shopping,club,party,evening,wedding,daily wear,holiday,travel,ect.",,"Customers appreciate the shirt's flattering cut, comfortable fabric, and wearability. They find it looks great, is lightweight, and can be worn casually or professionally. The white pattern on black design is also liked by customers. However, some have differing opinions on the fit, material quality, and wrinkle resistance.",https://www.amazon.com/dp/B0BQYQGS1R
495,B0D2QBLKD5,Dokotoo Women's Tops Dressy Casual V Neck Long Sleeve Buttons Hollow Out Lace Embroidered Blouses Shirts,Dokotoo Store,No especificado,WGCW25127933-P,Women,In Stock,19.999,19.999,21.98,4.1,756.0,6.6293632534374485,400.0,5.993961427306569,True,27.0,True,"Features: Long Sleeve Shirts/Buttons V Neck Tops/Embroidered Lace Tops For Women/Ladies Tops and Blouses/Business Casual Outfits/Going Out Tops/Trendy Fashion Tops/Spring/Summer Outfits,Size runs large,recommended to order size down than usual.Details: Womens casual dressy tops are designed with drop shoulder and embroidered details,buttons inon the sleeve cuff add a sense of playfylness to your outfits.Versatile: Women's long sleeve lace tops create perfect cute and elegant casual style.Perfectly match with leggings, jeans, shirts, trousers.Occasions: This long sleeve shirt is perfect for everyday styling, business, office, homewear, work from home, casual wear or parties, summer and winter holidays, going away, New Year's, back to school, street styling and more.Wash Recommended With Cold Water/Do Not Bleach/Hang Or Line Dry/Wash with like colours,that will increase the durability of your clothes",,"Customers find the shirt flattering and comfortable to wear. They appreciate the soft, lightweight fabric and value for money. However, some customers find the fabric see-through, requiring an undergarment. There are mixed opinions on the fit, material quality, and sizing.",https://www.amazon.com/dp/B0D2QBLKD5
496,B0CMXQ3RVS,Dokotoo Women's Short Puff Sleeve Knit Tops 2025 Trendy Crewneck Striped T Shirts Casual Summer Blouses,Dokotoo Store,No especificado,No especificado,Women,In Stock,25.88,25.88,25.88,4.5,1766.0,7.4770384723196965,2000.0,7.601402334583733,True,677.0,True,"Feature:Summer Tops For Women 2025,Crew Neck,Short Puff Sleeve,Knit Tops,Color Block,Stripe Pattern,Slim Fit, Ribbed Cuff, Tunic and Lightweight Design.Unique Design: Stylish Striped Pattern,Comfortable Crewneck Design and Unique Short Puff Sleeve Shape Bring you Youthful Vitality and Fashion Sense. At the Same Time, the Texture of the Knitted Fabric Also Makes this Puff-Sleeved Knit Tops an Ideal Clothing Choice.Soft fabric: 50% Viscose+28% Polyester+22% Polyamide,Blended Knitted Top Combines Comfort,Durability,Wrinkle Resistance, Elasticity and Other Advantages to Bring you a Comfortable and Fashionable Wearing Experience.Occasion: This Summer Tunic Tops are Not Only Elegant Blouses but Also Casual Cute Summer Tops, Perfectly Suited for Shopping, Party, Work, Office, Night out, Date, Vacation,Casual,Leisure,Formal and Daily Wear, etc.Wash Instruction: Hand wash recommended; Machine wash requires a laundry bag, and hang dry, color separately. Do not bleach.",,"Customers find the shirt flattering and trendy with its cute touches like ruffles and puffs. They say it fits true to size, is comfortable, and easy to wear. Many appreciate the soft material and good quality. The weight, wearability, and sleeves are also liked. However, some customers have mixed opinions on the material thickness.",https://www.amazon.com/dp/B0CMXQ3RVS
497,B0BS9CPLRT,Blooming Jelly Womens Dressy Casual Tops Ruffle Short Sleeve V Neck Shirts Elegant Business Work Blouse,Blooming Jelly Store,No especificado,1534100119MG4,Women,In Stock,19.9931,19.9931,28.99,4.4,569.0,6.345636360828596,100.0,4.61512051684126,True,25.0,True,"Material:95%Polyester and 5%Spandex,super soft and comfortable summer tops for women 2024Features: Dressy tops for women with cute layered ruffle sleeve,loose fit, solid color, Unique line Design is super flatteringStyle: Irregular flutter sleeve blouse with v neck covers your arms, shows a slimming look and gives your an elegant and feminine outfitOccasions: This business casual top for women, perfect to pair with skinny jeans, leggings and heels for any leisure, daily wear,going out,officeNote: We strongly suggest that you have your body measurements taken first, and then refer to our size chart before order, S=us 2-4, M=us 6-8, L=us 10, XL=us 12",,"Customers find the shirt has a cute style that pairs well with jeans and skirts. They like the fit, length, and quality of the material. The fabric is soft, thick, and holds up well after washing. Many customers find it comfortable and flattering, though opinions differ on wrinkle resistance.",https://www.amazon.com/dp/B0BS9CPLRT
498,B0CBJH8DMC,Blooming Jelly Women's Dressy Casual Blouses Business Work Tops Long Sleeve V Neck Pleated Shirts 2025 Fall Outfits,Blooming Jelly Store,No especificado,No especificado,Women,In Stock,25.991,25.991,28.99,4.4,1115.0,7.017506142941256,300.0,5.707110264748875,True,37.0,True,"Feature: The womens tops dressy casual feature v neck, flowy pleated drape, long sleeve with button cuff, curved hem, regular fit, solid color, tunic tops to wear with leggings, cute and classy style, giving you a charming and trendy looking when you wear it.Design: The fall outfits for women 2025 are versatile to be business casual clothes to show experienced and convinced. V neck design can show your pretty neck curve and pleated drape can creat elegant style and hide belly well to make you look slimmer.Match: The ladies tops and blouses are perfect on business wear with pencil skirt, dress pants, blazer and clutch to look professional. The long sleeve shirts for women also look nice with jeans, shorts, leggings, casual pants, boots, cardigan, jacket, coat, which can be dressed up or down easily.Occasion: The dress shirts for women are suitable for teacher outfits, back to school, work, business, office, meeting, casual outings, vacation, holiday, date, shopping, street, going out, home and daily fashion wear, Thanksgiving or Christmas wear.Note: We strongly suggest that you have your body measurements taken first, and then refer to our size chart before order, XS=US 0-2, S=US 2-4, M=US 6-8, L=US 10, XL=US 12, XXL=US 14. The bust, waist and hip size are based on body measurement, not product's measurement.",,"Customers find the shirt flattering and trendy. They appreciate the good fit, quality material, and softness of the fabric. Many mention it's a nice shirt to wear with jeans or casual pants. The weight is also appreciated. However, some have different opinions on the fabric stretch and color accuracy.",https://www.amazon.com/dp/B0CBJH8DMC
499,B0D5MD33D9,MEROKEETY Women's 3/4 Sleeve Tops Dressy Casual Crew Neck Color Block Loose Trendy Blouses T Shirts,MEROKEETY Store,No especificado,Womens Blouses,Women,In Stock,14.9925,14.9925,19.99,4.3,575.0,6.3561076606958915,500.0,6.2166061010848646,True,664.0,True,"Size Guide: Small=US 4-6, Medium=US 8-10, Large=US 12-14, X-Large=US 16-18. These trendy tops are made from soft and stretchy fabric that will keep you feel comfortable all day long.Unique Design: Crew neck, 3/4 length bell sleeves, color block, striped elastic neckline and cuffs, loose fit, business casual style, fall t shirts for women 2024 trendy.It's a step up from a plain T-shirt! The striped trims neckline and sleeves add a touch of sophistication and the 3/4 bell sleeves are so stylish. Designed with a loose fit that flatters all body types, our cute tees are perfect for everyday wear and dressy occasions.Occasions: These womens blouses are perfect for daily wear, work, office, business, going out, shopping, club, night out, vacation, birthday, dating, party, school, etc. You can match your bags, and jewelry to make you look more decent.Washing Instruction: Machine wash with cold water recommended, do not bleach. Hang or line to dry.",,"Customers find the sweatshirt has a nice style that can be dressy or casual. They like the soft, comfortable material and color accuracy. The shirt is roomy with 3/4 length sleeves and the right thickness. Customers also appreciate the weight, wearability, and quality. However, some customers have differing opinions on the fabric quality.",https://www.amazon.com/dp/B0D5MD33D9
500,B0D4ZDZL1P,AUTOMET Womens Long Sleeve Shirts Lace Tops Business Casual Fall Fashion Outfits Clothes Knitted Y2k Blouses,AUTOMET Store,No especificado,No especificado,Women,In Stock,12.9928,12.9928,17.99,4.4,2416.0,7.790282380703483,600.0,6.398594934535208,True,517.0,True,"Material:The long sleeve tops is made of 60%polyester, 35%Rayon, 5%SpandexFeatures: Crewneck business long sleeve lace tops designVersatile Style: Can easily team with leggings, jeans. It's a charming and stylish styleMust-have Collection: Suitable for lounging at home, leisure, daily, work, party, street, holiday, and etcGarment Care: Machine wash recommended with a laundry bag. Please do not bleach; hang to dry",,"Customers find the shirt flattering with cute details and lace sleeves. They appreciate the comfortable fit that hugs the body in all the right places while still providing enough room. Many customers love the color options, especially the dark green and black. The lightweight material, washability, and value for money are also appreciated. However, some customers have mixed opinions on the material quality.",https://www.amazon.com/dp/B0D4ZDZL1P
501,B09MJF72CL,Blooming Jelly Womens White Blouse V Neck Ruffle Sleeve Flowy Shirts Dressy Casual Cute Summer Tops,Blooming Jelly Store,No especificado,No especificado,Women,In Stock,19.9933,19.9933,29.99,4.4,7142.0,8.873888135154973,400.0,5.993961427306569,True,39.0,True,"Material: Chiffon. This business casual tops for women is lightweight, flowy, soft and skin-friendly, hugging you all through the day.Features: The casual summer shirts trendy tops features with v neck, ruffle short sleeve to shape the perfect outline of your arms, swiss dot deorations to add loveliness for this dressy shirt.Style: The siwss dot shirts is perfect for business casual style to show experienced and convinced. It can match your skirt,jeans and high-heeled shoes with a look that is not out of date.Occasions: Fashion dressy casual shirts suitable for business, uniform, vacation, school, party, office, work or just casual everyday wear in spring/summer/autumn.Note: We strongly suggest that you have your body measurements taken first, and then refer to our size chart before order, S=us 2-4, M=us 6-8, L=us 10, XL=us 12",,"Customers find the shirt flattering and comfortable. They appreciate the good fit, quality material, and comfort. The fabric is soft and durable, allowing for easy washing and wearing. Many customers find the shirt casual and dressy, though some have mixed opinions on the color quality.",https://www.amazon.com/dp/B09MJF72CL
502,B0CYC659P1,AUTOMET Womens Summer Tops Going Out Workout Outfits Spring T Shirts Business Casual Dressy Fashion Trendy Clothes 2025,AUTOMET Store,No especificado,No especificado,Women,In Stock,9.99,9.99,9.99,4.3,1575.0,7.362645270417825,2000.0,7.601402334583733,True,11.0,True,"Material: Polyester+rayon+spandex. Loose fit and comfortable, breathable and skin-friendly. Ladies casual cap sleeve tops suitable for springFeatures: Women summer short sleeve t-shirt, boat neck blouse, bell sleeve solid color basic tshirts, lightweight business office tunic, dressy casual tops, tank tops for womenCasual Shirt: Women fashion classy tee can be worn both at home and outdoor. Business work outfits, church outfit, dress shirt, undershirt, teacher top, loose fit tunic for womenOccasion: This womens cute T shirts is suitable for resort wear, rave, country concert, festival, night out, going out, beach, teacher, date night, running, airport, vacation, workout, athletic, gym, make you comfy in your casual life. You can freely pair it with flat shoes and jeansSize: Please carefully refer to our size chart. You will choose a scoop neck top that fits you better",,"Customers appreciate the shirt's fit, color, and comfort. They find it has a nice length and true-to-size fit. The material feels soft and holds its shape well. Many customers say it's dressy enough to wear with jeans or dress pants. They also appreciate the lightweight material and value for money. However, some customers have mixed opinions on the fabric quality.",https://www.amazon.com/dp/B0CYC659P1
503,B0CV3JSJW8,Womens Tops Casual 3/4 Sleeve Shirts Crew Neck Loose Casual Blouses Floral Print Tshirts,JomeDesign Store,No especificado,No especificado,Women,In Stock,16.99,16.99,16.99,4.4,1169.0,7.064759027791802,500.0,6.2166061010848646,True,188.0,True,"Material: 95% ranyon, 5% spandex rayon blend material soft, stretchy, lightweight, breathable; you will feel that the fabric is soft breathable and skin friendly you will get many compliments on this blouseFeature: Casual round neck, 3/4 sleeve, button down, foral print, loose fit, trendy and elegantMatch: Suitable for wear with jeans or leggings in spring, summer, fall or winterOccasion: Suitable for a casual everyday look and any occasions especially for office, parties and dating you would get many compliments when you wear this tunics shirtAttation: The size runs large, please check before.",,"Customers appreciate the tunic's pretty colors and leaf pattern. They find the fit to be good, with the right length and long tail. The fabric is soft and comfortable, with a nice texture that is easy to wear. Many customers appreciate the quality material and washability. The weight and value for money are also appreciated. However, some customers have mixed opinions on the color accuracy.",https://www.amazon.com/dp/B0CV3JSJW8
504,B0D8Y31CHN,AUTOMET Womens Long Sleeve Shirts V-Neck Lace Tops Business Casual Blouses Tee Trendy 2025 Fall Fashion Outfits Clothes,AUTOMET Store,No especificado,No especificado,Women,In Stock,14.9921,14.9921,18.99,4.2,1092.0,6.996681488176539,300.0,5.707110264748875,True,491.0,True,"Fabric:Made of 82%Polyester+12%Rayon+6%Spandex,skin-friendly,lightweight,casual loose fit,soft and comfortable.Fashion Designs:Womens dressy tops designed with long sleeve, v neck, lace sleeve;business casual outfits,blouses for women,blusas casuales de mujer bonitas,womens work tops,ladies tops,womens shirts dressy casual.Occasions:Womens business casual clothing,work clothes for women 2025,the long sleeve shirt suit for casual wear,street,work,business occasions,office,daily life and outgoing,party,vacation,holiday,home fall and winter.Stylish Wearing:This business casual tops is a must-have for spring,fall and winter, perfect wear with jeans,skirt,cardigan,hoodie,sweater and jacket for a fashion look. It's a charming style.Wash Care: Machine washable, hand washes cold water. Do not bleach.",,"Customers find the shirt has a cute style that can be dressed up or casual. They appreciate the fit, softness, and material quality. Many mention it feels like a t-shirt and is true to size. The sleeves are long enough and have room. Some customers like the weight of the material. However, some have issues with the thickness of the material. There are mixed opinions on color accuracy and sleeve length.",https://www.amazon.com/dp/B0D8Y31CHN
505,B0CLQXF321,LOMON 3/4 Length Sleeve Womens Tops Summer Loose V-Neck Eyelet T-Shirts Dressy Casual Ruffle Sleeve Tunic Blouses,LOMON Store,LOMON,No especificado,Women,In Stock,14.99,14.99,14.99,4.2,1606.0,7.382124365737512,200.0,5.303304908059076,True,29.0,True,"MATERIAL: 95% Polyester, 5% Spandex. Lightweight, soft & high quality fabric (breathable but not see-through). Skin-friendly and comfortable for daily wear.FEATURES: 3/4 sleeve length,exquisite floral tunic(without embroidery design),sexy v-neck blouses with bell/ruffled/flutter sleeve. Waist-slimming curved hem, easy to wear and suitable for different age.MATCH: Perfect for pairing with skirts, jeans, leggings, slacks, high heels, etc. It will be more flattering to match with different womens accessories, for a dressy and casual summer look.OCCASIONS: Suitable for going out, work, office, vacation, date night, party, travel, holiday and basic daily wear. It's a must-have trendy clothing for your spring and summer wardrobe.NOTE: Machine or hand wash with cold water, hang or line dry, no bleach, iron on Low heat if needed. Please check the size chart carefully before purchasing",,"Customers find the tunic comfortable and flattering with the right length sleeves. They appreciate the soft, stretchy fabric and nice color options. Many find it washable. However, some customers have issues with color accuracy and have mixed opinions on the material quality.",https://www.amazon.com/dp/B0CLQXF321
506,B0DNJPR74Y,LOMON Women's 2025 Fashion Tops 3/4 Length Sleeve Business Casual Blouses Summer Tees Shirts,LOMON Store,No especificado,No especificado,Women,In Stock,19.99,19.99,19.99,4.3,213.0,5.365976015021851,400.0,5.993961427306569,True,548.0,True,"【Soft and Flexible】LOMON 3/4 Smocked Sleeve Top is skin-friendly and comfortable for everyday wear.Lightweight, soft & high quality fabric (breathable but not see-through).【V-neck Bouses】LOMON 3/4 length sleeves, delicate floral tunic, sexy V-neck blouse with ruffle cuffs sleeves.【Ruffle Cuffs】Women's ruffled top is both formal and casual with 3/4 sleeve design for comfort and convenience.【Leisure & Business】Women's tops can be worn with jeans for a casual look or with formal pants and skirts for a professional look.【Occasion】Suitable for going out, working, office, vacation, dating, party, travel, vacation and daily wear. It is a must-have trendy clothing in your spring and summer closet.",,"Customers find the shirt has a nice fit, style, and soft fabric. They like the colors, patterns, sleeves, and length. The material quality is good, and the shirt is well-made. Customers are satisfied with the value for money.",https://www.amazon.com/dp/B0DNJPR74Y
507,B0DK5J19P7,Heymiss Womens Tops 3/4 Sleeve V Neck Shirts Loose Casual Tunic Blouses Criss Cross Summer Tshirts,Heymiss Store,Heymiss,No especificado,Women,In Stock,9.99,9.99,9.99,4.7,64.0,4.174387269895637,0.0,0.0,False,562.0,True,"Fabric and Comfort: Made from a soft rayon blend material, provides an exceptional level of comfort suitable for all-day wearUnique Design: Chic v-neck cut, 3/4 sleeve, enhanced with a distinctive cross detail at the base, adding an element of sophisticated style while elongating the necklineMatch: Pair our 3/4 sleeve summer tops with leggings, skinny jeans, or shorts for a versatile and stylish lookOccasion: Suitable for daily, travel, home, birthday, shopping, cocktail, party, outdoorsWashing instructions: Simply machine wash or hand wash in cold water and hang to dry in the shade",,"Customers appreciate the tunic's color, comfort, and fit. They find it looks nice, has soft fabric, and fits true to size. The true forest green color is a favorite among customers.",https://www.amazon.com/dp/B0DK5J19P7
508,B0BXT8TFGS,MEROKEETY Women's Casual Cap Sleeve Lace Trim V Neck Tops 2025 Summer Loose Tee Shirts Blouse,MEROKEETY Store,No especificado,No especificado,Women,In Stock,14.4428,14.4428,19.99,4.3,1469.0,7.293017679772782,400.0,5.993961427306569,True,182.0,True,"Size Guide: S=US 4-6, M=US 8-10, L=US 12-14, XL=US 16, XXL=US 18. Lightweight and stretchy fabric, soft and comfortable to wear.Unique design: Fashion and basic t shirt for women, lace trim v-neck, cap sleeve, loose fit, side split details, soft fabric, casual tunic tops for summer, trendy and flattering.Elegant lace crochet printing design, chic look, and loose casual styles are must-have for women's wardrobes. Easy to pair with a variety of jeans, and shorts for a simple stylish look.Occasion: These classic summer tops have stretch, are super comfy, and are great for daily wear, casual, dating, going out, party, travel, beach, office, outdoor, street looks, etc.Easy Care: Hand/Machine washable with cold water recommended, do not bleach, do not iron, hang, or line to dry.",,"Customers appreciate the shirt's color, fit, and softness. They find the color flattering, the size is on point, and the sleeves are drapey to cover arm flab. The material quality is great, lightweight, and durable. Overall, customers love this top and consider it a perfect fit for vacations or cruises.",https://www.amazon.com/dp/B0BXT8TFGS
509,B0DK4ZXB1V,ANRABESS Womens Dressy Casual Tops Ruffle Short Sleeve V Neck Shirts Elegant Business Work Blouse,ANRABESS Store,No especificado,ANRA,Women,In Stock,14.9938,14.9938,23.99,4.3,43.0,3.784189633918261,100.0,4.61512051684126,True,682.0,True,"Fit Type - Loose.Size - S=US(4-6), M=US(8-10), L=US(12-14), XL=US(16-18),XXL=US(20-22). More details in rich description.Material - Made of 27% Rayon, 68% Polyester, 5% Elastane . Stretch - Medium , Thickness - Medium , Softness - Medium.Washing - Machine wash cold with like colors.Don't bleach.Dry Flat.Don't iron in high-temperature.Features - This summer top with classic v neck , ruffle sleeve , buttons neck detail and loose fit. It is suitable for summer , street , outdoor , casual , work , or daily.",,"Customers appreciate the shirt's color, fit, and feminine sleeves. They find the fabric weight and neckline flattering.",https://www.amazon.com/dp/B0DK4ZXB1V
510,B0BFCZSBTG,Dokotoo Womens Blouses Fashion Long Sleeve Shirts V Neck Business Casual Tops Spring Summer Outfits 2025,Dokotoo Store,No especificado,WGCW25115695-P,Women,In Stock,20.99,20.99,20.99,4.2,3043.0,8.020927718981577,100.0,4.61512051684126,True,89.0,True,"Elegant ladies tops and blouses/Classic solid color top/Long sleeve shirts/Casual v neck blouses/Flowy Winter tops/Cute tops/Smocked, Business dressy Country Concert Work tops for women.Dokotoo womens tops are made of skin-friendly and comfy material, simple but chic, allows you come with a various look from comfy to chic and stylish.V neck blouses can let your neck line looks more slender and graceful.Breathable and comfy fabric suits for summer also wear with a coat outside in the chilly daysThe ladies tops and blouses makes the perfect elegant & casual style. Perfect matched well with skinny leggings, jeans, shirts, pant for a fashion/cute/business/bohemian look.The fashion v neck shirts is perfect choice for your daily wear,cruise wear,resort wear,outdoor activities,shopping,club,party,dates and any other occasions in Spring,,Summer,Fall and Winter",,"Customers find the blouse has a pretty color and flowy style. They find it comfortable with nice fabric and lining. Many consider it a good purchase for the price. However, some have mixed opinions on the fit, material quality, and fabric quality.",https://www.amazon.com/dp/B0BFCZSBTG
511,B088CTB3KC,Adibosy Women Summer Casual Shirts: Short Sleeve Striped Tunic Tops - Womens Crew Neck Tee Tshirt Blouses,Adibosy Store,No especificado,No especificado,Women,In Stock,13.995,13.995,14.77,4.4,16473.0,9.709538659501193,1000.0,6.90875477931522,True,102.0,True,"Material: Womens Tops and Blouses is Made of Rayon/Polyester/Spandex. The Women Summer Casual Shirt Feels Very Soft and Comfortable. It Is a Breathable but Opaque Womens Short Sleeve T Shirts 2025.Feature: This Summer Casual Short Sleeve Shirt designs with Leopard Print, Color Blocks, Round Neck Combined with Stylish Short Sleeve Design, Women Crew Neck Color Block, Reflects the Elegance of Women.Perfect Match: The Women Tops Can Be Perfectly Matched with Jeans / Leggings / Shorts / Yoga Pants / Casual Pants / Sweater Chain Etc. This Summer Casual Short shirt is Undoubtedly Your Most Satisfying Choice.Occasions: This Short Sleeve Striped Shirts Top Will Be a Must-Have Item in the Wardrobe and Can be Worn on Many Different Occasions, Such as Staying at Home,Party,Dating,Shopping,Club Etc.Tips: It is recommended to wash with cold water, DO NOT bleach! Please check the Size Chart before you order.",,"Customers appreciate the shirt's nice style, soft texture, and good quality. They like the flattering cut, jersey shoulders, and versatility in pairing with other colors. Many find the material washable and lightweight, though some have mixed opinions on the fit and thickness.",https://www.amazon.com/dp/B088CTB3KC
512,B0C2C66MDB,JomeDesign Womens Tops 3/4 Sleeve Shirts Round Neck Loose Casual Blouses Floral Print Tshirts,JomeDesign Store,JomeDesign,No especificado,Women,In Stock,12.99,12.99,12.99,4.4,3069.0,8.029432840581244,1000.0,6.90875477931522,True,18.0,True,"Material: 35% rayon, 65% polyester, 5% spandex rayon blend material soft, stretchy, lightweight, breathable; you will feel that the fabric is soft breathable and skin friendlyFeature: Casual round neck, 3/4 sleeve, foral print, loose fit, trendy and elegantMatch: Suitable for wear with jeans or leggings in spring, summer, fall or winterOccasion: Suitable for a casual everyday look and any occasions especially for office, parties and dating you would get many compliments when you wear this tunics shirtWashing instructions: simply machine wash or hand wash in cold water and hang to dry in the shade",,"Customers appreciate the shirt's color, fit, and softness. They find the colors and print to be accurate, and the material feels comfortable and smooth. Many customers appreciate the washability and value for money. However, some have differing opinions on the fabric quality.",https://www.amazon.com/dp/B0C2C66MDB
513,B0D585X1QC,Dokotoo Womens Tops 2025 Spring Color Block Long Sleeve Shirts V Neck Dressy Casual Blouses,Dokotoo Store,No especificado,No especificado,Women,In Stock,21.98,21.98,21.98,4.3,433.0,6.073044534100405,200.0,5.303304908059076,True,160.0,True,"Our womens long sleeve tops are made from a high-quality blend of materials - 75% polyester, 20% viscose, and 5% elastane, ensuring a soft, stretchy, and comfortable.This womens tops boasts a flattering V-neckline, a trendy color block design, decorative buttons for added charm, long sleeves for warmth, and a versatile style perfect for the fall season.The V-neck design adds a touch of sophistication, while the color block pattern creates a modern and eye-catching aesthetic. The decorative buttons elevate the look, making it suitable for a range of occasions.You can pair v neck blouses effortlessly with jeans, leggings, or skirts for a stylish and comfortable ensemble that transitions seamlessly from day to night.Whether you're out for a casual day or a social gathering, this V-neck fall top offers a versatile option that combines comfort and style. Its chic design and fall-inspired features make it a wardrobe staple for the season.",,"Customers find the shirt has beautiful colors in person. They appreciate its flattering fit, comfortable material, and good value for money. The size is true to size, the sleeves are long enough, and the sleeve length is perfect.",https://www.amazon.com/dp/B0D585X1QC
514,B0CP3MWJVH,Dokotoo Women's 2025 Fashion Tops 3/4 Sleeve T-Shirts Cute Crewneck Basic Business Tees Blouses,Dokotoo Store,No especificado,LC25126045-P2-S,Women,In Stock,14.99,14.99,14.99,4.3,2601.0,7.86403565907245,600.0,6.398594934535208,True,295.0,True,"Contents: Super soft and comfy fabric, skin-friendly and breathable. Womens tops dressy casual, round neck cute lightweight tops,loose fit basic teesDetails: Warm up or cool down with this essential 3/4 sleeve t shirts, featured in an loose fit and Pleated sleeve design with sew seaming front for a lived-in look.Suitable occasion: Casual elbow length sleeve blouses perfect for different occasions, such as daily life, office, date, home, vacation, travel, holiday, club, party, school, beach and so on.Match for all style: Summer 3/4 sleeve tops perfect cute tees go well with denim bottom, leggings, pants or skirts, shorts, also greatly match for variety style of jeans for a fashionable and stylish dressing.Size: S=US 4-6,M=US 8-10,L=US 12-14,XL=US 16-18,2XL=US 20-22. Check more info of this tops in Size Chart and Product Description. Please choose carefully according to your size.",,"Customers appreciate the shirt's fit, color, and comfort. They find it flattering for all body types, with an elastic sleeve length that covers their buttocks. The material is soft, not sheer, and wrinkle-resistant. Customers also like the sizing, washability, and weight of the shirt. However, some customers have differing views on the fabric quality.",https://www.amazon.com/dp/B0CP3MWJVH
515,B0CNXFQJZJ,EVALESS Womens Short Sleeve Textured Tops Crewneck Knit Solid Loose Casual Basic T Shirts Tee Blouses,EVALESS Store,No especificado,MNCW25223270-P,Women,In Stock,9.5947,9.5947,17.99,4.2,1723.0,7.452402451223638,100.0,4.61512051684126,True,166.0,True,"Material: Casual womens summer tops is made from high-quality knitted fabric, soft and lightweight, ensuring a cozy and comfortable feel against your skin.Features: With a round neck/crewneck, cute batwing sleeve,exquisite pleated texture,classic solid color/plain,loose fit,casual style, this chic and stylish women tops will make you stand out from the crowd.Style: Womens blouses woven with a fine and lightweight knit,loose fit design can cover all body shapes, looks dressy, feels comfy.Just tuck the front of the womens tops shirts into skinny jeans or denim shorts for chic and stylish look.Match: The solid color basic short sleeve casual tops can wear with jeans/leggings for a casual look, or with your shorts/skirts for a chic street fashion, pairing it with denim jacket, cardigan, heels, sandals, sneakers and nice necklace.Occasion: Suitable for a casual everyday look and any occasions, especially for vacation, holiday, party, work, office, going out,date, clubs, daily wear, school, home, beach, street, sport, workout in summer, spring, fall and winter days.",,"Customers appreciate the shirt's color, comfort, and quality material. They find the color vibrant, flattering, and the texture nice. Many of them are satisfied with the fabric weight, top quality, and wardrobe. However, opinions differ on how the fit is.",https://www.amazon.com/dp/B0CNXFQJZJ
516,B0D5XZ73ZP,PRETTYGARDEN Women's Dressy Casual Lace Blouse Long Sleeve Button Up Shirts Tops Spring Fall Fashion Clothes,PRETTYGARDEN Store,No especificado,Pr766,Women,In Stock,42.99,42.99,42.99,4.1,358.0,5.883322388488279,400.0,5.993961427306569,True,98.0,True,"SIZE TIPS: S=US 4-6,M=US 8-10,L=US 12-14,XL=US 16 Women Lace Tops Is Made of Soft Texture, Offering A Gentle Feel against The Skin and A Cozy Fit without Compromising on Style and ComfortTRENDY STYLE: Delicate Lace Detailing Provides The Aesthetic Appeal of This Long Sleeve Top. Button up Shirts Offers A Lightweight Feel for All-Day Comfort. Solid Color Style Brings The Blouse's Versatility, Making It Easy to Pair with Various BottomsCHIC DESIGN: Long Sleeve Tops for Women; Button up Shirts for Women; Blouse for Women Dressy Casual; Lace Tops for Women; Trendy Clothes for Women; Sheer Tops for Women; Fall Outfits for Women; Business Casual Blouse for Women; Work Tops for WomenMORE DETAILS: The Classic Crewneck Offers A Timeless Silhouette That Flatters The Neckline. Blending Style and Comfort, Making This Blouse A Versatile Wardrobe Staple. Womens Lace Tops Features A Button Closure, Allowing for Quick and Easy DressingELEGANT LACE BLOUSE TOPS: Women Long Sleeve Shirts Is Attire Choice for Various Occasions, Such as Work Office, Parties, Date Night, Holiday, Vacation, Travel, Meeting or Casual Outings",,"Customers appreciate the shirt's beauty, comfort, and quality fabric. They find it pretty, elegant, and soft with luxurious-looking buttons. Many consider it a great staple that can be worn multiple times. However, some dislike the sheerness. Opinions differ on the fit, color, and weight.",https://www.amazon.com/dp/B0D5XZ73ZP
517,B0D4QCZFTP,Zeagoo Women's Puff Long Sleeve Shirts Pleated V Neck Fall Tunic Tops Blouse Dressy Causal Loose Summer T-Shirts,Zeagoo Store,No especificado,No especificado,Women,In Stock,19.9929,19.9929,27.99,4.4,2343.0,7.759614150696903,400.0,5.993961427306569,True,31.0,True,"Slimming Design: The front pleated style will make you look slimmer and show your feminine charm. The loose fit curved hem to hide the tummy, making the women's dressy tops suitable for any body shape.High Quality Matarial: Zeagoo fall tunic top is soft, breathable and comfortable. Cute long sleeve blouse is made of 95%polyester5%spandexFeatures: Puff long sleeve tops, pleated babydoll v neck tshirts, tunic tops for leggings, flowy floral blouses, cute bohemian t shirts, 2025 fashion summer fall tops, business work top, solid color flattering clothes, elegant flowy tee shirtHow to Style: Puff sleeve blouse can be worn tucked in or untucked. Casual and dressy. Short sleeved top can be worn alone or with a blazer, jacket or cardigan, and can be paired with shorts, skirts, jeans, slacks and more!Occasions: The dressy tops and blouses are suitable for every daily activity, going out, casual wear, business, office, school, dating, holiday, vacation, travel, beach and any occasions. An wardrobe essential must-have",,"Customers appreciate the shirt's colors, fit, and softness. They find the print appealing, with complementing colors. The style with gentle pleating is also flattering. Many customers find the length perfect, with a nice back that is long. The material feels nice and comfortable, making it suitable for fall through spring wear. While some are satisfied with the wearability, washability, and material weight, others have differing views on the material quality.",https://www.amazon.com/dp/B0D4QCZFTP
518,B0BHLYZTHH,CUPSHE Women Eyelet Long Sleeve Tops Shirts Dressy Hollow Out Crochet Lace Embroidered Blouses 2025 Fashion,CUPSHE Store,No especificado,CUP-CAA04D2F027CC,Women,Low Stock,33.99,33.99,33.99,4.4,424.0,6.052089168924417,800.0,6.68586094706836,True,22.0,True,"Material:The floral top, long sleeve shirts for women,cruise outfits tops,blouses for women dressy casual,womens spring fashion 2025 trendy,eyelet design, women summer clothes,womens beach outfits,spring blouses for women 2025,hawaii outfits for women,professional tops is made of 60% Cotton,40% Nylon.Design:Lace sping long sleeve top for women,hollow out eyelet peplum tops,casual tops for women,embroidered lace,long puff sleeve,tops dressy, ladies tops and blouses, cute lantern sleeve,casual spring outfits for women, summer fashion clothes, aesthetic clothing,crew neck, solid color, loose fit, business casual style, eyelet design.Match:The western tops featuring a eyelet design and a loose casual fit are ideal for various occasions. Whether you're dressing up for a night out or keeping it casual, this boho top is sure to turn heads.Occasion:The cute top can create wonderful outfits to wear for all seasons, suits for work, office, casual, daily, vacation, holiday, party, school, home, street, gym, etc.[Perfect Sizing]: Business casual long sleeve tops for women, please check the size chart before purchase! available in XS, S, M, L, XL. Please refer to the trendy tops'size chart for specific measurements to achieve the perfect fit. Model Wearing Size: S Height: 5' in / 173 cm, Bust: 33.5 in / 85 cm, Waist: 23.5 in / 60 cm Hips: 35 in / 89 cm.",,"Customers appreciate the shirt's color, quality, and softness. They find it cute, dressy, and fun, with a nice teal color and intricate lace detail. Many are satisfied with the value for money and wearability. However, some customers mention that the lace is see-through, so you need a cami under it. Opinions vary on sizing and fabric quality.",https://www.amazon.com/dp/B0BHLYZTHH
519,B0BLVKGCD7,BTFBM Women's Summer Boho Shirt Top Ruffle Short Sleeve Frill Trim Mock Neck Floral Solid 2025 Casual Blouses Shirts Tops,BTFBM Store,BTFBM,No especificado,Women,In Stock,19.9943,19.9943,34.99,4.3,2319.0,7.749322464660356,400.0,5.993961427306569,True,40.0,True,"FEATURES: Womens Summer Tops / Blouses For Women / Easter Shirts For Women / Mock Neck With Frilled Trim Detail / Keyhole Back / Short Sleeve With Cute Ruffle Cuffs Design / Boho All Over Floral Pattern / Bohemian Style / Soft And Lightweight Fabric / Elegant And Chic StylePLEASANT WEARING COMFORT: Thanks To Its Comfortable Soft Material, This Boho Women Top Ensures A Great Feeling Against The Skin. But The Top Not Only Impresses With Its Look, Its Cut Is Also Convincing, Because The Casual-Loose Fit Flatters Your FigureSHORT SLEEVES TOPS FOR WOMEN HIGHLIGHTS: This Top Blouse Is The Perfect Blend Of Sophistication And Charming. Mock Neck With Subtle Frilled Trim Detail Combines With Keyhole At Back, Perfectly Creates A Elegant Look. Cute Puff Short Sleeve Ends In A Playful Ruffle Elastic Cuff Design, Greatly Flatters Your Arm And Adds More Fashionable TouchBOHO FLORAL SHIRTS TOPS: This Casual Women Shirt Exudes Feminine Charm With Its Eye-Catcher Allover Floral Pattern. Moderate Hip Length Continue The Casual Design Of This Women Shirt Consistently. This Fashion Top Is a Cool Basic For Your Leisure LooksPERFECT IN VARIOUS EVERYDAY OCCASIONS: This Summer Blouse Top Perfectly Meets All Your Fashion Style, Whatever For Casual Wear Or Chic Look. It Can Pair With Legging, Denim Shorts, Maxi Skirts, Sandals, Sneaker Or High Heels For Office, School, Dating, Vacation, Shopping, Beach, Daily Life",,"Customers find the shirt's color appealing and flattering. They appreciate the nice fit, sleeves length, and soft fabric that feels silky and airy. Many like the accurate color representation and fabric weight. However, some customers dislike the fabric quality and have differing opinions on the material quality.",https://www.amazon.com/dp/B0BLVKGCD7
520,B0D5DG4KCT,Micoson Womens Tops Dressy Casual Long Sleeve Business Shirts V Neck Pleated Work Blouses Loose Fit Fall Trendy Knit Top,Micoson Store,No especificado,No especificado,Women,In Stock,24.99,24.99,24.99,4.3,275.0,5.62040086571715,900.0,6.803505257608338,True,664.0,True,"♥【Material】60% Polyester, 35% Cotton, 5% Spandex. Women's long sleeve causal shirts are made of soft fabric, comfortable to wear, breathable, stretchy and skin-friendly. Loose style fits most body type.♥【Design】The women's fall tops with a V-neck and long sleeves design can modify your neck and arms, the pleated design can create elegant style, and the curved hem can well cover the abdomen and hip area, making you look more slim and charming.♥【Match】This women's shirt is simple and never out of date. It's perfect to pair with pencil skirts, formal pants, suit jackets, as a business casual outfit. Also can pair with jeans, shorts, leggings, chic skirts, high heels, jackets and cardigans for a fashion look.♥【Occasions】Women's business casual tops are perfect for leisure, daily wear, work, business, office, travel, vacation, school, beach, concerts, shopping, going out, gatherings, parties, dating, festivals, etc. It is a must-have for your spring and autumn wardrobe.♥【Ture-to-Size Options】Our long sleeve tops are available in sizes S-XXL and run true to size. Please check our size chart carefully before purchasing to ensure correct fit.Washing suggestions for the tops: Hand wash/machine wash at low temperature/don't bleach/hang or line dry.",,"Customers appreciate the shirt's flattering fit, soft fabric, and nice colors. They find it comfortable for work, with a gentle wrist fit. Many find the shirt has good value for money and find it easy to wear. However, some customers have differing views on the fabric quality.",https://www.amazon.com/dp/B0D5DG4KCT
521,B0DRJ7HB8Y,XIEERDUO 3/4 Length Sleeve Womens Tops Dressy Casual Blouses for Women 2025 Trendy V Neck T Shirts Summer Clothes,XIEERDUO Store,No especificado,No especificado,Women,In Stock,19.99,19.99,19.99,4.8,13.0,2.6390573296152584,0.0,0.0,False,443.0,True,"Trendy Lace Design -- This v neck t shirt has lovely lace details on the sleeves. Add a touch of elegance to your daily appearance or special occasions.Flattering 3/4 Sleeve Cut -- 3/4 length sleeve womens tops design offers versatile look that transitions effortlessly from spring to fall.Premium Comfort for All Day Wear -- Super soft, breathable, comfortable and skin friendly to wear. Ideal for work, business, dates, beach, vacation, school, travel, party or casual outings.Multiple Colors & Sizes for Every Body Type -- Available in a range of stylish colors and inclusive sizes, this blouse caters to diverse preferences and fits all body types beautifully.Easy to Style & Machine Washable -- Pair it with jeans, skirts, or pants. Machine wash in cold water/ Hang or line dry/ Do not bleach.",,,https://www.amazon.com/dp/B0DRJ7HB8Y
522,B0DHSGPD5P,Zeagoo Women's Casual 3/4 Sleeve T-Shirts Round Neck Cute Tunic Tops Basic Tees Blouses Business Work Tee Top,Zeagoo Store,No especificado,No especificado,Women,In Stock,12.9913,12.9913,14.98,4.1,679.0,6.522092798170152,100.0,4.61512051684126,True,468.0,True,"Soft comfy material: 3/4 length sleeve womens tops is made of 95%Polyester 5%Spandex, which is stretchy, breathable and comfortableBasic Blouses: 3/4 sleeve summer top, cute crew neck shirts, scoop neck tops, sexy fit tunics blouses, casual 3/4 sleeve shirt, casual business top, basic tunic tops, 2025 fashion spring clothes for women, going out top, dressy shirt, plain tshirts for women, print tshirts for women, business casual outfitsHow to Style: 3/4 sleeve tunic tops can be worn by itself, and it's also a basic top for layering and easy to tuck in. Pair perfectly with skinny jeans, leggings and boots. You can also layer it under your jackets, blazers and flannelsOccasions: Womens 3/4 sleeve tops are suitable for home, street wear, work, office, party, dates vacation, shopping, daily life and outgoing. Short sleeve tops perfect gift for mom,wife,daughter,girlfriend,or to your ownGarment Care: Hand wash recommended,machine wash cold, gentle cyclegentler cycle, do not bleach. Due to manual measurement, please allow 0.5-1 inch differs. Order a size up if you don't want them skin tight",,"Customers appreciate the shirt's colors and soft fabric. They find it comfortable to wear, matching well with pants. The lightweight fabric is also praised for its value for money and washability. However, some customers have mixed opinions on the fit, material quality, and stretch of the fabric.",https://www.amazon.com/dp/B0DHSGPD5P
523,B09N3T5H8M,Dokotoo Women's V Neck Lace Crochet Eyelet Tops Short Sleeve Casual Shirts Blouses,Dokotoo Store,No especificado,CT5W2516745-P,Women,In Stock,29.99,29.99,29.99,3.9,2575.0,7.853993087224244,300.0,5.707110264748875,True,394.0,True,"Dokotoo womens v neck lace shirts is made with high-quality fabric. Soft, lightweight and comfortable to wearFeature: V Neck, Solid Color, Short Sleeve, Button Design, Front Crochet Eyelet Panel, Lightweight Fabrication, Loose Fit Lace Top, Resort Wear for WomenYou can pair this fashion blouses with variety of coats, jacket, jeans, denim shorts, skirts, jeggings, sneakers or heels to complete casual look that's easy to love all season longOccasion: The casual lace crochet shirts is perfect choice for your daily wear, outdoor activities, shopping, dates and any other occasions in Spring, Summer, Fall and WinterPackage Content: 1 X Womens Tops",,"Customers appreciate the shirt's style and material quality. They find it looks nice, with nice details and a well-made construction. Many are satisfied with the wearability. However, some customers have issues with the fabric quality and color accuracy. There are mixed opinions on the fit, thickness, and comfort of the material.",https://www.amazon.com/dp/B09N3T5H8M
524,B0832F9PRH,TASAMO Women's Casual Round Neck Basic Pleated Top Cap Sleeve Curved Keyhole Back Chiffon Blouse,TASAMO Store,No especificado,No especificado,Women,In Stock,20.9913,20.9913,23.99,4.3,10661.0,9.274441297382706,100.0,4.61512051684126,True,76.0,True,"Notice: Chiffon fabric has no elasticityUS SIZE: S=(US 4-6), M=(US 8-10), L=(US 12-14), XL=(US 16-18), 2XL=(US 20-22). Model: Model is 5'9'', bust 33.07"", waist 25.59"", hip37.79"", wearing a Size S.Feature: Plain, round neck, cute, pleated, elegant, regular fit, button, cap sleeve, ssymmetrical, petal sleeve, curved hem.Suitable for summer, vacation, casual outtings, office, school, home and daily wear.You can't go wrong with the timeless solid color chiffon,at the same time this gorgeous floral blouse is such a darling choice for any fall day! Changeable print, and the lightweight material is so perfect for the changing of seasons ,just paired with high waisted dark jeans and booties for a beautiful look!Great gift to your mom, wife, girlfriend etc.",*TASAMO Women's Casual Round Neck Basic Pleated Top Cap Sleeve Curved Keyhole Back Chiffon Blouse,"Customers find the shirt flattering and comfortable to wear. They appreciate its lightweight fabric and ease of care. Many find it a nice basic career top that helps pull together their work wardrobe. However, some have mixed opinions on the fit and fabric quality.",https://www.amazon.com/dp/B0832F9PRH
525,B09VT1BHH1,PRETTYGARDEN Women's Short Sleeve Casual T Shirts Summer Ruffle Plain Round Neck Loose Fit Tee Blouse Tops,PRETTYGARDEN Store,No especificado,SF_KE007_10_P_S,Women,In Stock,17.984,17.984,29.98,4.2,6781.0,8.822027322685583,200.0,5.303304908059076,True,127.0,True,"MATERIAL: t shirts for women Made of Polyester Blend Fabric. Soft, Comfy, Stretchy, Lightweight, Breathable and not See-throughFEATURES: womens t shirt Features Basic Round Neck T Shirts for Women, Short Sleeve Shirts for Women, Plain T Shirts for Women, Loose Fit, Womens Tunic Tops, Ruffle Sleeve Tops for Women, Cute and Casual Shirts for Women, Trendy and Fashion Summer Tops for Women, Ladies Tops and BlousesOCCASIONS: tshirts shirts for women Must Have for Outdoors, Camping, Work, Party, Beach, Holidays, School, Casual Daily, Travel, Home, Yoga, etc. So Cute with Jeans, Shorts or Skirts, under Jackets or Cardigans in Summer, Spring or FallSIZE: t shirt women Features Relaxed Fit, S-XL Are Available. Our Size is Different from Amazon's. Please Refer to the Size Chart in the Picture or Below on ""Product Description""WASHING: tee shirts for women Recommended Machine Washable with Cold Water, Do Not Bleach, Line or Hang Dry",,"Customers appreciate the shirt's flattering style, vibrant colors, and comfortable fit. They find it versatile and easy to dress up or down. The fabric is soft and breathable, holding its color well after washing. Many like the cute sleeves and washability. However, opinions differ on the fit and material thickness.",https://www.amazon.com/dp/B09VT1BHH1
526,B09WDNRN1T,BTFBM Women Casual Boho Blouse Dressy Floral Puff Long Sleeve Shirts V Neck Lightweight Chiffon Summer Fall Tops 2025,BTFBM Store,No especificado,No especificado,Women,In Stock,28.89,28.89,28.89,4.2,1822.0,7.508238774678663,200.0,5.303304908059076,True,103.0,True,"FEATURES: Casual Floral Tops / V Neck Blouse Tops / Long Sleeve Shirts / Curved High Low Hem / Pattern: Floral Print Or Solid Color / Lightweight Boho Tops / Womens Summer TopsMATERIAL: S=US 4-6, M=US 8-10, L=US 12-14, XL=US 16-18, XXL=US 20; This Casual Blouses For Women Is Made Of Soft And Skin-Friendly Delicate Chiffon, Shows Itself With Feminine LightnessDESIGNS: The Boho Shirt Is Casual And Ladylike, With Which You Will Draw Glances Thanks To Floral Print. The Body Of The Chiffon Blouse Is Opaquely Lined With Soft Material, While The Slightly Transparent Sleeves Also Add More Romantic And Sweet SenseOCCASIONS: You Can Also Wear The Loose Chiffon Shirt To The Office With a Skirt Or Skinny Jeans Or Trousers. On Vacations Or Beach, You Can Combine Shorts And a Cute Sneakers Or Sandals To Complete You Trendy LookCOLORS: Floral Dark Blue Loose Flowy Blouse / Floral Orange Wedding Guest Tops / Floral Apricot Long Sleeve Tops / Floral Print Pink Womens Tops / Floral Red Chiffon Shirts / Floral Yellow Vacation Blouse",,"Customers appreciate the shirt's flattering fit, quality material, and comfort. They find the V-neck flattering without showing too much cleavage. The sleeves are long and the length is perfect. Many customers enjoy the lightweight and lining, but opinions differ on the fabric quality.",https://www.amazon.com/dp/B09WDNRN1T
527,B0D91YT7J8,Blooming Jelly Womens Dressy Casual Blouse Business Long Sleeve Tops Ruffle V Neck Work Shirt Fall Outfit 2024,Blooming Jelly Store,No especificado,No especificado,Women,In Stock,24.9914,24.9914,28.99,4.2,431.0,6.068425588244111,400.0,5.993961427306569,True,100.0,True,"[Soft Fabric]Long sleeve shirts for women are made of 95% Polyester,5% Spandex, lightweight,super soft and stretchy fabric with high quality long sleeve with button, soft to touch and breathable.[Ruffle Design]: Business casual tops features V neck, front ruffle frill trim design, long sleeve with elegant button and a relaxed silhouette that drapes beautifully add a feminine and romantic feeling, giving you a charming and trendy look.[Various Matching Styles]:Blouses for women dressy casual tucked into jeans or let them flow for a carefree look.The business casual tops are easy to paired with jeans,shorts,skirt,,leggings for a daily look. Also can match with tailored trousers, suit pants creat a dressy look.[More Occasions]: Tops for women trendy are suitable for dressy occasion,business,work,office,meeting,teacher outfit, vacation,going out, date night and it is a nice choice for spring,fall winter and summer night.Note: We strongly recommend that you take your body measurements first, and then refer to our size table before ordering, the size table data is the body size, not the clothing size; XS=US 0-2, S=US 2-4, M=US 6-8, L=US 10, XL=US 12, 2XL=US 14.",,"Customers appreciate the flattering fit and soft, comfortable fabric of the shirt. They find it cute and versatile for both work and casual wear. Many appreciate the value for money and material weight. However, some customers report that the shirt wrinkles easily and fold creases don't come out in washing. Opinions vary on the overall fabric quality.",https://www.amazon.com/dp/B0D91YT7J8
528,B08KG88XXR,Avanova Women Polka Dot Long Sleeve Blouse Shirts Work Mock Neck Ruffle Top,Avanova Store,No especificado,No especificado,Women,In Stock,28.99,28.99,28.99,4.2,5990.0,8.698013622083925,300.0,5.707110264748875,True,59.0,True,"[Material]: The chiffon blouse made of 99% polyester, 1% elastane, comfy to wear, great for spring /fall /winter dressy[Feature]: Elegant blouse for women feature with fashion leopard print, 3/4 sleeve with ruffle hem, ruffle neck, keyhole back, frill mock neck shirt[Occasion]: Casual and elegant style blouse, basic but flattering tops, suit for date, work, office, business, party, holiday or casual wear[Size]: Regular fitting.Please refer to the size measurement in images before ordering[Garment care]: Machine wash or hand wash in cold water / Do Not Bleach",,"Customers find the shirt flattering and comfortable. They appreciate the soft, lightweight material that offers a polished feel. The shirt is versatile for work or casual outfits, fitting well with pants for work or jeans for a night out. Many customers are pleased with the material weight and value for money. However, some have differing opinions on the fit, material quality, and stretchiness.",https://www.amazon.com/dp/B08KG88XXR
529,B0BSF2B5JH,Womens Smocked Cuffed Striped Boyfriend Shirt Casual Collar Long Sleeve Oversized Button Down Blouse Tops with Pocket Shirred,LEMAFER Store,No especificado,No especificado,Women,In Stock,28.99,28.99,28.99,4.2,2312.0,7.746300662231439,1000.0,6.90875477931522,True,135.0,True,"Material: The long sleeve shirred cuff blouse made of 35% Cotton+65% Polyester. Skin- Friendly fabric which is lightweight, very soft and comfy to wear.Feature: Turn-down collar, striped, long sleeves with smocked cuffs, bust pocket and front button closures, this oversize fit is sure to make the wearer feel slender.Matching: The elastic cuff shirt top for women, good match with pants to complete the look, perfect to wear daily or as a beach cover-up matching with a bikini.Size Note: This shirt has an oversized fit. If you prefer a more fitted look, you can size down. Please Refer to the size chart before ordering, anyother questions, please feel free to contact us!Wash Care: Machine Washable In Gentle, Recommend Hand Wash In Cold Water, Line Dry, Do Not Bleach.",,"Customers find the shirt's style, comfort, and pockets to be positive. They appreciate the breathable material, detailed smocked cuffs, and roomy fit in all the right places. Many are satisfied with the color, quality, and fabric weight. However, some customers have differing opinions on the fit and fabric quality.",https://www.amazon.com/dp/B0BSF2B5JH
530,B0D5QPC67N,AUTOMET Womens Fall Fashion Long Sleeve Shirts Dressy Casual Pleated Basic Trendy Tops Winter Clothes 2025,AUTOMET Store,No especificado,No especificado,Women,In Stock,12.99,12.99,12.99,4.3,927.0,6.833031732786201,500.0,6.2166061010848646,True,48.0,True,"Materials: 60% Polyester,35% Rayon and 5% Spandex.The fabric offers unparalleled comfort and a distinctive look for an exceptional wearing experience.Design: Long sleeve, round neck, bat sleeve, loose fit, good casual style. Crafted from comfortable fabric, it ensures a delightful wearing experience. Perfect for any occasion, it seamlessly combines chic design with comfort.Suitable: This fashion long sleeve pleated top is great for casual wear,business,work.Great for daily wear, and travel in spring, fall and winter.Stylish Wearing: This versatile long sleeve T-shirt is perfect year-round. Dress it up with tailored trousers and heels or go casual with jeans and sneakers. Ideal for business casual or everyday wear, it pairs effortlessly with dress, cardigans, and various accessories for a stylish look in spring, fall and winter.Wash: Machine washable, hand washes cold water. Do not bleach.",,"Customers find the shirt has a stylish design and soft, comfortable fabric. They appreciate the quality material that is thick enough to not see through but thin enough to wear comfortably. The shirt is well-structured and holds its shape after washing. Many customers find it easy to wear and value for money. However, some have mixed opinions on the fit and color.",https://www.amazon.com/dp/B0D5QPC67N
531,B0D6WGWNS8,Dokotoo Womens Soft Long Sleeve V Neck Shirts Solid Casual Decorative Buttons Knitted Pullover Tunic Tops,Dokotoo Store,No especificado,No especificado,Women,In Stock,15.982,15.982,19.98,4.4,456.0,6.124683390894205,200.0,5.303304908059076,True,119.0,True,"Soft and Comfortable: Crafted from a soft fabric, this garment ensures a comfortable wearing experience throughout the day.Knitted Pullover: The knitted construction provides warmth and a cozy feel, making it a perfect choice for cooler weather.Casual Style: Featuring decorative buttons, enhancing its visual appeal.it perfect for everyday wear, whether you're meeting friends, or lounging at home.Versatile: Perfect for the spring autumn and winter seasons. It easily paired with leggings or jeans for a chic and relaxed outfit.Cleaning: Wash Recommended With Cold Water/Do Not Bleach/Hang Or Line Dry/Wash with like colours,that will increase the durability of your clothes.",,"Customers find the sweater has a soft, comfortable material that feels like felt. They appreciate the true-to-size fit, perfect length, and flattering color. The sweater is lightweight and drapes nicely. Customers appreciate the quality buttons and quality construction. However, some customers dislike the material thickness.",https://www.amazon.com/dp/B0D6WGWNS8
532,B07YNY69X6,"SHAPERMINT Shapewear for women - High-Waisted Shapewear Tummy Control Shorts, Faja body shaper, underwear for women",SHAPERMINT Store,SHAPERMINT,No especificado,Women,In Stock,25.99,25.99,25.99,4.0,72403.0,11.190016825466444,10000.0,9.210440366976517,True,77.0,True,"ALL-DAY COMFORT & CONTROL: Designed for everyday comfort, this shapewear tummy control shorts smooth your midsection while staying breathable and lightweight. Perfect for layering under formal dresses for women or as waist trainers for women belly fat.SECURE FIT – NO ROLLING ANTI CHAFING SHORTS FOR WOMEN: Stay comfortable with anti-slip silicone strips that keep your tummy control shapewear in place all day. No rolling, no chub rub—just smooth, effortless support. These are must-have under slip shorts for under dresses.FULL WAIST, THIGH & BACK COVERAGE: Feel instantly supported with a design that tucks the tummy, slims the thighs, and smooths the back. Whether you need body shaper tummy control, faja body shaper, or shapewear bodysuits for women, this is the perfect solution for any occasion.SIZING TIP – FIND YOUR PERFECT FIT: Check the size chart for the best fit! If in between sizes, choose a larger size for a relaxed fit or a smaller size for a snug fit. Our tummy control underwear for women is designed to work seamlessly under plus size dresses for curvy women.","Made Just For You We believe every woman deserves to feel beautiful. Our body shaper for women has been designed to let you embrace your curves, fill you with confidence, and finally start loving yourself again. Feel feminine, feel empowered, feel irresistible. Our high waisted body shaper shorts does it all. They're soft as silk, stretchy as can be, made for all shapes and sizes, easy to wash and they tuck your tummy in a comfortable and flawless way. Every one of our shapewear shorts comes with a no-slip silicone strip, crafted to prevent rolling. We work everyday to help you and countless women feel exceptional from the inside out. Your complete happiness and satisfaction is our goal and we won't stop until then! Features & Benefits They're silky soft and stretchy. Made using the finest fabrics. Made to last! They're perfect for any and every occasion + activity! You name it. Tucks away your tummy Lifts your butt naturally and comfortably The perfect body shaper shorts for you! We have sizes for women of all shapes. Easy to wash so you can use them over and over again. 100% Risk-Free Guarantee Made to Last Shapermint products are made ethically and authentically while offering seamless quality and performance. Try our waisted body shaper shorts today, worry-free! Add to your cart, buy now and try them on. Go about your normal everyday activities. Workout, go on a walk, relax at home!","Customers find the undergarment thigh slimmer comfortable and functional. They appreciate its softness, smoothing effect, and ease of use. However, opinions differ on how well it stays in place, shapers, and provides support.",https://www.amazon.com/dp/B07YNY69X6
533,B0B24PVTYC,FENSACE Womens Sundress Summer Floral Short Sleeve Wrap V Neck A-Line Midi Dress,FENSACE Store,No especificado,No especificado,Women,In Stock,33.99,33.99,33.99,4.3,2936.0,7.98514393119862,500.0,6.2166061010848646,True,780.0,True,"Features: wrap v neck, ruffle short sleeve, a line, above knee length, floral dress, midi dress, material is lightweight, flowy, soft.Occasion: Perfect for daily wear, beach, work, date, holiday, wedding party, shopping etc. According to different occasions, match some chic items to create your own fashion look. Wear with tie up sandals for Bohemian style, or with sun straw hat and sunglasses, enjoy your summer vacation. If it's a formal occasion,You can with high heels and delicate jewelry.Midi dress for a flowy silhouette, can perfectly cover your hips, Simple and classy design, it is a necessity for your wardrobe. Cute ruffle sleeve make this dress more attractive, hide your flaws and make your arm line more perfectly.Style: Summer Dresses for Women 2024, Sundresses for Women, Wrap dress for women, Cottagecore Dress, Dress for Wedding Guest, Beach Dresses for Women, Casual Dress.To ensure the satifaction of your order, please check the size provided on the description. Due to monitor settings and monitor pixel definitions, it may be a little color different.",,"Customers find the dress flattering and comfortable. They appreciate its soft, lightweight material that feels good. The length is about knee-length, cinches the midsection well, and flares out at the bottom. Many find it suitable for work and weddings. However, some have differing views on the material quality, color accuracy, and fabric quality.",https://www.amazon.com/dp/B0B24PVTYC
534,B09Z5X9B86,PRETTYGARDEN Women's Summer Casual Boho Dress Floral Print Ruffle Puff Short Sleeve Flowy Midi Beach Party Dresses,PRETTYGARDEN Store,PRETTYGARDEN,No especificado,Women,In Stock,38.392,38.392,47.99,4.0,13695.0,9.524859098381523,200.0,5.303304908059076,True,65.0,True,"SIZE TIPS: S=US 4-6, M=US 8-10,L=US 12-14,XL=US 16-18 Summer Floral Print Dress Is A Woman's Romantic Dream, In Such A Nice Weather, You Should Wear It, The Printing Is Retro And Magnificent, And The Color Is Gorgeous And Elegant, Looks Very Lovely And Beautiful, Soft, Comfortable And Airy For Hot Summer And Humid Days, Just Trust Me, When You Wear This Dress You Will Attracting More AttentionMaterial: Floral Print Midi Dress Is Made Of Very Soft Polyester/ Spandex Blend Fabric, The Fabric Is A Little Thicker Than Other Summer Wear. The Material Is Not Silk But Is Quality Fabric. Super Light Weight And Breathable, Stretches But Maintains Shape, Not See Through, Perfect For Summer And Other SeasonsFeatures: Women's Summer Dress, Floral Print, Bohemian Style, Midi Length, Vintage, Cute Puff Short Sleeve, Flowy Swing Hem, Crew Neck, Loose Fit, Vintage And Elegant Look, Ruffle Hemline, High Waist Perfectly Shows Your Good Body Figure, Polka Dot Printed, Flare A-Line Mini Dresses, Your Best Choice For Hot SummerHighlight: Bohemian Floral Print Dress Is Always Stylish And Classic, The High-Waisted A-Line Version Can Better Show Your Perfect Figure, The Round Neck Design Shows Your Slim Neckline, Retro Puff Sleeves French Style, Different Dresses Make You Feel Different Ways, This One Made You Feel Really Cute, Sweet, PlayfulOccasion: This Dress Can Satisfy You Dating With Your Boyfriend, Take Perfect Photos While On Vacation. When You Walk Along The Beach With Sunglasses And A Fashionable Hat, You Are The Most Attractive Beauty On This Place. This Dress Is Also Suitable For Daily Work Commuting",,"Customers find the dress flattering with its high waist and midi length. They appreciate the comfortable fabric with elastic arm bands. The material quality is good, not cheap, and the weight is lightweight. Some customers like the versatility of the dress, but others are disappointed with the thickness. Opinions differ on the fit and value for money.",https://www.amazon.com/dp/B09Z5X9B86
535,B0DFBDPKV8,Dokotoo Women's Summer Dresses 2025 Beach Casual Deep V Neck Loose Sundress Ruffle Sleeve Mini Dress,Dokotoo Store,No especificado,No especificado,Women,In Stock,19.99,19.99,19.99,4.1,201.0,5.308267697401205,400.0,5.993961427306569,True,713.0,True,"Material: This womens dresses is made of soft material, stretchy and lightweight material. It is lightweight and can be easily dress up or dress down.Features: Women short dresses features in v neck ,ruffle short sleeve , spring summer casual dresses ,this gorgeous dress featuring an elegant ruffle design that is both flattering and cute.Occasion: This cute dress is perfect for leisure, work, home, office, party, vacation, picnic, shopping, travel, school, daily. Good for spring, summer and fall wear.Match: You can pair with it. With its basic solid color and elegant simplicity, it never goes out of style. Basic dress could also pair well with plain or luxury accesories as a highlight of your outfit.Washing instruction:Machine washable, wash in cold water, hang or line dry and do not bleach. Please refer to the size chart before ordering. Any other questions, please tell us freely.",,"Customers appreciate the dress's flattering cut, perfect fit, and comfortable material. They find it lightweight and not too clingy. However, some customers dislike the material thickness.",https://www.amazon.com/dp/B0DFBDPKV8
536,B0BZ76N2MX,PRETTYGARDEN Women's Summer Wrap Maxi Dress Casual Boho Floral V Neck Short Sleeve Ruffle Hem Split Beach Long Dresses,PRETTYGARDEN Store,No especificado,No especificado,Women,In Stock,47.99,47.99,47.99,4.1,15206.0,9.629511127140459,500.0,6.2166061010848646,True,932.0,True,"XS=US 2, S=US 4-6, M=US 8-10, L=US 12-14, XL=US 16-18, XXL=US 20-22. Material: This Long Maxi Dress Is Made Of Ployester And Spandex Fabric, Which Is Soft, Comfy And Light Weight, But Not See Through, Flowy, Comfortable To Wear In SummerFeatures: Maxi Dress For Women Features Sexy Wrap V Neck, Short Sleeve, Relaxed Fit, High Waist, Allover Floral, Polk Dot Print, Full Length Long Maxi Dress , Asymmetric Ruffle Trim At The Bottom, High Split At One Side, Wrap Belt At The WaistStyle: Floral Maxi Dress, Boho Maxi Dress, Summer Maxi Dress, Maternity Maxi Dress, Split Maxi Dress, V Neck Maxi Dress, Beach Maxi Dress, Ladies Maxi Dress, Ruffle Maxi Dress, Flowy Maxi Dress, Maxi Dress With Sleeves, Bohemian Maxi DressMatches:Style The Floral Maxi Dress With Heels Or Sandals For A Fantastic Look In Summer, You'Ll Love. You Can Also Dress It With Short Denim Jacket Or Cardigan, Pairing With Boots In Fall And SpringOccasions: Maxi Dresses For Beach Vacation, Casual Outdoor, Work, Office, Party, Club, Cocktail, Evening, Shopping, Wedding, Vacation, Beach, Daily Life, Wedding Guest, Maternity, Perfect For Spring And Summer Wearing. Vintage Maxi Dress Which Makes You Look Charming And Attractive In All The Right Places",,"Customers find the dress flattering and comfortable. They appreciate the pretty print, good fit, and flowy fabric. The length is perfect for their height. While some like the material weight and wrap style, others have differing opinions on the material quality, thickness, and value for money.",https://www.amazon.com/dp/B0BZ76N2MX
537,B0CP5M161C,ANRABESS Womens Boho Maxi Dresses 2025 Summer V Neck Puff Sleeve Floral Flowy Swing Casual Long Dress,ANRABESS Store,No especificado,No especificado,Women,In Stock,28.7928,28.7928,39.99,4.2,782.0,6.663132695990803,300.0,5.707110264748875,True,28.0,True,"Size:S=US(4-6), M=US(8-10), L=US(12-14), XL=US(16-18), XXL=US(20-22),see details in the descriptionFeatures: Maxi Dresses,Bohemian floral printed, lantern puff sleeve, flowy ruffle, a line, drawstring v neck, empire Waist,tiered swing dress, casual elegant, relaxed FitStyle: Long boho dress with timeless and dainty printed easy to match with earrings,high Heel, sandals for your laid-back and stunning lookOccasion: Trendy elegant dresses, versatile for Daily Wearing, Dating, Beach, Party, Going Out,Vacation, Cocktail, Prom, Wedding Guest,Homecoming, Work, BirthdayCare: Hand wash cold. Hang or lay flat to dry, do not bleach or iron",,"Customers find the dress flattering with its bright colors and design. They appreciate the comfortable fit, long length, and flowy style. Many find it cool for summer and the perfect length. The lightweight fabric is a positive aspect for them, as it's not see-through. While some customers are satisfied with the flow and washability, others have mixed opinions on the fabric quality and size.",https://www.amazon.com/dp/B0CP5M161C
538,B0CRB1NJ46,QINSEN Womens Square Neck Tennis Dress Short Sleeve Built in Shorts Golf Athletic Dress with Pockets,QINSEN Store,No especificado,No especificado,Women,In Stock,36.99,36.99,36.99,4.3,906.0,6.810142450115136,1000.0,6.90875477931522,True,1.0,True,"Fabric:Premium athletic mateial,super cozy soft and stretch, nylon fabric (75% polyamide, 25% Elastane),Lining:86%polyamide14%Elastane Full lined with built shorts,no braFeature:Fashion-forward and beyond functional, the athletic dress is made of super soft, stretchy Alosoft with short sleeve, a squareneckline, a snug fit through the waist, side slit and a mini-length A-line skirt. Bonus points for shorts. Just add a racquet and sneakers (for on the court) or sandals and a mini bag (for off the court).2 In 1 Tennis Dress:Workout dress with built-in mesh shorts & but no bra for a total coverage and ease of movement, you can reach to return every serve without anything holding you back. Plus, two side pockets are added in undershorts are great for keeping your essentials within reach.A Flattering A-Shape: Fashion meets functionality with this gorgeous tennis dress. a bust flattering square neckline and angled shoulders Complete with a flirtatious mini skirt with narrow split that lengthens the legs this dress with shorts underneath flares into a flattering A-shape, while smoothing the trouble areas. In this QINSEN exercise dress, you've got all the style and confidence to crush the competition.OCCASION:Comfortable Wearing Experience,QINSEN Butter soft farbic tennis dress with shorts are perfect for tennins, golf, hiking, running, workout and any other of your favorite sports & daily wear.",,"Customers find the dress flattering and comfortable. They appreciate the soft, stretchy material and vibrant color. The cut is versatile and can be dressed up or worn casually. The pockets and material thickness are also praised. However, opinions differ on how well it fits.",https://www.amazon.com/dp/B0CRB1NJ46
539,B0CPHKY9MT,PRETTYGARDEN Womens Summer Jumpsuits Dressy Casual One Piece Outfits Sleeveless Mock Neck Wide Leg Pants Rompers with Pockets,PRETTYGARDEN Store,No especificado,PR616,Women,In Stock,39.995,39.995,41.99,4.2,3332.0,8.11162807830774,2000.0,7.601402334583733,True,563.0,True,"TIPS: S=US 4-6, M=US 8-10, L=US 12-14, XL=US 16-18, XXL=US 20. Jumpsuits For Women Dressy Crafted From Ribbed Knit Material, Ultra Soft And Stretchy. Please Note That The Romper May Be A Little Long, You Can Choose The Appropriate Size According To The Size ChartFEATURES: One Piece Jumpsuits For Women/ Summer Clothes For Women/ Sleeveless Womens Rompers/ Wide Leg Jumpsuit With Pockets/ Mock Neck Jumpsuits For Women Casual/ Pants Rompers For Women Summer/ Rompers For Women Dressy With Zipper/ Teacher Outfits For WomenDETAILS: Womens Jumpsuits Casual Designed With Elegant Mock Neck, Unique Waist Side Ruched, Convenient Side Pockets And Back Zipper Closure. Wide Leg Jumpsuits For Women Have The Visual Effect Of Elongating Your Legs And Giving You A Sleek And Chic LookCOLORS OPTIONS: Dusty Pink Womens Jumpsuits Dressy, Blue Womens Rompers For Summer, Black Casual Jumpsuits For Women, Green Stretchy Jumpsuits For Women, Navy Rompers For Women Long Pant, Camel One Piece Romper, Wine Red Womens Summer Outfits, Brick Red Sleeveless Jumpsuits For WomenONE PIECE OUTFITS FOR WOMEN! Jumpsuits For Women Elegant Is An Ideal Choice For Various Occasions Ranging From Casual Gatherings To Semi-Formal Events. Womens Rompers And Jumpsuits Are Perfect To Pair With High Heels, Flats Or Sneakers Due To Its Adaptable Design",,"Customers appreciate the flattering and comfortable one-piece outfit. They find the material quality good, the cut and style great, and the stretchiness versatile. Many of them feel good about their bodies after wearing it. However, some have mixed opinions on the fit and zipper difficulty.",https://www.amazon.com/dp/B0CPHKY9MT
540,B0BNBBNR98,CUPSHE Women's Mini Dresses Casual Spring V Neck Chiffon Long Peasant Sleeves Flowy Summer Dress,CUPSHE Store,No especificado,CAA05A2E106UU,Women,In Stock,44.99,44.99,44.99,4.0,2789.0,7.933796874815411,300.0,5.707110264748875,True,30.0,True,"Unique Design: Embrace casual chic in our floral printed long sleeves dress, featuring for chiffon fabric, v neck, elastic waist to fit, floral print design bring the sense of mystery and surprise,creating a fashion statement as playful as a summer breezeDetails: A-line short dress wedding guest dress for women is perfect for spring and summer day 2025, which is made of 100% polyester, soft and comfortable, flowy styleOccasion:This mini dress is Perfect for graduation, wedding, beach vacation, party, dinner dating, shopping, casual, cocktail party, birthday party, ceremony, work, park, coffee, christmas, club and so on. It Can Also Be Worn In Spring And Summer with a thin coat for Daily WearPerfect Sizing: Available in XS=US(0-2), S=US(4-6), M=US(8-10), L=US(12-14), XL=US(16), XXL=US(18). Please refer to our size chart for specific measurements to achieve the perfect fit.Model Wearing Size S: Height: 5'8'' in / 173 cm,Bust: 30.7 in / 78 cm,Waist: 23.6 in / 60 cm Hips: 33.1 in / 84 cmGarment Care: Regular Wash. Recommend with Cold Water. Do not Use Bleach. Do not Tumble Dry",,"Customers find the dress flattering and comfortable. They appreciate its lightweight fabric, which is great for traveling. Some customers like the fit and value for money. However, some find the material quality cheap and thin, mentioning it feels like cheap polyester. There are mixed opinions on the fit and snap closure.",https://www.amazon.com/dp/B0BNBBNR98
541,B0C72M9R32,Dokotoo Women's Wrap V Neck Short Flared Sleeve Wedding Guest Dress Smocked Elastic Waist Tiered Belted Ruffle Hem Mini Dress,Dokotoo Store,No especificado,WGMW6115599-P,Women,In Stock,46.38,46.38,46.38,4.0,936.0,6.842683282238422,400.0,5.993961427306569,True,23.0,True,"This dress features a cross v neckline,stretchy elastic high waist,smocked back,flared short sleeves,belt,tiered dress, mini dress, flowy and swing a-line style.The smocked design ensures a flattering fit that hugs your curves in all the right places, making it suitable for all body shapesMini Dress For Women 2025/Short Flared Sleeve Dresses/Ruffled Hem A-Line Dress/High Waist Flowy Dress/Wrap V Neck Solid Dress/Tiered Flowy Dress For Women/Swing Dress With Belt/Summer Dress For Women/Fit And Flare Dress For Women/Lightweight Chiffon Dress/Beach Dress For WomenDokotoo Women's Wrap V Neck Mini Dress 2025 Short Flared Sleeve Smocked Elastic Waist Tiered Belted Ruffle Hem Party Short DressesThis dress is an essential piece for hot summer days which is suitable for casual, daily, vacations, beach, wedding, date night, graduation, homecoming, church, banquet, baby shower, postpartum or pregnancy wear, office, family gathering, photo shoot, and other special events. Simply style the dress with necklaces, earrings, hats, sandals, heels or boots, and a matching clutch, along with a red lipstick for a pop of color, you will look effortlessly put-together and stylish",,"Customers find the dress flattering and comfortable. They appreciate the flowy, flowy style and the perfect length. Many find it soft and hugging their curves in all the right places. The color is accurate and lightweight, though opinions differ on the fabric quality and value for money.",https://www.amazon.com/dp/B0C72M9R32
542,B09ZL695FM,ZESICA Women's 2025 Summer Casual Flutter Short Sleeve Crew Neck Smocked Elastic Waist Tiered Midi Dress,ZESICA Store,No especificado,No especificado,Women,In Stock,45.99,45.99,45.99,4.2,9749.0,9.185022563991893,300.0,5.707110264748875,True,867.0,True,"Size Guide: Small/US 4-6, Medium/US 8-10, Large/US 12-14, X-Large/US 16-18. Suggest to iron in low before wearing! Tips: Apricot/White/Light Purple/Light Yellow/Rose Pink/Mint, these colors are lined, the others are unlined.This bold and breezy midi dress has a flattering elastic shirred top, features a crew neck, solid color, high waist, short cap sleeves, edged with playful frills at shoulder, back keyhole closure and a flowy tiered midi skirt, adds more femininity. If you have a large bust, you can go one size up!It's classy, cute and you'll love it. The smocked dress is everything sweet and everything you need! Either the flutter sleeves, the ruched bodice or the popping colours will be talked about non-stop, can also be worn as a maternity dress.This hot days essential cottagecore dress is perfect for casual, daily, vacation, beach, holiday, wedding, office, family gathering, etc. Just style this with necklace, earrings, heels, wedges, matching clutch and a red lippy.Washing Instructions: Hand/Machine washable with cold water recommended, do not bleach, iron in low, hang or line to dry.",,"Customers find the dress flattering and comfortable. They appreciate the color, fit, and lightweight material. The pockets and stretchiness are also appreciated. However, some customers have issues with wrinkle resistance and have mixed opinions on the material quality.",https://www.amazon.com/dp/B09ZL695FM
543,B0CN6BCP5S,Memoriesea Women's Vintage Church Ruffle Sleeve Ruched Bodycon Work Midi Pencil Dress,Memoriesea Store,No especificado,ME051,Women,In Stock,35.991,35.991,39.99,4.4,1345.0,7.204892510204673,700.0,6.55250788703459,True,1.0,True,"Material:90%polyster+10%spandex,the vintage church dresses is soft touching,stretchy,very comfortable.Design:short ruffle sleeve,ruched bodycon midi dress,ruffle on the left cover the line of body to look slimmer.Occasion:church,work,business,graduation,formal,party,date,cocktail,shopping,street,holiday,wedding,vacation,school,home,daily wear.US Size:S=USA 4-6;M=8-10;L=12-14;XL=16-18;XXL=20-22.Please check it before you buy!Washing Tips: Hand Wash/ Machine Wash in low temperature water, hang to dry.",,"Customers appreciate the dress' style, fit, and quality of material. They find it beautiful, comfortable, and flattering, hugging the body in all the right places. The fabric is thick and breathable, not thin or cheap-looking. Many are pleased with the stretchiness and value for money. However, some customers have mixed opinions on the color accuracy.",https://www.amazon.com/dp/B0CN6BCP5S
544,B0C1GS1NWD,Dokotoo Womens Dresses 2025 Spring Summer Deep V Neck Elegant Bow tie Mini Dress S-XL,Dokotoo Store,No especificado,DA5W6115290-P,Women,In Stock,36.995,36.995,38.99,4.3,2977.0,7.999007213243955,500.0,6.2166061010848646,True,33.0,True,"Flirty and Feminine: Elevate your summer style with this gorgeous dress featuring an elegant ruffle design that is both flattering and cuteElegant and Timeless: Add some sophistication to your wardrobe with this Deep V Neck Mini Dress, complete with an elegant bow tie, cute flower embellished short sleevesLightweight and Comfortable: Made with soft and lightweight material, this dress is perfect for those hot and humid summer days. You'll love the loose fit that allows for plenty of airflow, keeping you comfy and coolSize: S=US 4-6,M=US 8-10,L=US 12-14,XL=US 16-18. Check more info of this Casual Dress in Size Chart and Product Description. Please choose carefully according to your size.Perfect for All Occasions: Whether you're dressing up for a party or going on a casual beach vacation, this dress is the perfect choice. With its classy and timeless design, you'll look and feel incredible no matter where life takes you.",,"Customers find the dress flattering and comfortable. They appreciate its beautiful color, perfect fit, and lightweight fabric that hugs the body in the right places. The flowy style is also appreciated. However, some customers have differing opinions on the material quality.",https://www.amazon.com/dp/B0C1GS1NWD
545,B0D6YJYBZC,Nmoder Casual Dresses for Women Semi Formal Fit and Flare Dresses 3/4 Sleeve A-line Church Work Dresses with Pockets,Nmoder Store,No especificado,No especificado,Women,In Stock,39.99,39.99,39.99,4.1,258.0,5.556828061699537,500.0,6.2166061010848646,True,25.0,True,"【COMFORTABLE MATERIALS】 Made of 92% polyester and 8% spandex. The church dresses for women is designed to provide a sense of fitted, airy comfort. High quality stretchy fabric with a nice drapey effect, not easy to wrinkle.【ELEGANT AND STYLISH DESIGN】 This vintage fit and flare cocktail dress for women features with v-neck, 3/4 sleeve, midi length and high waist design, enhancing your figure and instilling confidence and allure.【FIT AND FLARE DRESS】This is an elegant and classic dress can hide belly fat and optimizes waistline and body proportion, adding a touch of glamour and comfort elements. Pockets on both sides for carry your small things.【FOR ANY OCCASIONS】The midi dresses for women is a versatile addition to your wardrobe, suitable for various occasions such as wedding guest, cocktail party, funeral, church, wear to work, and semi-formal or casual occasions.The women dresses can be dressed up with high heels or dressed down with pumps.【You Need To Know】The womens work dresses need to wash in cold water and do not bleach or soak for a long time.",,"Customers appreciate the dress's fit, quality, and color. They find it comfortable, stylish, and versatile. Many like the pockets and wrinkle resistance. However, some find the material too thin and similar to a workout shirt. Opinions vary on how flattering the dress is.",https://www.amazon.com/dp/B0D6YJYBZC
546,B0BZP7BQZV,BORIFLORS Women's Sexy Ruched Bodycon Mini Dress Mesh Long Sleeve Club Party Short Dresses,BORIFLORS Store,No especificado,BF620,Women,In Stock,28.792,28.792,35.99,4.4,1637.0,7.401231264413015,1000.0,6.90875477931522,True,9.0,True,"Fabrics: The sexy bodycon dresses is very soft, mesh sheer, high stretchy, breathable, lightDesign: The party mini dress feature square neck design, mesh sheer back and sleeves, slim fitting, back zipper, ruched body con dress. The semi formal dresses is perfect for women and teen girlsOccasion: The cute short dresses is suitable for going out, club, party, date night ,neon night out, clubwear, graduation, cocktail,evening, homecoming, dinner, beach, birthday, wedding, home, BBQ, shopping, halloween, vacationSize: S:4-6, M:8-10, L:12-14, XL:16-18, The club dresses can be wear as graduation dress, hoco dress, maternity dressCare:Machine Wash and Hand Washing",,"Customers find the dress fits well and flatters them. They appreciate the nice material quality, softness, and stretchiness. Many find it easy to wear and feel sexy in it. The material is not rough or scratchy, and it's versatile. However, some customers are disappointed with the thickness of the material.",https://www.amazon.com/dp/B0BZP7BQZV
547,B0CD53B24J,Nmoder Women's Casual Wrap Flared Midi Dress Wedding Guest Cocktail Tea Dresses A-Line Swing V-Neck 3/4 Sleeve,Nmoder Store,No especificado,No especificado,Women,In Stock,36.998,36.998,39.99,4.2,2072.0,7.636752112435779,300.0,5.707110264748875,True,121.0,True,"【MULTIPLE SIZES & COLORS】The elegant V-neckline wrap dress has multiple colors and sizes from M-3XL for you to choose, every dress with different colors or patterns. Ladies in any sizes could choose a right one.【COMFORTABLE MATERIALS】The 3/4 sleeve dress for women is made of 95% polyester and 5% spandex. Soft and stretchy fabric make you feel comfortable in all days and also friendly to pregnant women. 3/4 sleeve design is wearable in four seasons.【Highlight S-Shaped Body】The V neck of fit and flare dress for women makes you look sexy. High waistband perfect to trim your waist and show your S-shaped body. Side pocket designs for carrying small items but without influencing the beauty.【OCCASIONS & MATCH】The stylish aline dress for women is perfect to wear with pumps for semi formal occasions like wedding, cocktail, banquet or with more ornate jewelry and accessories for casual occasions like dating, dinner, party etcs.【WHAT YOU GET】If you have any questions when purchasing the semi-formal slimming dresses for curvy women, Please contact us and we will respond within 24 hours.",,"Customers appreciate the dress's fit, color, and comfort. They find it true to size, with a flattering cut that makes them feel confident. The fabric is soft and stretchy, with pockets that lay flat nicely. Many are satisfied with the fabric weight, stretchiness, and value for money. However, some customers have mixed opinions on the material quality.",https://www.amazon.com/dp/B0CD53B24J
548,B0BNHL4VSC,MEROKEETY Women's 2025 Summer Puff Sleeve Smocked Floral Dress Crewneck Lace Flowy Tiered Midi Dresses,MEROKEETY Store,No especificado,Smocked Floral Dress,Women,In Stock,48.99,48.99,48.99,4.2,2966.0,7.995306620290822,100.0,4.61512051684126,True,40.0,True,"US SIZE, Small=(US 4-6), Medium=(US 8-10), Large=(US 12-14), X-Large=(US 16-18). This flower dress is made soft fabric to provide you with comfortable wearing experience. It is breathable and comfortable, with good drape, and the lining will not penetrate.Feature: Crewneck, floral textured chiffon fabric, solid color, semi-sheer short puff sleeve, smocked shirred bodice, flowy tiered, elastic high waist, back button keyhole closure, swing a-line style long dress, with lining.Floral texture chiffon fabric and short bubble sleeves add romantic and sweet flavor, making you look elegant and eye-catching. The high waist detail design fully shows the charming waist line. You can match it with your shiny earrings, necklaces and high-heeled shoes to show your femininity.Occasions: The summer elegant dress is perfer for casual, daily, beach, holiday, wedding guest, family gathering, outdoor, travel, homecoming, party, shopping, dinner date and other events. You will love this midi maxi dress.Washing Instruction: Machine wash with a laundry bag, hand washes cold, and do not bleach.",,"Customers find the dress flattering and comfortable. They appreciate its nice color, fit, and material quality. Many mention it's a nice alternative to a plain black dress and feels high-quality. The length goes down to their mid-shin, and they feel like a princess in it. Customers also like the color accuracy, fabric weight, and fabric quality. However, opinions differ on whether it's a good value for money.",https://www.amazon.com/dp/B0BNHL4VSC
549,B09LH6CFNH,CHICGAL Summer Dresses for Women Beach Cover Ups Strapless Boho Floral Print Sundress,CHICGAL Store,No especificado,No especificado,Women,In Stock,14.7924,14.7924,19.5,4.2,11949.0,9.388486557359657,1000.0,6.90875477931522,True,20.0,True,"Feature: Womens dresses casual summer featuring tube tops, boho floral printing, sundress for swimsuit coverups, sleeveless, backless, cold shoulder, elasticated breast, knee length, a line, high waist, swing hem, vintage boho styles beach outfit clothingMaterial: Womens Beach Dresses, Sun dresses with sexy backless are made from super soft and stretchy fabric, lightweight and breathable; No fading or pilling, easy to wash and quick to dry; The must have summer boho plus size dresses for women for hot weatherStyle: Colorful Summer Dresses for Women, from popular plentiful color women's casual dresses, floral sunflower dress, classic bohemian dresses for women, to the chic fashion tropical dress, easily pick up the loose short dresses you likeFit Occasions: Simple design makes the knee length dress great for beach, vocation, Home, office, party, school, casual daily, evening, country, cocktail, photoshoot, formal outfit, wedding, various colors for housewife, juniors, teen girls and so onSize: Casual Dresses for Women going out accessories, sizes range of S-3XL, please refer to the size chart in product description below before ordering , Whether you're petite, plus size, or somewhere in between, you'll find perfectly fitting elastic bandeaus dress",,"Customers find the dress flattering and comfortable. They describe it as a simple tube dress to wear for a casual day. The fit is nice, with the stretchy top being just tight enough that they don't need to wear a bra. Many appreciate the lightweight material, making it easy to pack for traveling. Customers also like its beach use, dress size, and value for money. However, some customers have differing views on the material quality.",https://www.amazon.com/dp/B09LH6CFNH
550,B0CRKRXPB6,BTFBM Women's Ruched Bodycon Dress Summer Casual Sleeveless Back Slit Elegant Club Evening Party Cocktail Maxi Dresses,BTFBM Store,No especificado,No especificado,Women,In Stock,44.99,44.99,44.99,4.2,916.0,6.821107472256465,1000.0,6.90875477931522,True,11.0,True,"FEATURES: S=US 4-6, M=US 8-10, L=US 12-14, XL=US 16 / Bodycon Dresses For Women / Maxi Dress / Thin Breathable Material / High Neck / Sleeveless / Back Slit / Ruched Detailing On Shoulder And Side / Stretchy / Pull On ClosureMATERIAL: Crafted From Soft And Breathable Material, This Long Dresses Ensures a Great Wearing Comfort, While The Plenty Of Stretch Makes This Dress Easily To Be Put On Or Taken OffHIGHLIGHT: Design To Flatter You Figure, This Bodycon Dress Perfectly Hugs Your Body, Showing Off Your Charming Curve. The Ruched Detailing Enriches The Layering Of The Dress, While The Back Slit Design Creates a Looming Feeling, Adding More Elegant SenseVERSATILE: Dress It Up With Delicate Accessories And High Heels, This Ruched Dresses For Women Can Be Wore As Party Dress, Cocktail Dress, Club Dress, Wedding Guest Dress, Formal Dresses For Women Evening Party Or Birthday DressCOLOR: Black Semi Formal Dresses For Women, Beige Women Dresses For Special Occasions, Pink Valentine Dress For Women, Wine Red Date Night Dresses For Women, Orange Red Homecoming Dresses, Army Green Slit Dress",,"Customers appreciate the dress's flattering fit, comfort, and versatility. They find it has a classic cut that will never go out of style. The material is soft, stretchy, and feels like butter. Many customers say it's versatile and can be worn casually or dressed up. They also like the stretchiness, material thickness, and color. However, some customers have differing opinions on the material quality.",https://www.amazon.com/dp/B0CRKRXPB6
551,B08TBG1BPD,Women's Casual T Shirt Dress Summer Short Sleeve Swing Dresses with Pockets,lionstill Store,No especificado,No especificado,Women,In Stock,19.99,19.99,19.99,4.3,1163.0,7.059617628291383,400.0,5.993961427306569,True,10.0,True,"Standard American sizes :S(US 4-6), M(US 8-10), L(US 12-14), XL(US 16-18), XXL(US 20-22), 3XL(US 24-26). This women's casual loose dress is available in a variety of solid and printed colors, if you are thin, then it is recommended that you choose a smaller size.Soft material: Casual printed dresses are made of lightweight, soft rayon fibers that are skin friendly and comfortable to wear. The summer dress with pockets is reasonably priced and the fabric is very stretchy, which makes it light enough for hot weather, but don't need to worry about it flying or getting stuck somewhere.Features: V-neck T-shirt dress, short sleeve knee-length, swing dress, loose and comfortable, covers large hips and comes with pockets. It's not too baggy, so you don't have to wear tights if you don't want to.All-match style: This women's spring summer Tshirt dress is perfect for pairing with jewelry, sandals, heels, flip flops or even sneakers. Flowy dress can look charming when paired with a belt or a pair of boots, also you can easily pair it with shawl accessories.Occasions: Our loose tee dresses are perfect for various occasions such as parties, shooping, beach walks and even office work. The simple basic dress design is also comfortable to wear at home or go to sleeping.",,"Customers find the dress comfortable and easy to wear. They appreciate the pretty colors and pockets that are deeper than most dresses. The lightweight fabric is perfect for Southern California weather and easily packs for travel. Customers also like the washability, warmth, and wrinkle resistance. However, some customers have differing opinions on the fabric quality.",https://www.amazon.com/dp/B08TBG1BPD
552,B09QM9P487,ANRABESS Women's Summer Loose Boho Flowy Wrap V Neck 3/4 Sleeve Floral Print Slit Beach Wedding Guest Long Maxi Dresses,ANRABESS Store,No especificado,A487,Women,In Stock,49.99,49.99,49.99,4.0,5168.0,8.550434525196039,800.0,6.68586094706836,True,40.0,True,"Size:S=US(4-6), M=US(8-10), L=US(12-14), XL=US(16-18), XXL=US(20-22)Lined - lined length to mid thigh. The dress length to floor. All colors have lined,not see through.Features - this kimono maxi dress features wrap v neck top,3/4 oversized sleeves,elastic waist with a belt,high slit to lined,maxi length,loose fit,floral printed.Occasion - this boho dress perfect for party,travel ,beach,vacation,daily and so on. Bump and nursing friendly .Wash care - hand wash recommended. hang to dry.",,"Customers find the dress flattering with its vibrant colors and beautiful fabric. They find it comfortable, lightweight, and breathable, making it perfect for hot days. The flowy style is also appreciated by customers. While some are satisfied with the value for money and material weight, others have mixed opinions on the fit, material quality, and fabric quality.",https://www.amazon.com/dp/B09QM9P487
553,B0D8KSM11G,Dokotoo Womens Dresses 2025 Boho Floral V Neck Long Sleeve Smocked Elastic Waist Casual A-Line Swing Mini Dress Sundress,Dokotoo Store,No especificado,WGLW6121330-P,Women,In Stock,39.88,39.88,39.88,4.3,219.0,5.393627546352362,600.0,6.398594934535208,True,56.0,True,"Feature: Dokotoo spring dresses for women 2025 comes with Long Sleeve, V Neck, Bohemian Floral Print, Smocked Elastic Waist, High Waist, A-Line, Boho Dress, Babydoll Dress, Short Dress, Sun Dresses, Sundresses for Women, Swing Flared, Mini Knee Length, Casual elegant dress for women fits for any body shape.The smocked elastic waist design offers a comfortable and customized fit that hugs your body in all the right places, accentuating your curves beautifully. It provides a flattering and figure-enhancing silhouette, ensuring both comfort and confidence.Long sleeve womens dresses length is good as well, not too long or too short. It use the A-Line version, can show your curves and hid tummy pretty well. Get ready for a charming and playful look with this women's a-line swing short dress.Size: S=US 4-6,M=US 8-10,L=US 12-14,XL=US 16-18. Check more info of this Floral Dress in Size Chart and Product Description. Please choose carefully according to your size. Dokotoo long sleeve dress for women is made with high-quality fabric, comfortable, breathable, lightweight, soft, friendly to skin.Occasion: Smocked cute dresses is perfect choice for casual daily, school, party, vacation, holiday, resort wear, cruise outfits, beach, office, work, home, date, shopping, wedding, birthday, anniversary, dinner, photos, bridal shower,family pictures and any other occasions.",,"Customers appreciate the dress's style, fit, and fabric quality. They find it pretty, comfortable, and versatile for summer or fall wear. The lightweight material is also appreciated. However, some customers are disappointed with the color.",https://www.amazon.com/dp/B0D8KSM11G
554,B0DLGRS1BJ,Zeagoo Women Summer Short Sleeve Midi Dress with Pockets Casual Aline Flowy Tshirt Dress Floral Vocation Beach Sundress,Zeagoo Store,No especificado,No especificado,Women,Other,32.99,32.99,32.99,4.3,85.0,4.454347296253507,50.0,3.9318256327243257,True,101.0,True,"【Material】: short sleeve summer dress made of soft, breathable, lightweight and stretchy fabric,comfortable to wear,fit for spirng,summer,fall【Trendy 】sundresses for women casual beach/beach dresses for women/hawaiian dresses/floral midi dresses/boho dress/shirt dress/ loose t shirt dress/tropical dresses /short sleeve dress/modest dresses/flowy dress/petite summer dresses/lounge dress /floral sundresses/aline dress【Feature】: midi dress with solid color and various floral print,crewneck tshirt dress,short petal sleeve dress,flowy tshirt dress,aline swing dress,casual loose shift dress with 2 side pockets,modest dess with elastic waist,knee-length dress,easily dress up or down【Match】:beach sundress pair it with sandals /sneakers for a casual look or dress it up with heels and statement jewelry.fit for daily, casual, relaxed wear, work, shopping, office,school,church, vacation, beach,travel, dates and party【Garment】: machine wash. note: floral print is random, the distribution of clothing patterns may be slightly different from the picture, but the overall floral print is same to the picture",,"Customers find the dress comfortable and flattering. They appreciate the nice length, soft fabric that drapes nicely, and nice weight. However, some customers have differing views on the fabric quality.",https://www.amazon.com/dp/B0DLGRS1BJ
555,B0DD72RFZ8,Memoriesea Women's Elegant Casual Short Sleeve Work Party A-Line Dress with Pockets,Memoriesea Store,No especificado,ME042,Women,In Stock,42.99,42.99,42.99,4.3,795.0,6.679599185844383,100.0,4.61512051684126,True,27.0,True,"Material:This dress is made of quality fabric 90%Polyester+10%Spandex,soft,stretchy and comfortable.Feature:The dress is beautiful and elegant.Short sleeve,necktie ,side pockets,pleated skirt,fit and flare style,with pockets.The pretty necktie starts off this fit and flare style dress that invites joy and optimism.Occasion:Great for everyday look,going out,weekend,cocktail party,birthdays,dinner,prom,business office work,church,wedding guest,teaching clothes,mother's day gift.US Size:S=USA 4-6;M=8-10;L=12-14;XL=16-18;XXL=18-20. Please check it before you buy!Match:This dress with strappy heels,gold hoops,and a clutch for a sexy and elegant look that's perfect for wedding guests and other formal events.",,"Customers appreciate the dress's elegant and classy design that can be worn for any occasion. They find it has a perfect fit, true to size, and a good length. The material is of great quality, durable, and substantial. Many customers find the fabric soft, stretchy, and comfortable to wear. While some are satisfied with the pockets, stretchiness, and value for money, others have different opinions on the thickness.",https://www.amazon.com/dp/B0DD72RFZ8
556,B0DK6Y5MCN,PRETTYGARDEN Womens Summer Casual V Neck Boho Maxi Dress Flowy Aline Bell Sleeve Tiered Floral Dresses with Pocket,PRETTYGARDEN Store,No especificado,No especificado,Women,Pre-order,44.99,44.99,44.99,4.3,77.0,4.356708826689592,400.0,5.993961427306569,True,22.0,True,"SIZE TIPS:S=US 4-6,M=US 8-10,L=US 12-14,XL=US 16-18,XXL=US 20.Crafted From The Soft Materials And with Attention to Every Detail,Experience The Perfect Blend of Comfort And Style with This Aline Boho Dress for WomenTRENDY STYLE:V-Neck Dress Design Can Show Elegant Neck Line,While The Aline Cut Ensures A Flattering Fit for Many Body Types.Whether You're Wearing It to Work or for A Party,This Short Sleeve Floral Dress for Women Offer Versatility and ComfortDESIGN FEATURES:Short Sleeve Maxi Dress for Women;Floral Dress for Women;Boho Dress for Women;Flowy Dresses for Women;Womens Bell Sleeve Dress;A Line Dresses for Women;Tiered V-Neck Dress for Women;Party Dresses for Women;Pleated Dress for WomenDETAILS:Flared Sleeves And A Loose Tiered Bottom Make This Flowy Boho Dress for Women Look Uncluttered.A Button-Down Chest Keeps You From Showing Off,with Pockets,This Women's Summer Maxi Dress Is Both Practical and Stylish,Ideal for Many OccasionsCASUAL FLORAL BOHO DRESS:Embrace The Elegance of Long Dresses for Women with Our Bell Sleeve Dress,Which Ideal for Party Dresses,Holiday Outfits,Vacation Clothes,Travel Dress,Dating Dress or Work Office Dresses",,"Customers find the dress fits true to size and has a flattering length. They appreciate the comfortable elastic waistband and pockets. However, some customers dislike the wrinkle resistance and have mixed opinions on the overall quality.",https://www.amazon.com/dp/B0DK6Y5MCN
557,B0DKSDPKZF,Dokotoo Womens Dresses 2025 Summer Spring V Neck Short Sleeve Casual A Line Flowy Swing Shift Dress Mini Dress,Dokotoo Store,No especificado,WGCW6122607-P,Women,In Stock,35.98,35.98,35.98,4.6,32.0,3.4965075614664802,200.0,5.303304908059076,True,41.0,True,"Fabric: This womens dresses item is made of 65% Polyester, 30% Viscose, and 5% Elastane, creating a soft, breathable, and stretchable fabric perfect for warmer seasons.Design: The mini dress features a V-neck, short sleeves, ruffled edges, and a solid color design. The layered detail adds an extra touch of sophistication and style.Fit: The summer dress is designed with a flattering silhouette that complements various body types. The ruffled edges and layered detail enhance its feminine appeal.Styling Tips: This women dresses piece can be paired with strappy sandals for a casual day out or elevated with heels for a more formal occasion. It's a versatile addition to any wardrobe.Occasion: Whether it's a casual day out or a summer party, this women's casual dresses item is a great choice. Its elegant design makes it suitable for a variety of occasions, marking it as one of the elegant dresses for women.",,"Customers find the dress has a cute style and nice material that can be dressed up or down. They find it comfortable and true to size. The material is soft and sturdy, making it perfect for vacations.",https://www.amazon.com/dp/B0DKSDPKZF
558,B0BRSFKFJ4,PRETTYGARDEN Women's 2025 Summer Satin Dress Elegant Sleeveless Mock Neck Cocktail Party Maxi Dresses,PRETTYGARDEN Store,No especificado,No especificado,Women,In Stock,55.99,55.99,55.99,4.1,3085.0,8.034631032923107,1000.0,6.90875477931522,True,852.0,True,"SIZE TIPS: S=US 4-6, M=US 8-10, L=US 12-14, XL=US 16-18, XXL=US 20-22. Women Satin Dress Is Made Of Selected Satin Material, Non-Stretch, Silky Smooth To Wear And Looks Shiny And Textured. The Maxi Dress Is Friendly To Your Skin, Perfect For Summer.STYLISH DESIGN: Satin Dress For Women; Sleeveless Maxi Dress For Women; Mock Neck Dress For Women; Summer Dress For Women; Long Flowy Dress For Women; High Waist Swing Dress For Women; Formal Dress For Women; Party Dress For Women; Cocktail Dress For Women; Wedding Guest Dress For WomenCHIC FEATURES: The Satin Maxi Dress Features In Mock Neck Style, Bring Out Your Elegance And Femininity. Women Silk Dress With Elastic Waistband Keeps You Cozy All Day Long. The Unique Irregular Shoulder Design Highlights Your Delicate Collarbone. This Sleeveless Summer Dress Modify Your Figure Well, Ideal For Almost Body Shape. The Plain Flowy Dress Is Simple Yet Graceful, Creates A Stunning Feel.ELEGANT SATIN DRESS! Women Sleeveless Maxi Dress Comes With Following Colors To Chose: Dark Blue Silk Dress; Black Satin Prom Dress; Deep Red Semi Formal Dress; Army Green Date Night Dress; Tender Green Homecoming Dress; Rose Red Holiday Party Dress; Brilliant Blue Evening Dress; Grass Green Beach Dress; Purple High Neck Dress; Khaki Night Out Dress; Red Slip Satin Dress; Light Blue Fit And Flare DressWOMEN SILK MAXI DRESS! Ladies Satin Dress Can Match With High Heels Or Sandals To Create A Eye-Catching Looks. The Maxi Dress Suits For Dating, Party, Cocktail, Wedding, Dinner, Prom, Night Out, Formal And Other Occasions.",,"Customers find the dress flattering and comfortable. They appreciate the nice print and colors, as well as the true-to-size fit and length. Many consider it a great value for the price, with good quality and thick material. However, some have differing opinions on the material quality and neckline.",https://www.amazon.com/dp/B0BRSFKFJ4
559,B0CKTCWQX6,CUPSHE Women's Knit Ruched Mini Fall Dress Smocked Ruffle Hem Crew Neck Long Sleeve Bodycon Casual Summer Autumn Dresses,CUPSHE Store,CUPSHE,No especificado,Women,In Stock,42.99,42.99,42.99,4.1,247.0,5.5134287461649825,0.0,0.0,False,597.0,True,"Cupshe ruffled hem ruched mini dress with soft and breathable material, cozy and breathable to wear, an elegant and chic style accentuates your curves and creates a stunning silhouette.This long sleeve dress features a mini length, round neckline, ruched bodycon design, irregular ruffled hem modified body lines, high waist holiday dresses for women.Cupshe women dresses is perfect for work, daily wear, nights out, dating, parties, clubs, evenings, coffee shops, weddings, honeymoons, back to school, Christmas, homecoming, prom etc.This fitted waist dress can easily be dressed up with high heels or down with sneakers for a chic look.Model wearing size S (Mode info Height: 5'9"" in/175cm, Bust: 32 in/70cm, Waist: 24.5 in/62cm, Hips: 34 in/81 cm), please refer to our size chart for specific measurements to achieve the perfect fit.",,"Customers find the dress flattering and comfortable to wear. They appreciate the slim waist and long sleeves. The fabric is soft, breathable, and easy to wear all night. Many consider it versatile for occasions like cocktail events and weddings. However, opinions differ on the thickness of the fabric.",https://www.amazon.com/dp/B0CKTCWQX6
560,B0CQ4Q7SNQ,Dokotoo Summer Dress Casual Womens Fashion Short Sleeve Maxi Dress T Shirt Dress Striped Long Color Block Maxi Dress,Dokotoo Store,No especificado,807532002072,Women,In Stock,31.986,31.986,33.99,4.3,863.0,6.761572768804055,400.0,5.993961427306569,True,59.0,True,"HIGHLIGHTS: The Short Sleeve long dress can easily slender your physique and optimize your body proportion to show your soft femininity well. This Color Block long dress is so flattering, make you more charmingDesign: The loose maxi dress provides a flattering and comfortable. The long length of this dress creates a flowy and flattering silhouette, making it perfect for showcasing your feminine charm.FABRIC: Soft and comfortable fabric makes the Short Sleeve summer dress for women maxi length flow with body wonderfully; This summer casual dress is made of premium material to give you the maximum comfort.The versatile striped design makes it easy to style with accessories, jackets, or cardigans to create different looks for various occasions. Please check more info of this dress in Size Chart and Product Description. Please choose carefully according to your size.The side split detail adds a playful and flirtatious touch, ensuring that you turn heads wherever you go. Whether worn with sandals for a casual day out.",,"Customers find the dress flattering and comfortable. They appreciate the nice colors, high-end look, and soft, stretchy fabric. Many find it roomy with pockets. While most are happy with the value for money and wearability, some have mixed opinions on the fit and fabric weight.",https://www.amazon.com/dp/B0CQ4Q7SNQ
561,B0CQ8K495D,Women's Bodycon Pencil Dress Church Teacher Office Modest Business Wear to Work Sheath Suiting Dresses,PerZeal Store,No especificado,No especificado,Women,In Stock,39.99,39.99,39.99,4.0,960.0,6.8679744089702925,500.0,6.2166061010848646,True,2.0,True,"【FEATURES】Peplum Dress For Women / Wear to Work / Business Dresses / Bodycon Dresses For Women / Dresses For Women Party / Teacher / Cocktail Dress / Midi Dress / Soft And Lightweight / Slim Fit Pencil Dress / Below Knee Length / Midi Dresses / Bandage Dress/ Please Kindly Refer To The Size Chart Showed In The Image Or Just Leave Your Q&A On This Page.【FLATTERING DESIGN】 Our Business Pencil Dresses Is Made Of Lightweight, High Elastic Material That Offers Ultimate Comfort And a Flattering Fit. Suit-Like Dress Design, Let You Better Show The Workplace Woman's Work Charm.【CHARMING FEATURES】This Body-Hugging Midi Dress Comes In Color Block With 3/4 Length Sleeves, Making It Perfect For Work Or Play. Its Fitted Silhouette Accentuates Your Curves, Making You Look Both Sexy And Elegant.【VERSATILE OCCASION】This Elegant Dress Is Perfect For a Variety Of Occasions, Including Office, Church, Work, Business, Graduation, Formal, Party, Club, Date, Cocktail, Shopping, Street, Holiday, Wedding, Vacation, School Teaching, Home, Daily Wear. Pair It With Your Favorite High Heels And Jewelry For a Stylish Look.【CARE INSTRUCTIONS】 If you notice wrinkles due to vacuum packaging, a simple wash or ironing will work wonders in refreshing the dress. Machine or Hand Wash with Cold Water/Hang or Line Dry/No Bleach/No Dry Clean/Warm iron if needed.Size: S=USA 4-6; M=8-10; L=12-14; XL=16-18; XXL=20-22; XXL=22-24",PerZeal Womens Spring Work Dresses Vintage 1950s Dress Church Midi Dresses Business Casual Outfits,"Customers appreciate the dress's style and comfort. They find it looks nice, feels soft, and flattering. Many find it a good value for money and like its curves. However, some customers have experienced issues with the zipper not working properly and it being busted. Opinions vary on the fit, material quality, and stretchiness of the dress.",https://www.amazon.com/dp/B0CQ8K495D
562,B0D6YY28SS,Dokotoo Womens 2025 Casual Dress Smocked Crewneck Button Up Long Sleeve Empire Waist A-Line Mini Dress,Dokotoo Store,No especificado,WGJW6121572,Women,In Stock,34.99,34.99,34.99,4.4,462.0,6.137727054086234,300.0,5.707110264748875,True,30.0,True,"Size: S=US 4-6 , M=US 8-10 , L=US 12-14 , XL=US 16-18 , 2XL=US 20-22. *The buttons are decorative and can NOT open.*Classic Features: This long sleeve dress showcases classic crewneck and decorative button design, complemented by smocked detail and empire waist. The flowy A-line hem of swing mini dress add a chic and elegant touch, making it a must-have for wardrobe.Soft Fabric: Crafted from soft and airy fabric, this casual dress is both skin-friendly and breathable, ensuring all-day comfort. The solid color shows a versatile charm, which is easy to pair with a variety of accessories for different looks.Various Occasions: Perfect for casual style and elegant wear, this shirt dress is suitable for many occasions, including beach outings, vacations, parties, wedding guests, club nights, dates, shopping trips, and daily wear. Its versatile design makes it an ideal choice for laid-back and chic events.Crewneck long sleeve dress/ empire waist dress/ button down shirt/ shirt dress/ work dress/ church dress/ skater dress/ smocked dress/ elegant dress/ flowy dress/ swing dress/ casual dress/ formal dress/ womens fashion dress/ vacation dress/ spring dress/ summer dress/ fall dress/ winter dress in solid color.",,"Customers find the dress flattering and comfortable. They appreciate the good quality material for the price, the soft, lightweight fabric, and how it feels. The color is beautiful and can be styled with many different apparels. The fit is true to size, with sleeves that hit just above the knees. Many customers find the dress a great seasonal transitional piece that looks great with knee high boots.",https://www.amazon.com/dp/B0D6YY28SS
563,B08T25KPN2,FANDEE Plus Size Maxi Dress for Women Casual Summer Sundress V-Neck 3/4 Sleeve,FANDEE Store,FANDEE,No especificado,Women,In Stock,31.992,31.992,39.99,4.2,13291.0,9.494917629474484,100.0,4.61512051684126,True,47.0,True,"【Quality Fabric】Our womens dresses are made of 95% polyester and 5% spandex.It feels very soft and delicate to the touch.Our maxi dress is suitable for most curves and fluffiness, and you don't have to worry about the clothes being seen through.【Dresses for Women 2024】Soft and stretchy fabric provides all day comfort.Size Guide:S=US 2-4,M=US 6-8,L=US 10-12,XL=US 14-16,XXL=US 18-20,XXXL=US 22-24.【Various Styles】The unique print on the maxi sexy dress makes you look more elegant and sexy. The colors in this dress screamed spring/summer. Colorful print is made of natural plant dyestuff, which shows gorgeous look and is more and more popular.【Features】V-Neck,3/4 sleeve,High waist,Maxi Dress with Pocket,Wedding Dress,Going Out Dress,Holiday Dress,Party Dress,Date Night Dress,Business Casual Dress,Beach Vacation Dress【Suitable Occasions】The bohemian floral sundresses are suitable for Summer, Party, Beach, Evening Out, Cocktail, Daily Wear, Wedding, Nightclub, Travel, Home, Vacation, Holiday, Camping and any other occasions.",,"Customers find the dress fits well, flatters their figures, and is comfortable to wear. They appreciate the soft, stretchy material that huggs the waist and hips without being tight. Many find the pockets useful and consider it a good value for money. However, some have mixed opinions about the material quality and color.",https://www.amazon.com/dp/B08T25KPN2
589,B0D391J394,ZENGVEE Mens Polo Shirts Moisture Wicking Short Sleeve Performance Quick Dry Athletic Golf Shirts,ZENGVEE Store,No especificado,No especificado,Men,In Stock,42.99,42.99,42.99,4.2,635.0,6.455198563340122,100.0,4.61512051684126,True,53.0,True,"High Performance Material: Polo shirts for men are made from polyester premium knitted fabric. Lightweight, flexible, quick dry, moisture-wicking, it can effectively prevent odors from being trapped on the fabric, keeping you comfortable, breathable and cool. Easy care: machine wash/hand wash.Ergonomic Comfort: quick dry polo shirts for men feature hand-tearable labels to prevent chafing and increase comfort. The collar adopts a classic three-button placket design, which is three-dimensional and does not deform. The 4-way elastic material increases fluidity.Moisture-wicking: Dress collar polo shirts for men are made of soft and breathable fabric, combined with cooling technology, which can effectively absorb moisture, keeping you cool and comfortable in any condition, away from stuffy heat and odor.Occasion: Men's Polo shirt for any workout and sport, such as golf, tennis, running, hiking, traveling, cycling, training, badminton, hiking, vacation, fishing, casual, business, work, daily wear, etc.Excellent shopping experience: We pride ourselves on providing our customers with excellent customer service and support. If you have any questions about our men's polo shirts, please ask us.",,"Customers appreciate the shirts' fit, look, and value. They find the shirts comfortable and lightweight, with a casual style that pairs well with jeans. However, some customers have differing opinions on the quality and material thickness.",https://www.amazon.com/dp/B0D391J394
601,B0DRXCWRYM,ZITY 3 Pack Men Polo Shirts Short Sleeve with Pocket Sport Wicking Shirts for Men Casual Athletic Collared T-Shirts,ZITY Store,No especificado,No especificado,Men,In Stock,32.9945,32.9945,59.99,4.6,5.0,1.791759469228055,0.0,0.0,False,111.0,True,"PERFORMANCE:These men polo shirts are soft,lightweight and moisture wicking,keep you cool and breathableMULTIPACK:3 Pack men short sleeved polo shirts offering various colors and sizes, can be used on multiple combinationsFEATURE: Three buttons polo shirts easy to wear, front pocket design,Classic striped color contrast just for your comfortOCCASION:Suit for any casual occasions,such as daily wear,business,sports,outdoor,date,golf, party,hiking,camping ,street,etc.TIPS:This mens shirts short sleeve can be machine washed and easy to maintain not easy to deform, and will not pilling,they are available in sizes M L XL 2XL 3XL",,,https://www.amazon.com/dp/B0DRXCWRYM
604,B0DHLFBLB4,TVKSOM 5 Pack Polo Shirts for Men Long Sleeve Quick Dry Mens Polo Shirts Golf T Shirt Moisture Wicking Casual Workout,TVKSOM Store,No especificado,No especificado,Men,In Stock,42.9914,42.9914,49.99,4.4,97.0,4.584967478670572,0.0,0.0,False,245.0,True,"Comfy & Breathable Fabric: The mens polo shirts long sleeve are made of soft, breathable fabric that wicks moisture away from your skin, allows for breathability,and dries quickly for cool comfort.UPF 50+ Sun Protection:The men's polo shirts are made with lightweight fabric that boasts UPF 50+, protecting your skin from sunburn in outdoor.Multi-Occasion:The men's long sleeve collared shirt is a must-have for your autumn and winter wardrobe, perfect for daily wear,sports,leisure, work, and social occasions. Its premium quality and classic design make it a great base layer for autumn and winter, whether you're wearing it yourself or giving it as a gift.Classic Design: Featuring a spread collar and a 3-button,this golf polo shirt has a tag-free neck to minimize chafing. The wrinkle-resistant fabric allows for easy tucking without creasing, and it's also fade-resistant for durability and long-lasting wear.Versatile Outfit:The regular fit design of the mens polo shirts determines that it can be paired with freely. Wear it alone or layer it with jacket, coat. Pair it with casual pants or jeans to show your personal style and fashion sense.",,"Customers find the shirts comfortable and well-fitting. They appreciate the good look and feel of the shirts, which are lightweight and breathable. However, opinions differ on the material quality.",https://www.amazon.com/dp/B0DHLFBLB4
606,B0BGJ5XZTQ,ZITY 3 Pack Mens Polo Shirt Short Sleeve Sports Performance Business Casual Golf Shirts for Men Collared Tactical T-Shirts,ZITY Store,No especificado,ZT-3PCS012-BBGGWW-M,Men,In Stock,35.996,35.996,89.99,4.3,2772.0,7.927685045615778,50.0,3.9318256327243257,True,45.0,True,"PERFORMANCE MATERIAL: This mens polo shirts short sleeve made from Polyester Spandex, lightweight, moisture wicking, soft hand-feel, four way stretch, comfortable and breathable keep you coolSIZE: This mens golf shirts short sleeve based on US regular fit: M, L, XL, XXL, 3XL. Allowing for great mobility in any directions yet they still have a fitted lookOCCASSION: Mens casual shirts are suitable for various occasions such as business casual, daily casual, work, company, golf, tennis, soccer, tactical training, vacation travel, fitnes, jogging, holiday, walking, festival, football sports or four seasons all day wear. Of course these men casual stylish shirts are always the best gift for family and friendsSTYLE FEATURE: Men's casual shirt the ring buckle design under the placket is convenient for carrying sunglasses/microphones. Sleeve pocket design makes it easy to carry small items such as keys/headphonesWARM TIPS: Please refer to the size chart in product image or description before you order it",,"Customers appreciate the shirts' quality, colors, and comfort. They find the shirts well-made, durable, and nicely designed with simple styles that work for different body types. Many find the shirts comfortable in heat or cold, not too tight in the chest area, and soft to the touch. The value for money is also appreciated. However, some customers have issues with color accuracy and material quality. There are mixed opinions on the fit.",https://www.amazon.com/dp/B0BGJ5XZTQ
607,B0C2ZSX1RL,Real Essentials 3 Pack: Men's Jersey Cotton Short Sleeve Polo Shirt - Breathable Performance Polo (Available in Big & Tall),Real Essentials Store,Real Essentials,No especificado,Men,In Stock,30.99,30.99,30.99,4.2,989.0,6.897704943128636,0.0,0.0,False,39.0,True,"Real Essentials Sleep & Loungewear: Available In Both Regular & Big and Tall Sizing (Sizes Small-5X Tall)Elevate Your Golf Game: Take your golfing experience to the next level with this top-quality Men's Cotton Jersey Polo, designed for ultimate comfort and fashion on the greens.For the Busy Professional: Stay relaxed and fashionable all day with these Men's Cotton Jersey Polo shirts. Choose from an array of colors to suit your individual style.Classic and Timeless: This Men's Cotton Jersey Polo boasts a timeless design that makes it a multi-functional addition to any wardrobe. Opt for white or traditional shades such as black and red.Real Essentials' Focus on Affordability: Real Essentials is committed to providing budget-friendly clothing options for hard-working families. Get the best value for your money with this bulk pack of Men's Cotton Jersey Polos, perfect for daily use or casual gatherings.",,"Customers appreciate the comfortable, soft material of the shirts. They find the colors nice and versatile, making them great for different occasions. The shirts offer good value for money. However, some customers have mixed opinions on the fit, material thickness, quality, and shrinkage.",https://www.amazon.com/dp/B0C2ZSX1RL
609,B0DSFZP271,3 Pack Polo Shirts for Men Short Sleeve Moisture-Wicking Golf Shirts Athletic Casual Collared T-Shirt,SECOOD Store,No especificado,No especificado,Men,In Stock,32.3946,32.3946,59.99,5.0,4.0,1.6094379124341003,0.0,0.0,False,277.0,True,"3 Pcs in one package: The set includes 3 pack polo shirts for men in a range of colours, offering incredible value for moneyMaterial: Men's polo shirts is crafted from a high-performance, moisture-wicking blend of 95% polyester and 5% Elastane; Polo shirts for men is lightweight, soft, comfortable and breathableFeatures: Men's Golf polo shirt short sleeve are meticulously designed with a 3-button placket front, complete with a gusseted underarm design that ensures unencumbered movement and breathable. A convenient sunglasses loop is strategically placed at the front placket bottom, adding a touch of practicality to the design.Matching: 3 pack men's polo shirts offers a huge variety of colours, styles, features, and designs including breathable styles for busy workplaces, sports polo shirts for a team that is on the move constantly, and high visibility polos for workplaces where your safety is imperative.Occasion: The men's polo shirts are great for golf, tennis, riding, tactical, running, casual, hiking, travel, other outdoor sports, and also for casual wear. They are perfectly paired with nicer jeans, chinos, or khakis.",,,https://www.amazon.com/dp/B0DSFZP271
657,B09B52VSNC,5 Pack Men's Dry Fit T Shirts Athletic Running Gym Workout Short Sleeve Tee Shirts for Men,Brand: AKAWOOKO,No especificado,No especificado,Men,In Stock,24.997,24.997,26.99,4.3,8279.0,9.021598247379305,500.0,6.2166061010848646,True,14.0,True,"Moisture wicking fabric is quick-dry & ultra-soft, keeps you cool and dry anytime.4-way stretchy material for excellent flexibility enhances the range of motion.Athletic crew neck & short sleeves, Perfect for running, workout and training sports and even as an moisture wicking undershirt.Ideal for cooler days, but still very comfortable to wear in summer. Safeguards your skin from harmful Ultraviolet Rays.Unique tag-free printed necks and light weight design.5 Pack Men's Dry-Fit T Shirts. Multiple color combinations, multiple choices.",,"Customers find the shirts comfortable and lightweight. The material is breathable, making them great for warmer months of the year for outdoor activity. The shirts have a nice look and feel smooth. Many consider them a good value for money. They appreciate the weight, color variety, and cooling effect of the shirts. However, some customers have mixed opinions on the fit and material quality.",https://www.amazon.com/dp/B09B52VSNC
659,B07BN52FT6,Nautica Men's Short Sleeve Solid Stretch Cotton Pique Polo Shirt,Nautica Store,No especificado,No especificado,Men,In Stock,27.3,27.3,27.3,4.6,10278.0,9.237858258012922,200.0,5.303304908059076,True,13.0,True,Casual styling and a stretch pique fabrication for the most comfortable fitPolo collar with a sporty buttoned placketShort sleeves,A contrasting collar keeps things interesting and elevates this polo beyond basic. The stretch pique fabric means comfort and a great fit all day. From Nautica.,"Customers appreciate the shirt's fit, quality, and color. They find it true to size, with a nice color that looks sharp without being too tight. Many find the material comfortable and pleasant to the touch. The shirt is considered an excellent value for the price, and customers appreciate its versatility and fabric quality. However, there are differing opinions on the material thickness.",https://www.amazon.com/dp/B07BN52FT6
662,B07LGT68JH,Rustler Men's Classic Relaxed Fit,Rustler Store,Rustler,No especificado,Men,In Stock,13.9818,13.9818,16.99,4.5,26060.0,10.16819522292803,500.0,6.2166061010848646,True,85.0,True,Relaxed fit thru seat and thigh5 pocket stylingStraight legHeavy weight durable denim,"Thank us later for jeans that you don't have to worry about. Each pair of Rustler jeans is made to be durable and long-lasting, all without sacrificing the comfort you want and the terrific value you expect. Available in a variety of colors and fits, our straight leg men's jeans are sure to keep up, no matter the activity.","Customers find the pants fit well and are comfortable. They appreciate the solid construction, well-made seams, and 5-pocket design. Many of them consider these jeans a good value for the price. However, opinions differ on the material thickness.",https://www.amazon.com/dp/B07LGT68JH
677,B09GRXDMF6,Amazon Essentials Men's Athletic-Fit Stretch Jeans,Amazon Essentials Store,Amazon Essentials,MAE55015FL18,Men,In Stock,26.6,26.6,26.6,4.2,29272.0,10.28442086845496,50.0,3.9318256327243257,True,172.0,True,"ATHLETIC FIT: Designed with extra room in the hip and thigh, these stretch jeans for men offer a comfortable fit for athletic builds that sits at the waistALL-DAY COMFORT: Made with mid-weight cotton denim, these stretch jeans provide comfort throughout the day. These jeans come in indigo denim washes or solid colors with a garment wash for a lived in denim-inspired lookSTYLE: These five-pocket denim jeans are suitable for business casual to everyday wearDETAILS: These men's stretch jeans feature a zippered fly with a metal button closure, bartack reinforcements, and rivetsMAINTENANCE: These pants for men are best hung to dry to preserve their fit and longevityLEG OPENING: 7 1/2"" on US size 32","Our men's athletic fit jeans provide extra room in the hip and thigh, and are made with high-quality mid-weight cotton. These stretch jeans include a bit of stretch for all-day comfort, and are suitable for both business casual and everyday wear. The men's jeans feature a classic five-pocket design, zippered fly, and metal button closure, complemented by bartack reinforcements and rivets at the front pockets. Remember to hang dry your men's stretch jeans to extend their lifespan.","Customers find that the pants fit well and have a nice look. They appreciate the soft, comfortable fabric that feels breathable. Many consider them a great value for the price, although some have issues with smell. There are mixed opinions on durability, stretchiness, and color quality.",https://www.amazon.com/dp/B09GRXDMF6
701,B0008EOG9E,Lee Men's Regular Fit Straight Leg Jean,Lee Store,No especificado,No especificado,Men,In Stock,34.905,34.905,36.9,4.5,15754.0,9.664913054191375,100.0,4.61512051684126,True,23.0,True,"REGULAR FIT. This classic jean sits at the waist and features a straight fit through the seat, leg, and thigh. Made with a 16-inch leg opening, this regular fit jean provides a tailored look that keeps you comfortable all day long.CLASSIC 5-POCKET STYLING. A classic fit jean designed with an authentic five-pocket style. Our bestselling straight leg jean is designed with a timeless five-pocket style, perfect for most occasions.JEANS FOR ALL. This jean is available in heavyweight and midweight denim with a wide variety of washes, finishes, and fits. Add a classic denim jean to your everyday rotation or try out a new alternative wash -- there's a pair of Lee jeans to fit every style.A LIFETIME OF QUALITY. For over 100 years, Lee has produced quality apparel with durability and long-lasting construction in mind. Lee is committed to designing clothing that conforms to your body, allowing you to move through life freely.SPECIFICATIONS. Zipper fly with button closure, signature label at back waistband, leg opening: 16"".",,"Customers appreciate the pants' fit, quality, and value. They find the pants comfortable with a good length and great around the bum area. Many consider them a worthwhile purchase and an authentic jeans pant. While some appreciate the look and color, opinions differ on the material thickness.",https://www.amazon.com/dp/B0008EOG9E
792,B0874WWX2P,Under Armour Men's HeatGear Compression Shorts,Under Armour Store,No especificado,No especificado,Men,In Stock,26.6711,26.6711,30.0,4.7,9496.0,9.158731238242952,400.0,5.993961427306569,True,995.0,False,"Super-light HeatGear fabric delivers superior coverage without weighing you downStrategic mesh panels for added ventilation where you need itMaterial wicks sweat & dries really fastErgonomic design keeps seams off high abrasion areas & increases durabilityWide, exposed elastic waistband with wordmark detailUpdated gusset design provides ultimate support & comfort",,"Customers find the shorts comfortable and supportive for working out. They fit true to size, stay in place, and have a secure phone pocket inside. The material is soft and feels like the right amount of compression. Many customers consider the shorts reliable athletic wear that lasts through many wearings and washings. The functionality, workout value, and phone pocket are also appreciated. However, opinions vary on whether the shorts provide good value for money.",https://www.amazon.com/dp/B0874WWX2P
799,B0B38Y9436,rytras Women's Cotton Printed Straight Kurti (RYT311_Blue_XXX-Large),Brand: rytras,No especificado,No especificado,Women,In Stock,31.67,31.67,31.67,3.8,354.0,5.872117789475416,0.0,0.0,False,995.0,False,100% CottonPull On closureMachine Wash,,,https://www.amazon.com/dp/B0B38Y9436
804,B0CD2HNDVG,"KISAH Men's Printed Sherwani Kurta & Pajama Set - Regular Fit, Mandarin Collar| Ethnic Wear Mens Wear",KISAH Store,No especificado,No especificado,Men,In Stock,149.99,149.99,149.99,4.1,8.0,2.1972245773362196,0.0,0.0,False,995.0,False,"Make a statement with this regal KISAH Men's Sky Blue Printed Sherwani Pajama Set. The luxurious cotton jacquard fabric features intricate gold ethnic motifs, perfect for adding an elegant touch to any celebration.Color: Sky blue with stunning gold ethnic motifs sherwani and Off-White churidar pant.Fabric: Cotton-blend jacquard, offering a premium feel and an exquisite look, Fit: Regular fit with a Mandarin collar and front-button closure for a sophisticated look. Available size S(38), M(40), L(42), XL(44). Please see the size chart in description or image section before ordering, Design: Ornate jacquard patterning throughout the sherwani for an opulent, regal appearance.Bottom Wear: Paired with slim-fit off-white churidar pajama pants with adjustable drawstring closure for comfort and ease of movement.Occasion: Perfect for weddings, receptions, and festive occasions such as Diwali, Bhaidooj, Sankranti, Eid, Rakhi, etc.. This sherwani set blends traditional craftsmanship with modern style, ensuring you stand out at any grand event.",,,https://www.amazon.com/dp/B0CD2HNDVG
813,B08CW7GW58,Amazon Essentials Women's Pointed-Toe Ballet Flat,Amazon Essentials Store,No especificado,No especificado,Women,In Stock,23.7,23.7,23.7,4.2,11315.0,9.333972932421458,0.0,0.0,False,995.0,False,"COMFORT AND FIT: These ballet flats have a padded insole with high-density cushioning for added comfort and a heel pillow to relieve pressure and heel slip. The folded topline ensures a no-rub fit. Available in regular and wide-widths.MATERIAL: Amazon Essentials shoes are made from high-quality alternative leather materials. This style has a faux suede upper and is lined in synthetic suede.STYLE: These ballet flats have a stylish pointed toe, no visible stitching, and a modern upper design.DETAILS: 10mm heel with a soft non-slip sole.DESIGN: These ballet flats take you from day to night and can be paired with your favorite Amazon Essentials outfit.",,"Customers appreciate the comfortable and stylish shoes. They find the shoes have good cushioning and support, a nice look, and good quality for the price. Many find them a good value for the money. The color selection is also appreciated. However, some customers have mixed opinions on the fit and foot damage.",https://www.amazon.com/dp/B08CW7GW58
814,B08KZYTHWR,Feethit Womens Slip On Running Shoes Non Slip Walking Shoes Lightweight Gym Workout Shoes Breathable Fashion Sneakers,Feethit Store,No especificado,No especificado,Women,In Stock,29.6324,29.6324,38.99,4.0,9729.0,9.18296917518005,200.0,5.303304908059076,True,995.0,False,"Lightweight and Breathable Upper: Women sneaker mesh upper with good breathability and flexibility makes the foot more free and comfortable.Comfy Liner: Removable and soft insole supports the feet arches and it doesn't put too much pressure on your feet.Slip Resistant Outsole: The soft sole is made from durable and EVA outsole, which provides the user with the enough buffer between feet and ground.Basic and Fashionable: The women walking shoe comes in black and white, each constructed with a high quality material, brings a vintage aesthetic, with an undeniably classy feel.Occasions: This fashion sneakers for women are perfect for walking, running, workout, nursing, athletic, sports, jogging, gym, tennis, bike riding, hiking, schools, office, casual outfit and go with jeans, leggings, denims, skirts, shorts, dresses and etc.",,"Customers find the shoes comfortable, with a nice look and color. They are lightweight and easy to slip on. Many customers appreciate the quality and value for money. However, some have mixed opinions on the fit and overall quality.",https://www.amazon.com/dp/B08KZYTHWR
815,B093TXC5S1,Reebok womens Club C 85 Vintage,Reebok Store,Reebok,71733,Women,Other,28.95,28.95,28.95,4.5,1509.0,7.31986492980897,0.0,0.0,False,55.0,True,"Women's Sneakers with Signature Style: These women's fashion sneakers feature a soft garment leather upper for full-foot support complete with comfortable terry lining on the tongue top and heel; A woven Reebok label adds vintage appeal and styleEfficient Support for Everyday: These stylish sneakers for women feature a supportive die-cut EVA midsole designed to absorb impact for long strolls and all-day wear; These tennis shoes will always complement your favorite go-to outfitsWomen's Walking Shoes with Comfort and Style: These walking sneakers for women feature a sleek low-top design that offers enhanced ankle mobility, so you can keep moving all day long; A padded foam sockliner provides responsive cushioningTraction in Mind: These shoes feature high-abrasion rubber outsoles for durable responsiveness, so you can move with confidenceSignature Silhouette: A low-cut design lends these tennis shoes a sleek, sophisticated silhouette; An archive logo and window box add to the unique appeal of these sneakers",Reebok womens Club C 85 Vintage,"Customers find the shoes comfortable and stylish. They appreciate the soft leather material and 80s vibe. The shoes look cute with almost any outfit and are well-constructed. Many customers consider the shoes a good value for money. However, some dislike wearing them for long periods and have differing opinions on the fit.",https://www.amazon.com/dp/B093TXC5S1
816,B0DG57PFR6,"Theora Pro HF - Ergonomic Supportive Non-Slip Barefoot Shoes, Wide Toe Box Durable Breathable Ultralight Walking Shoe for Women Men",Hike Footwear Store,Hike Footwear,HF Theora Pro White,Women,Other,28.95,28.95,28.95,4.1,49.0,3.912023005428146,0.0,0.0,False,67.0,True,"Size Matters (And We Mean It!): Don't guess—watch our quick video for foolproof, step-by-step measuring instructions. Get the perfect fit, not a size surprise!Natural Gait: With every step, Theora Pro shoes strengthen your foot and leg muscles. Experience reduced body aches and support your journey to recovery from issues like plantar fasciitis.Circulation Sensation: Feel the ground beneath you like never before. The direct contact stimulates blood flow, fighting fatigue and helping manage neuropathy symptoms.Versatility: From morning jogs to office meetings, Theora Pro adapts to your lifestyle. Enjoy all-day comfort and support, no matter what foot health challenges you're facing.Wide Toe Box: Our wide toe box is your toes' new best friend. Spread, flex, and strengthen your feet naturally, enhancing overall foot health and flexibility.",,"Customers find these shoes comfortable and easy to wear. They have the right amount of cushioning and support for a barefoot feel. The colors are attractive, making them great for traveling. Many customers appreciate the lightweight design, low pain level, and quality. However, opinions differ regarding the sizing.",https://www.amazon.com/dp/B0DG57PFR6
817,B0BS6G9WG6,KIDMI Women's Suede Clogs Leather Mules Cork Footbed Sandals Potato Shoes with Arch Support,KIDMI Store,No especificado,No especificado,Women,In Stock,29.999,29.999,32.99,4.3,5994.0,8.698681067461614,4000.0,8.294299608857235,True,995.0,False,"CLASSIC CORK CLOGS: 100% genuine suede look with adjustable metal buckle straps. They are super flattering with spring/summer outfits. Perfect all seasons wardrobe staple. You will get so many compliments when you wear themAMAZING COMFORTABLE: Cork footbed with deep heel cup, soft lining hugs your feet perfectly. They have decent arch support, good cushioning and light weight. Women's clogs don't bind your foot in any way and comfy to wear all dayWONDERFUL QUALITY: The buttons is sturdy and upper construction is strong won't break or fall off. Nice grip on the non-slip outsole bottom, suitable for any surface. Normal use of them will last for a long timeVERSATILE PURPOSE: Slip right in, wear them everywhere, house or grocery store, gym, walking, picking up packages, everywhere! Suitable for both indoor and outdoor usage. Not to mention for casual settings or partyEASY TO CLEAN: Wipe with water. Placed in a ventilated location. Tips: If you have any questions about the size, please contact us at any time",,"Customers appreciate the comfort, style, and quality of these shoes. They find them very comfortable, versatile, and well-made. Many consider them a decent Birkenstock dupe that holds up well over time. While most customers appreciate the value for money, some have differing opinions on the fit, color accuracy, and material quality.",https://www.amazon.com/dp/B0BS6G9WG6
818,B0CP7277PW,Adokoo Canvas Tennis Shoes for Women Low Top Casual White Black Sneakers for Women Lace Up Fashion Comfortable Walking Shoes,Adokoo Store,No especificado,No especificado,Women,In Stock,10.995,10.995,21.99,4.5,1024.0,6.932447891572509,500.0,6.2166061010848646,True,995.0,False,"COMFORTABLE HIGH-QUALITY CANVAS SHOES - Long-lasting, abrasion-resistant, breathable, and lightweight, these low top canvas shoes for women feature high-quality canvas material that combines flexibility with comfort. They are easily washable, making them a stylish and practical footwear choice.CLASSIC & FASHIONABLE - A rubber molded structure in the toecap and heel provides enhanced foot protection. These timeless womens lace up low top shoes embody a youthful, lively, and carefree style, making them suitable for every season.NON-SLIP OUTSOLE - These white/black sneakers for women boast sturdy yet flexible synthetic rubber outsoles, featuring a specially textured bottom for enhanced grip and friction. These casual women's sneakers provide slip resistance, ensuring stability even in wet weather conditions.SHOES WITH DIVERSE OUTFITS - These womens casual shoes work well with both modern and retro outfits. They look super cute when paired with shorts, pants, skirts, or dresses—an absolute must-have in your closet.VERSATILE - Adokoo womens low top canvas shoes are a timeless style and a exemplary back-to-school gift that everyone, whether young or old, teenager or adult, deserves to own a pair for gym, sports, walking, hiking, workouts, or casual wear.",,"Customers find the shoes comfortable and cozy with a nice color. They appreciate the well-made quality, good fabric, and substantial feel. Many consider them great value for money. However, some customers report foot pain and have mixed opinions on the arch support.",https://www.amazon.com/dp/B0CP7277PW
819,B0BW8KKPQH,SERNIAL Womens White Tennis Shoes PU Leather Sneakers Casual Walking Shoes for Women,SERNIAL Store,No especificado,No especificado,Women,In Stock,23.3953,23.3953,49.99,4.1,2550.0,7.844240718141811,2000.0,7.601402334583733,True,995.0,False,"【Water-Resistant Upper】:Womens white tennis shoes use PU leather upper,PU upper is water-resistant and easy to clean.【Comfortable Felling】:PU leather sneakers have been thickened at the ankle to fit the foot more comfortably.【Easy to Match】:As the most versatile shoes, white shoes can be matched with jeans, shorts,dress and so on, it can even as dress shoes.【Best Gift】:Womens white shoes are always attractive, so they are great ideal as Mother's Day gift,Thanksgiving gift,Christmas gift or other festival gift.【SERNIAL Service】:We privide for all our customers that giving unconditional return service.if you have any question about the tennis shoes,Be free to contract with us,we will reply to you within 1-24hrs.",,"Customers find these shoes comfortable and well-fitting. They appreciate the nice style and bright white color. The shoes have a good build quality and are solid everyday shoes. Many customers consider them a good value for the price. Customers also like how easy they are to clean and wear. However, opinions differ on the size and weight.",https://www.amazon.com/dp/B0BW8KKPQH
820,B0BZZ6ZP7B,SHULOOK Womens Slip on Walking Shoes Comfort Lightweight Breathable Sock Shoe Non-Slip Mesh Casual Fashion Tennis Running Sneakers,SHULOOK Store,No especificado,No especificado,Women,In Stock,19.999,19.999,21.99,4.3,926.0,6.831953565565855,500.0,6.2166061010848646,True,995.0,False,"【Convenient】Slip-on design and easy pull on and take off.【Comfortable】Mesh upper offer the breathability, keeps your feet cool and dry, offers all day comfort for you.【Non Slip】Lightweight and elastic rubber outsole, effectively reduce cushioning force and provide sufficient friction, let each step of your move all relaxed.【Removable】Memory Foam Insole has good elasticity, can absorb recoil, hereby reducing the burden on the body.【Women's walking shoes】Designed for both daily life and outdoor sports like walking, work, tennis, shopping, traveling, camping, driving and any activities.",,"Customers find these shoes comfortable and supportive for their feet and body. They appreciate the good arch support, cushioned padding, wide toe box, and elastic fit that allows for a snug yet loose fit. Many find them sturdy enough for their needs, with a thick sole. The shoes are easy to slip on and off, making them convenient for daily walks. Customers also like the look, value for money, and lightweight design. However, opinions differ on the slip resistance.",https://www.amazon.com/dp/B0BZZ6ZP7B
821,B07B422G13,New Balance Women's 608 V5 Cross Trainer,New Balance Store,No especificado,No especificado,Women,In Stock,60.142,60.142,74.99,4.4,37758.0,10.538979136857908,600.0,6.398594934535208,True,995.0,False,PU Foam insert offers long-lasting comfort and supportLightweight injection-molded EVA foam midsole provides lightweight cushioningPhantom Liner interior has minimal seaming to help reduce irritationInternal midsole shank adds midfoot structure and supportNB Soft plus Supportive Comfort Insert offers all-day comfort and support,,"Customers find the shoes comfortable and supportive for walking. They like the soft fabric inside and wide toe box. The fit is true to size, with plenty of room for toes. The style is classy and great-looking. Customers appreciate the good quality, durability, and arch support. Many are happy with the value for money and walking ability. However, opinions differ on the weight.",https://www.amazon.com/dp/B07B422G13
822,B08GKRNT2T,KuaiLu Womens Arch Support Flip Flops Comfortable Yoga Mat Slip on Summer Beach Walking Thong Cushion Sandals,KuaiLu Store,KuaiLu,No especificado,Women,Other,28.95,28.95,28.95,4.2,7828.0,8.965590066907914,0.0,0.0,False,599.0,True,"Womens Dressy Casual Sandals: Elegant and trendy style. Soft cloth bow knot strap sandals can dress up and down to match cute dress, trending jeans, stylish cloth. Premium arches thick cushion foam serve walking on cloud comfortCushioned Yoga Mat Footbed: Made with memory foam EVA and PU-leather pattern give sandles extra cushioning and better foot care for all day walking, lightweight classy sandals are good for resort travel, vacation, wedding bride or bridal and work in officeComfort Arch Support: Supportive every step of your feet anywhere and relieves the fatigue of walking. Women's orthopedic sandals relax feet for long distance walk, improve your gait and lessen foot issues like Plantar FasciitisNon-Slip Rubber Sole: Deep texture waterproof tread function with perfect traction and grip to ensure the best protection, gives you peace of mind when summer pool beach partys or bath, shower in bathroomPartner for Summer: Classic flat sandals are perfect for various outfits and scenes. These Pretty sandals can match y2k tops,workout sets,lounge shorts, resort wear, going out outfits and fashion swimsuits",,"Customers find the sandals comfortable and cushiony. They appreciate the nice style and arch support. Many of them like the flip-flop design and value for money. However, some customers dislike the strap length and have mixed opinions on the fit and quality.",https://www.amazon.com/dp/B08GKRNT2T
823,B0BZ92J5MM,Skechers Women's Bobs D'vine-Instant Delight Sneaker,Skechers Store,No especificado,No especificado,Women,In Stock,38.9929,38.9929,55.0,4.1,15.0,2.772588722239781,0.0,0.0,False,995.0,False,Veganslip oncharitablememory foam footbed,,,https://www.amazon.com/dp/B0BZ92J5MM
824,B08DXSSMYK,GUESS Women's Loven Sneaker,GUESS Store,No especificado,No especificado,Women,In Stock,31.5149,31.5149,62.0,4.6,29195.0,10.281786992571522,300.0,5.707110264748875,True,995.0,False,"This lace up look features GUESS logo hardware on the side with the hottest fashion colors of the season mixed and matched. This shoe is comfy, cool and ready to knock your socks off.Lace up closureRound ToeGuess logo detailing",,"Customers appreciate the shoes' nice style with gold embellishments and lace grommets that add class to the quilted texture. They find the shoes comfortable and well-made, with a durable material that is easy to clean. Many consider them good value for money, though some have issues with stiffness and mixed opinions on the fit.",https://www.amazon.com/dp/B08DXSSMYK
825,B071GB2K21,Skechers Women's Go Walk Joy Sneaker,Skechers Store,No especificado,No especificado,Women,In Stock,35.003,35.003,50.0,4.5,95675.0,11.468722762290495,300.0,5.707110264748875,True,995.0,False,"Lightweight and responsive 5Gen midsole cushioningSkechers Air Cooled Goga Mat breathable insole with high-rebound cushioningBreathable athletic engineered mesh upperFlexible traction outsoleMachine washable, air drySleek comfort walking design with soft fabric lining",,"Customers appreciate the comfort, quality, and look of these shoes. They find the cushioning on the bottom excellent and the shoes well-designed. Many mention that the shoes provide good arch support without being stiff. The lightweight design and ease of slip-on are also appreciated. However, some customers have mixed opinions on the fit.",https://www.amazon.com/dp/B071GB2K21
826,B0CPQS2BBR,Hey Dude Wendy Slip Classic | Women's Shoes | Women's Slip On Loafers | Comfortable & Light-Weight,Hey Dude Store,No especificado,No especificado,Women,In Stock,59.998,59.998,64.99,4.6,624.0,6.437751649736401,50.0,3.9318256327243257,True,995.0,False,"Rounded Toe Design and Flex & Fold: This supports healthy feet with its unique shape giving complete freedom of movement. The Hey Dude Wendy will be an instant favorite in your modern-casual shoe collection and are the perfect women's shoes.Lightweight with Elastic Laces: Manufactured using an elastic material that allows them to flex with the foot, resulting in a shoe that fits more uniformly. Each shoe weighs under 5 ounces making it one of the lightest pairs of shoes around. The ideal Hey Dude Shoes for Women that you will surely love!Comfortable Durable High-Quality Material: Wendy provides everywhere comfort, but with a style ideal for women who enjoy life's ever-changing journey. The relaxed look and feel allow you to explore your passions and experience new places with the confidence your feet will fit into any occasion.Great For Travel & On The Go: The removable memory foam cushioned insole provides maximum comfort and reduces sweating and odors. Machine Washable Friendly (Cold).Perfect Gift for Any Occasion – Whether you're shopping for your Mom, Wife, Sister, or friend, HEYDUDE shoes are the ultimate gift for Christmas, birthdays, Mother's Day, or any special celebration.",,"Customers find these shoes comfortable and true to size. They appreciate the pretty style, color, and pattern. The shoes are easy to slip on and off. Many customers describe them as great casual shoes that are lightweight and well-made. However, some find the sizing a little larger than expected, with the soles being small and lacking cushioning. There are mixed opinions on whether the shoes provide good value for money.",https://www.amazon.com/dp/B0CPQS2BBR
827,B08CBVFFZ6,HEAWISH Women's Floral Ballet Flats for Women Black Beige Slip On Flowers PU Leather Round Toe Dress Shoes,HEAWISH Store,No especificado,No especificado,Women,In Stock,16.495,16.495,32.99,4.2,7987.0,8.985695694535705,100.0,4.61512051684126,True,995.0,False,"Flowers Pattern Design: For a long time, we had a strong desire to design a pair of ballet flats which can be our 'birth design', reminding people of WISH when put them on. That's why they are here now. They seem to look ordinary that without luxuriant decoration but it's also what we want in the beginning: SIMPLE BEAUTY. Hoping you will think it's worth buying them after wearing them.Comfortable And Portable: Having been distressed by feet pain after wearing flats shoes for a long time? You might like these. We designed these shoes to be soft and flexible, just as the pictures show. They are also foldable and portable that you can put them in your small travelling bags. If you like travelling and wearing flats, these shoes are your indispensable companions.Graceful Linear Design: You can see graceful slightly curved linear design on the shoes' side. We hope our shoes can look well from any angle. These round toe slip on flats look ordinary but if you look carefully, you will find them not ordinary definitely. They're suitable for casual daily wear, working days, outings and parties.Breathable And Lightweight: The holes between flower patterns ensure the shoes being breathable, letting you feel cool in hot summer days. Our PU vamp fabrics and PVC sole materials make the shoes lightweight. They're totally SUMMERY shoes!Hello From HEAWISH: Welcome to our small store! Today we are just starting out but we hope we can be known and favored by more and more people. If you have any question about our products or RETURN/EXCHANGE policy, whatever, please kindly let us know and we will reply you within 24 hours. Thank you for your support!",,"Customers appreciate the shoes' style, comfort, and value for money. They find the color and design cute and perfect for dresses and pantsuits. Many mention the shoes are soft and cushiony, keeping feet tucked in comfortably without squeaking or squelching. Some customers are pleased with the shoe size, stretchability, and casual wear. However, some have mixed opinions on the fit and quality.",https://www.amazon.com/dp/B08CBVFFZ6
828,B09XRGG5NV,New Balance Women's Fresh Foam ROAV V1 Sneaker,New Balance Store,No especificado,No especificado,Women,Ships in 1-2 days,74.9512,74.9512,84.99,4.5,22024.0,9.999933450804381,400.0,5.993961427306569,True,995.0,False,"Truly Unique: The New Balance Fresh Foam Roav v1 running shoes are the ultimate in casual athletic style. Pairing a bold, attractive look with plush comfort, these cushioned running shoes are in a league of their own.Fresh Foam Midsole: Feel like you're running or walking in the clouds. The first of three proprietary technologies in this athletic shoe, Fresh Foam midsole cushioning is precision engineered to deliver an ultra-cushioned, lightweight ride.NDurance Outsole: Step up your game without wearing out your favorite running shoes. Ndurance rubber outsole technology provides superior durability in high-wear areas to help get more out of the shoes.Ultra Heel: These neutral running shoes boast a head-turning heel that performs as well as it looks. The Ultra Heel design hugs the back of the foot for a snug, supportive fit. This unique heel works alongside the bootie upper for all-day comfort.8mm Drop: These lightweight shoes feature a heel-to-toe drop of approximately 8mm. Due to variances created during development and manufacturing processes, references to 8mm are approximate.",,"Customers find the shoes comfortable and providing relief from foot pain. They appreciate the style, quality, and lightweight design. The shoes provide good support, traction, and are suitable for walking. However, some customers have mixed opinions on the fit and durability.",https://www.amazon.com/dp/B09XRGG5NV
829,B0BZ5NB719,adidas Women's Cloudfoam Pure Sportswear Sneaker,adidas Store,No especificado,No especificado,Women,In Stock,38.1849,38.1849,75.0,4.2,1390.0,7.237778191923443,300.0,5.707110264748875,True,995.0,False,"Women's shoes keep your feet feeling good all day longSNUG FIT: Adjustable laces provide a secure fitCUSHIONED MIDSOLE: Cloudfoam midsole for step-in comfort and superior cushioningRUBBER OUTSOLE: The rubber outsole provides outstanding grip and a sleek, low-profile lookMADE IN PART WITH RECYCLED CONTENT: This product features at least 20% recycled materials. By reusing materials that have already been created, we help to reduce waste and our reliance on finite resources and reduce the footprint of the products we make",,"Customers appreciate the comfortable fit and nice appearance of the shoes. They find the shoes durable and lightweight. However, some customers have difficulty putting them on due to the back heel design. Opinions vary regarding the fit, quality, and arch support.",https://www.amazon.com/dp/B0BZ5NB719
830,B0BZ5JBZ3T,adidas Women's Bravada 2.0 Platform Sneaker,adidas Store,No especificado,No especificado,Women,Low Stock,42.7039,42.7039,70.0,4.5,1091.0,6.9957661563048505,300.0,5.707110264748875,True,995.0,False,"Women's canvas shoes bring an edgy vibe to casual everyday wearSNUG FIT: Adjustable laces provide a secure fitCUSHIONED MIDSOLE: Cloudfoam midsole for step-in comfort and superior cushioningRUBBER OUTSOLE: The rubber outsole provides outstanding grip and a sleek, low-profile lookWE PARTNER WITH BETTER COTTON: The cotton in this product has been sourced through Better Cotton. Better Cotton is sourced via a chain of custody model called mass balance. This means that Better Cotton is not physically traceable to end products",,"Customers find these shoes comfortable and easy to wear. They like the style, saying they're cute and perfect for any outfit. Many customers appreciate the quality, describing them as well-made and durable. The color options are also appreciated, and customers find them a good value for money. However, some customers have differing opinions on the size, weight, and cleaning process.",https://www.amazon.com/dp/B0BZ5JBZ3T
831,B097JVM91J,HEAWISH Women's Ballet Flat Daisy Round Toe Dress Shoes Casual Slip On Rope Loafer,HEAWISH Store,No especificado,No especificado,Women,In Stock,12.945,12.945,25.89,4.2,2706.0,7.903596289614301,100.0,4.61512051684126,True,995.0,False,"【Daisy Cut-outs Design】: Daisy cut-outs form the upper of the flats shoes. The cut-outs also ensure the shoes can breathe freely.【Ultra Soft】: The padding is super soft. We have tested the softness of these low top walking flats to ensure your all-day comfort. They are so soft that we also wear them ourselves.【Casual Lifestyle】: The low top casual style is suitable to be as walking flats. You can slip them on and go when you are in a hurry.【Multiple Colors】: Black, white, grey and pink for your choice. Welcome to let us know the color you want and we will consider! :)【Easy-to-clean】:The upper's material is easy-to-clean. You can dip a cloth in water and clean the dirty surface, saving your time on cleaning shoes.",,"Customers appreciate the shoes' style, comfort, and build quality. They find the design cute and suitable for casual or dressy wear. The material feels sturdy and thick, with some stretch. Many customers find the shoes great value for money and wearable. However, opinions differ on the fit and arch support.",https://www.amazon.com/dp/B097JVM91J
832,B09TZQKDL7,Obtaom Women's Play Fashion Sneaker White Color Washed and Leopard Canvas Slip on Shoes,Obtaom Store,No especificado,No especificado,Women,In Stock,21.99,21.99,21.99,4.3,13219.0,9.489486113405677,0.0,0.0,False,995.0,False,"BEAUTIFUL COLOUR:washed Canvas is cute and fashionable,Happy feelings pass through design of Women's Obtaom Canvas ShoesFABRIC UPPER: Cotton fabric upper has moderate yarn thickness,Women's Play Fashion Sneaker is Breathable,Soft and Keep feet dry.RUBBER SOLE: rubber sole of Comfortable Canvas Slip on Shoes is Quiet and Soft when walking on hard surfaces or wet floor.The grain design pays attention to antiskid also.STURDY: Cute Low Top washed Canvas Flats have been vulcanized of high pressure and temperature (higher than many peers),have a better shape and keep for a longer time.Foam Insole padding cool fit, Women Canvas Slip-ons is Super comfort.",,"Customers find the shoes have a cute and distressed look. They are comfortable, soft, and well-made. Many customers appreciate the value for money, ease of slip-on, and wearability. However, some customers have mixed opinions on sizing.",https://www.amazon.com/dp/B09TZQKDL7
833,B094C62WFQ,Dr. Scholl's Women's Time Off Sneaker,Dr. Scholl's Store,No especificado,No especificado,Women,In Stock,70.003,70.003,100.0,4.4,5437.0,8.601166625192416,700.0,6.55250788703459,True,995.0,False,"SUSTAINABLY CRAFTED: Womens slip on fashion sneaker with eco-conscious fabric toe box, linings and topcloth made from recycled bottles, and heel counter made from recycled materialsMATERIALS: Womens casual slip on loafer made with water-resistant faux leather, canvas fabric, ripstop made from recycled plastic bottles, or partially recycled neoprene fabricFIT: Womens slip on platform sneaker with strech laces for a secure fitSUSTAINABLE COMFORT: Insole Technology with anatomical cushioning, comfort & supportMOVEMENT: Lightweight, flexible construction moves with youGREAT FOR ALL OCCASIONS: Fashion sneakers for women and women's loafers & slip-ons are great for all occasions like walking, driving, daily dressing, outdoor, indoor, office, shopping, long standing, dress, walking and working",,"Customers appreciate the shoes for their comfort, style, and fit. They find the shoes have a cute look and great color to match any outfit. The fit is true to size, with a roomy toe box and good arch support. Many customers are satisfied with the quality, walking ability, and arch support. However, opinions differ on durability and ease of cleaning.",https://www.amazon.com/dp/B094C62WFQ
834,B0CJ61N1HW,Skechers Women's Martha Stewart Bobs Sesame By the Bay,Skechers Store,No especificado,No especificado,Women,In Stock,47.6623,47.6623,62.0,4.3,384.0,5.953243334287785,100.0,4.61512051684126,True,995.0,False,MARTHA STEWART x SKECHERS COLLABSKCHERS AIR COOLED MEMORY FOAMBRUSHED CANVAS UPPERCRAFTED WITH 100% VEGAN MATERIALSCASUAL ESPADRILLE DESIGN,,"Customers appreciate the shoes for their comfort, style, and wearability. They find the cushioning nice, the natural color looks great, and the beachy casual vibe is appealing. The shoes are versatile for work or casual slacks. Many customers appreciate the quality material and thick soles that hold up well over time. The shoes provide good value for money, and they're easy to slip on. However, some customers have mixed opinions on the sizing.",https://www.amazon.com/dp/B0CJ61N1HW
835,B0C5ZRQS2X,KuaiLu Flip Flops for Women with Arch Support Yoga Mat Comfortable Summer Beach Walking Thong Cushion Sandals Slip On Indoor Outdoor,KuaiLu Store,No especificado,No especificado,Women,In Stock,13.993,13.993,19.99,4.3,12944.0,9.468464892185638,3000.0,8.006700845440367,True,995.0,False,"Womens Dressy Casual Sandals: Elegant and trendy style. Soft cloth bow knot strap sandals can dress up and down to match cute dress, trending jeans, stylish cloth. Premium arches thick cushion foam serve walking on cloud comfortCushioned Yoga Mat Footbed: Made with memory foam EVA give sandles extra cushioning and better foot care for all day walking, lightweight classy sandals are good for resort travel, vacation, wedding bride or bridal and work in officeComfort Arch Support: Supportive every step of your feet anywhere and relieves the fatigue of walking. Women's orthopedic sandals relax feet for long distance walk, improve your gait and lessen foot issues like Plantar FasciitisNon-Slip Rubber Sole: Deep texture waterproof tread function with perfect traction and grip to ensure the best protection, gives you peace of mind when summer pool beach partys or bath, shower in bathroomPartner for Summer: Classic flat sandals are perfect for various outfits and scenes. These Pretty sandals can match y2k tops,workout sets,lounge shorts, resort wear, going out outfits and fashion swimsuits",,"Customers find these sandals comfortable and easy to walk in. They provide great sole support and don't irritate their toes. The sandals look pretty and go well with clothes. Customers say the fit is true to size, and the upper is soft and conforms to their feet. Many consider them a good purchase, well worth the price. Customers appreciate the arch support, wearability, and flip-flop quality. However, opinions differ on the build quality.",https://www.amazon.com/dp/B0C5ZRQS2X
836,B0BHPS8B12,adidas Women's Swift Run Sneaker,adidas Store,No especificado,No especificado,Women,In Stock,60.0033,60.0033,90.0,4.4,297.0,5.697093486505405,200.0,5.303304908059076,True,995.0,False,"100% RubberMade in the USA or ImportedEthylene Vinyl Acetate soleShaft measures approximately low-top"" from archRegular Fit. The Swiftrun Shoe RUNS LARGE. We recommend sizing downLightweight EVA midsole; Enjoy the comfort and performance of OrthoLite sockliner",,"Customers find the shoes comfortable and good for walking. They appreciate the soft upper, flexible sole, and no foot sweat. The shoes look nice and are sturdy enough for workouts. Customers also like the flexibility, ease of use, and weight. However, some customers have differing opinions on how well the shoes fit.",https://www.amazon.com/dp/B0BHPS8B12
837,B08NDMWJV9,INZCOU Running Shoes Lightweight Tennis Shoes Non Slip Gym Workout Shoes Breathable Mesh Walking Sneakers,INZCOU Store,No especificado,No especificado,Women,In Stock,36.9827,36.9827,50.99,4.3,13370.0,9.500843461614666,50.0,3.9318256327243257,True,995.0,False,"Lightweight and Breathable : The upper of running shoes is made of highly elastic flying woven fabric, which is light and breathable. The densely woven net builds a three-dimensional upper surface that comfortably wraps the ankle. The soft fabric will expand and expand with the feet, maximizing the breathability and keeping the feet drySlip-resistant and wear-resistant : Upgraded non-slip MD sole with non-slip patch to improve the non-slip performance of shoes. MD sole is not only light in material, but also has good elasticity and wear resistanceComfortable Lining : INZCOU tennis shoes lining is skin-friendly and soft, which can reduce foot friction, protect your feet, and bring you a soft and comfortable foot feelApplicable to many occasions : These running walking shoes are suitable for gym exercise, walking, jogging, biking, hiking, traveling, etc. You can also give it as a gift to your family or friends, it will be a good choice for giftsCleaning method : This product is easy to clean, washing, washing machine cleaning can be, drying to avoid prolonged direct sunlight",,"Customers appreciate the shoes' comfort, style, and lightweight design. They find the bottom cushioning sufficient and the sole not too soft or thin. Many customers like the vibrant colors and camo pattern. The shoes are considered a good value for money. However, some customers have differing opinions on the fit and quality.",https://www.amazon.com/dp/B08NDMWJV9
838,B0BN28RWW8,DeYashopin Women's Flats Shoes Leisure Shoes Slip On Work Shoes Comfort Walking Shoes,DeYashopin Store,No especificado,No especificado,Women,In Stock,34.171,34.171,37.97,4.2,2854.0,7.956827122090111,100.0,4.61512051684126,True,995.0,False,"The Shoes are perfect for walking or driving with beautiful and recognizable bottom pattern design,it shows high quality from details. Choose these comfy flats when taking off heels.The slip on flats with thick Latex cushioned insole for all-day wearing. Enjoy a classic, timeless style in the women's dress shoesLook great with skirts, dresses, and skinny jeans, meets different professions such as teachers, nurses, office ladies, and different occasions such as work, date, gift, etcThe smooth microfiber upper is chose due to its excellent performance on softness, bending resistance and durability. Breathable canvas lining keeps feet refreshing all dayThe shoes for women offers versatility and modern appeal with a slip-on design, squared toe, and metal accessories at the vamp to complement the ballerina silhouette.",,"Customers find the shoes comfortable and stylish. They appreciate the soft, durable material and true-to-size fit. Many find them a good value for money, though some have issues with stitching. Opinions differ on the quality and arch support.",https://www.amazon.com/dp/B0BN28RWW8
839,B096PFYLSH,"TOMS Women's, Alpargata Slip-On",TOMS Store,No especificado,No especificado,Women,In Stock,19.952,19.952,24.98,4.5,4707.0,8.457018468380168,200.0,5.303304908059076,True,995.0,False,"Classic AlpargataEarthwise textile uppers in recycled cotton canvasRecycled cotton lining and footbedElastic gore for easy fitNon-removable insole with 50% eco content (25% recycled PU foam, 15% recycled rubber, 10% bio oil)",,"Customers find the shoes comfortable and cozy with a fleece lining. They appreciate the cute style, color, and pattern. Many customers find the shoes well-made and lightweight. However, some have issues with stiffness and disagree on the fit and durability.",https://www.amazon.com/dp/B096PFYLSH
840,B0C2JWQNTN,adidas Women's Kaptir Flow Sneaker,adidas Store,No especificado,No especificado,Women,Other,38.5257,38.5257,90.0,4.6,624.0,6.437751649736401,100.0,4.61512051684126,True,995.0,False,"Women's running-inspired shoes for everyday wearCLOUDFOAM SOCKLINER: Cloudfoam sockliner for comfort and lightweight cushioningBOUNCE: Lightweight Bounce cushioning provides enhanced comfort and flexibilityRUBBER OUTSOLE: The rubber outsole provides outstanding grip and a sleek, low-profile lookMADE IN PART WITH RECYCLED CONTENT: This product features at least 20% recycled materials. By reusing materials that have already been created, we help to reduce waste and our reliance on finite resources and reduce the footprint of the products we make",,"Customers appreciate the comfortable and supportive shoes that fit true to size. They like the look, color, and quality of the shoes. Many find them lightweight, easy to slip on, durable, and good value for money.",https://www.amazon.com/dp/B0C2JWQNTN
841,B0CGZL5KZR,Brooks Women's Glycerin 21 Neutral Running Shoe,Brooks Store,No especificado,No especificado,Women,In Stock,109.9531,109.9531,159.95,4.5,1239.0,7.122866658599083,500.0,6.2166061010848646,True,995.0,False,"THIS WOMEN'S SHOE IS FOR: The Glycerin 21 is perfect for runners seeking super-soft cushioning for supreme comfort. The plush internal fit and soft, stable transitions keep runners surrounded by super-softness. This Brooks Glycerin 21 has been granted the APMA Seal of Acceptance.NEUTRAL SUPPORT: Provides neutral support while offering the maximum amount of cushioning. Ideal for road running, cross training, the gym or wherever you might want to take them! Predecessor: Glycerin 20. Look for the Brooks Glycerin GTS 21 for the same style with added support.SUPREME SOFTNESS: The ultimate in softness with even more super-soft nitrogen-infused DNA Loft v3 cushioning, optimized to be lightweight, responsive, and durable for plush comfort.PLUSH IMPROVED FIT: The plush feel of an internal stretch bootie surrounds your foot and moves and expands with your stride. The newly engineered warp knit upper is breathable and allows for a flexible, accommodating fit while staying soft against the foot.SMOOTH, STABLE TRANSITIONS: The broad platform stabilizes your foot and promotes smooth heel-to-toe transitions for a supremely soft on-the-run experience.",,"Customers find the shoes comfortable with good cushioning and support. They appreciate the wide width for those with wide feet and the roomy toebox. The shoes are durable and lightweight, though opinions differ on whether they provide good value for money.",https://www.amazon.com/dp/B0CGZL5KZR
842,B01MRVU8WD,Clarks Women's Emslie Lulin Dress Pump,Clarks Store,No especificado,No especificado,Women,In Stock,63.1026,63.1026,85.0,4.5,9680.0,9.177920480720072,300.0,5.707110264748875,True,995.0,False,"Heel height 2.16""Ortholite footbedCushion softLining Material is Textile",,"Customers find these shoes comfortable and well-fitting. They look cute and dress up an outfit. The shoes are perfect for work, with a wide toe box and heels that are not too wide. The material is sturdy and durable, with solid rubber soles.",https://www.amazon.com/dp/B01MRVU8WD
843,B076TG95HL,Skechers Women's Summits Sneaker,Skechers Store,No especificado,No especificado,Women,In Stock,40.0118,40.0118,49.0,4.5,64950.0,11.081388418439035,200.0,5.303304908059076,True,995.0,False,Skechers Memory Foam cushioned comfort insoleSoft flat mesh knit upper with a bungee-laced frontLightweight flexible shock-absorbing midsoleMachine washableSlip-on athletic sporty sneaker design,,"Customers find the shoes comfortable and easy to wear. They appreciate the soft bottoms with memory foam feel. The shoes have a nice look and are great for daily wear. Many customers like the weight and ease of putting them on. However, some have differing opinions on the fit, build quality, and arch support.",https://www.amazon.com/dp/B076TG95HL
844,B0CL4XJCJW,Genuine Suede Clogs for Women Men Soft Cork Footbed Leather Mules Comfort Potato Shoes with Arch Support,ODOLY Store,No especificado,No especificado,Women,In Stock,23.9917,23.9917,28.99,4.2,794.0,6.678342114654332,1000.0,6.90875477931522,True,995.0,False,"Classic Leather Clogs: The upper and insole are made of genuine suede, providing a soft and cozy touch for ultimate comfort. The worn buckle features a complemented by vintage tones, classic clogs for men and women in a fashionable closet. Slip them on and you're off!Ultimate Comfort: Soft deep heel cup cork footbed fits the foot shape great, preventing slipping off. Arch support relieves pressure, giving your tired feet a relaxing experience. Adjustable buckle allows various feet and lets you stay comfortably stylish with our fashionable clogs.Premium Material: The leather fabric is tough and not easy to break. The buckle fittings are solid metal and the non-slip soles are thickened. Carefully selected materials for each part ensure sturdiness and durability, suitable for year-round use and everyday wear.Wide Application: With multiple colors and trendy styles, the backless mules are suitable for any occasion, such as walking around the house, going for a walk in the park, walking the dog, or shopping. Whether for leisure activities or work, these easy to slip on and off clogs will suit what is in your favor.Stylish Choice: As a timeless fashion item, we expect ODOLY clogs to add a touch of beauty to life. If you have any questions about our shoes, please contact us at any time.",,"Customers find these shoes comfortable and well-made. They like the cute look and color that complements various outfits. The slip-on design is convenient for them. However, some customers have issues with sizing and stiffness.",https://www.amazon.com/dp/B0CL4XJCJW
845,B079GXK2KS,Converse Chuck Taylor All Star Lift Women's Lace Up Canvas Sneaker,Brand: Converse,No especificado,No especificado,Women,In Stock,69.957,69.957,75.0,4.7,10876.0,9.294405747093851,400.0,5.993961427306569,True,995.0,False,"Fabric: CanvasRubber soleRemovable insole, Signature logo patchPlatform: 1.25in / 30mmRounded toe",,"Customers appreciate the shoes' stylish design and versatility from a fashion perspective. They find the shoes comfortable, with cushioned soles and soft canvas material that softens after a few wears. Many customers consider the shoes great quality and value for money. However, some have differing opinions on the fit and overall quality.",https://www.amazon.com/dp/B079GXK2KS
846,B07GQDTNWK,Clarks Women's Juliet Palm Loafer,Clarks Store,No especificado,No especificado,Women,In Stock,49.9941,49.9941,85.0,4.2,9145.0,9.121071904218,50.0,3.9318256327243257,True,995.0,False,Juliet Palm - A pair of flexible elastic gores and a curved topline provide this loafer style with an easy slip-on fitOrthoLite footbedCushion Soft paddingResposibly sourced leather upper1 inch heel height,,"Customers appreciate the comfort, style, and quality of the shoes. They find the insole soft and supportive, with a nice shape and color. Many find the shoes wearable and good value for money. However, some customers have issues with peeling paint and mixed opinions on the fit and build quality.",https://www.amazon.com/dp/B07GQDTNWK
847,B09ZLMK2Q5,"Womens Jacquard Standard Length Saree, Mustard, Free Size",Brand: Yashika,No especificado,No especificado,Novelty & More,In Stock,17.9,17.9,17.9,3.3,317.0,5.762051382780177,0.0,0.0,False,995.0,False,"Care Instructions: Machine Wash.Fabric:Art silk::Saree Length- 5.20 Mtr, Blouse: 0.80 Mtr.1 Saree With Attached Blouse Piece.Note: Slight Color Variation is possible due to difference in monitor resolutions and digital photography - The images displayed is for representation purpose only.",,,https://www.amazon.com/dp/B09ZLMK2Q5
848,B0BRVDXXYV,Womens Kanjivaram Banarasi Silk Saree Patola saree with Unstitched blouse piece free,Brand: SWORNOF,No especificado,No especificado,Novelty & More,In Stock,70.0,70.0,70.0,4.0,300.0,5.707110264748875,0.0,0.0,False,995.0,False,"Material : Soft silkDesign : silk sareeFeatures : Saree With Blouse PieceStyle : The Texture And Weight Of The Saree Brings Image Prints One Step Closer To The Originals And Invites AttentionOccasion : Sarees for women, festive, traditional saree. Best birth-day gift for your loved ones. Each piece is elegantly crafted and will surely add to your wardrobe",,,https://www.amazon.com/dp/B0BRVDXXYV
849,B08354NT7W,Women's Banarasi Silk Blend Woven Zari With Tussles Saree and Jacquard Woven Blouse Piece,Monjolika Fashion Store,No especificado,No especificado,Women,In Stock,43.28,43.28,43.28,4.0,2170.0,7.682943169878292,0.0,0.0,False,995.0,False,"Saree Fabric : Banarasi Silk , Blouse Fabric: Banarasi SilkSaree Length: 5.5 Meter , Blouse Length: 0.8 MeterSaree Work : Zari WovenWash Care :- Dry clean onlyheavy traditional banarasi art silk saree with blouse piece.",,,https://www.amazon.com/dp/B08354NT7W
850,B0CXY1H4NG,Ethnic Junction Women's Art Silk Cotton Kalamkari Print Saree With Blouse Piece,Brand: EthnicJunction,No especificado,No especificado,Sin categoría,In Stock,20.4,20.4,20.4,4.2,209.0,5.3471075307174685,0.0,0.0,False,995.0,False,"Saree Details || Saree Fabric :- Art Silk | Saree Pattern :-Printed | Saree Work :- Tassel | Saree Length :- 5.5 Meter | Saree Type :-Kalamkar | Saree Color : Black ||Blouse Details || Blouse Fabric :- Art Silk | Blouse Pattern :- Printed | | Length :- 0.80 Meter | Blouse Color :- Black ||Fit & Type || This is Kalamkar 5.5 Meter Saree & Unstitched 0.80 Meter Blouse PieceCare Instructions: Machine WashOccasions: Party, festive, wedding wear, traditional wear. Best gift for your loved ones.",,,https://www.amazon.com/dp/B0CXY1H4NG
851,B085G4DXLK,Women Art silk Sarees SDPL-METRO,Brand: Yashika,No especificado,No especificado,Novelty & More,In Stock,14.83,14.83,14.83,3.4,2994.0,8.00469951054955,0.0,0.0,False,995.0,False,Care Instructions: Hand WashSaree Fabric :-70% Art silk 30% polyester || Blouse Fabric :- 70% Art silk 30% polyesterThe length of the Saree is 5.5 mtrs and Blouse is 0.80 mtrsSaree Pattern - Floral || Blouse Pattern -PlainVenkatagiri Printed SareeProduct color may slightly vary due to photographic lighting sources on your monitor settings or device setting and lighting used in mode,,,https://www.amazon.com/dp/B085G4DXLK
852,B0D8GYHB4M,Women's Pure Banarasi Silk Saree Kanjivaram Style Saree With Blouse Piece For Wedding (Vruksh),Brand: C J Enterprise,No especificado,No especificado,Sin categoría,In Stock,26.24,26.24,26.24,3.7,1088.0,6.9930151229329605,0.0,0.0,False,995.0,False,Type: Banarasi Traditional Silk SareeColor: MaroonFabric: Saree: Lichi Silk Blend || Blouse: Lichi SilkDimension: Saree: 5.5 M || Blouse: 0.8 MPerfect for Event: Festive Wear Saree || Occasional Wear Saree || Party Wear Saree || Traditional Wear Saree || Wedding Wear Saree || Reception Wear Saree || Butta Sarees Latest Design || Paisley Sarees For Women,,,https://www.amazon.com/dp/B0D8GYHB4M
853,B0B6FHTHQC,Women's Kanjivaram Soft Silk Saree With Blouse Piece 6.3metres,Brand: SGF11,No especificado,No especificado,Novelty & More,In Stock,59.0016,59.0016,69.99,4.1,1500.0,7.313886831633462,50.0,3.9318256327243257,True,995.0,False,"Fabric:- Kanjivaram Pure Zari Woven Soft Silk, Blouse Fabric:- Kanjivaram Pure Zari Woven Soft Silk. Work:-Jacquard Woven Stylish Sari, Zari Woven.Saree Length:5.50Meter, Blouse Piece Length: 0.80 Meter( Unsticthed, Attached With Saree)Other Details : {Soft Finished Comfortable To Wear and Easy To Take Fleets } {Size-Free Size} { Saree Is Not Transparent } Package Included: 1 Saree with 1 Blouse Piece",,"Customers appreciate the saree's color, softness, and wearability. They find it pretty, easy to pleat and wear, and love how it feels. However, some customers have reported issues with the material quality, such as fraying or poor fabric borders.",https://www.amazon.com/dp/B0B6FHTHQC
854,B0D8198XHF,"SIRIL Women's Art Silk Self Woven, Jacquard Border Saree With Unstitched Blouse Piece (3590S254A_Maroon)",SIRIL Store,No especificado,No especificado,Novelty & More,Unavailable,28.95,28.95,28.95,4.0,14.0,2.70805020110221,0.0,0.0,False,995.0,False,"Saree Fabric: Art Silk | Blouse Fabric: Art Silk | Work:: Saree: Jacquard | Blouse: Self Woven, Jacquard BorderLength:: Saree: 5.50Mtr | Blouse: 0.80Mtr, Which Need To Be Stitched As Per Size And Fit | Package Content : 1 Saree With 1 Unstitched Blouses PieceColour:: Saree Color: Maroon | Blouse Color: MaroonOccassion: This Saree Is Suitable To Get A Contemporary Stylish Look In Normal Occasions, College Farewell, Family Get Together, Regular Or Daily Use, Office Or Work Or Gifting To Loved OneOccassion: This Saree Is Suitable To Get A Contemporary Stylish Look In Normal Occasions, College Farewell, Family Get Together, Regular Or Daily Use, Office Or Work Or Gifting To Loved One",,,https://www.amazon.com/dp/B0D8198XHF
855,B0D2HTM4XW,"Women's Latest Chiffon Batik Printed Saree with Blouse Piece, Light Blue, White, One Size, Light Blue, White, One Size",Brand: MIRCHI FASHION,No especificado,No especificado,Sin categoría,Low Stock,45.99,45.99,45.99,3.2,30.0,3.4339872044851463,0.0,0.0,False,995.0,False,"Design :: Elegant Batik Block Printed DesignFabric :: Saree - Chiffon | Blouse - ChiffonColor :: Saree - Light Blue, White | Blouse - Light BlueSaree - 5.5Mtr, Blouse - 0.8Mtr (Need To Be Stitched As Per Size And Fit)This saree is suitable to get a contemporary stylish look in normal occasions, family get together, regular or daily use, office or work wear or gifting to loved one",,,https://www.amazon.com/dp/B0D2HTM4XW
856,B0D9FWQQFT,Women's Kanjivaram Banarasi Soft Silk Saree With Unstitched Blouse Piece (Silk Box Flower),Brand: Sidhidata,No especificado,No especificado,Sin categoría,In Stock,33.0932,33.0932,49.0,3.8,87.0,4.477336814478207,0.0,0.0,False,995.0,False,"Saree Fabric : Kanjivaram Banarasi Silk , Blouse Fabric : Soft Litchi SilkSaree Work : Banarasi Silk Digital Print Pattern Multicolour Pallu Saree With Copper Zari Work on SareeSaree Length : 5.5 Meter , Blouse Length : 0.8 Meter || Colour : MustardWhole Saree is Exact As Shown In Image & This is Very Soft Fabric So Comfertable to wear and it's Comes With Digital Print Pattern PalluWeave Type: Banarasi Silk| Included Components: Saree With Unstitched Blouse Piece",,,https://www.amazon.com/dp/B0D9FWQQFT
857,B0BC3PS8XJ,SIRIL Women's Bandhani Printed Chiffon Saree With Blouse(2612S2080_) 5.5 Meters Orange & Red,SIRIL Store,No especificado,No especificado,Women,Unavailable,28.95,28.95,28.95,3.8,763.0,6.638567789166521,0.0,0.0,False,995.0,False,"Saree Fabric: Chiffon | Blouse Fabric: ChiffonLength:: Saree: 5.50Mtr | Blouse: 0.70Mtr, Which Need To Be Stitched As Per Size And FitColour:: Saree Color: Pink & Orange | Blouse Color: PinkWork:: Saree: Bandhani Printed | Blouse: Lace & PrintedPackage Content : 1 Saree With 1 Blouses Pice Included",,"Customers appreciate the saree's color and fabric quality. They find it hangs nicely, is soft, and of good quality.",https://www.amazon.com/dp/B0BC3PS8XJ
858,B08M429KCV,Women Art Silk Lace Printed Saree Free Size (AIR),Brand: Yashika,No especificado,No especificado,Women,In Stock,14.83,14.83,14.83,3.6,1501.0,7.31455283232408,0.0,0.0,False,995.0,False,"Care Instructions: Dry clean onlySaree Fabric:Art Silk, Blouse Fabric :Art Silk75% Art Silk, 25% Silk blendOccassion - Party Wear || Evening Wear || Wedding Wear",,,https://www.amazon.com/dp/B08M429KCV
859,B0BW7BVZRQ,Women's Kanjivaram Soft Silk Saree With Blouse Piece (Purple) 6.3metres,Brand: SGF11,No especificado,No especificado,Novelty & More,In Stock,59.0,59.0,59.0,4.0,186.0,5.231108616854587,0.0,0.0,False,995.0,False,Silk,,,https://www.amazon.com/dp/B0BW7BVZRQ
860,B0D3XM6H68,SIRIL Women's Satin Silk Hot Fixing Saree with Unstitched Blouse Piece,SIRIL Store,No especificado,No especificado,Novelty & More,Unavailable,28.95,28.95,28.95,4.1,275.0,5.62040086571715,0.0,0.0,False,995.0,False,"Saree Fabric : Satin || Blouse Fabric : SatinLength :: Saree : 5.50 Mtr || Blouse : 0.80 Mtr which Need to be stitched as per size and fitColor :: Saree Color : Dusty Mauve || Blouse Color : Dusty Mauve || Disclaimer : Colour Of The Actual Product May Slightly Vary Due To Different Photographic Lighting Sources Or Your Display Color Settings Or Screen Type.Work :: Saree : Stone Work || Blouse : DyedPackage Content : 1 Saree With 1 Unstitched Blouses Piece || Occassion: This Saree Is Suitable To Get A Contemporary Stylish Look In Normal Occasions, College Farewell, Family Get Together, Regular Or Daily Use, Office Or Work Or Gifting To Loved One.",,,https://www.amazon.com/dp/B0D3XM6H68
861,B0BNF2F5QZ,Indian Women's Navy Blue Woven Design Banarasi Silk Saree with Unstitched Blouse Piece (SOHNA2001_Parent),Brand: AKHILAM,No especificado,No especificado,Novelty & More,In Stock,32.94,32.94,32.94,3.9,573.0,6.352629396319567,0.0,0.0,False,995.0,False,Dry Clean Only,,,https://www.amazon.com/dp/B0BNF2F5QZ
862,B0BPY4RXD3,Women Rayon Anarkali Embroidered Printed Anarkali Salwar Kameez,Brand: Rangnavi,No especificado,No especificado,Women,Low Stock,45.02,45.02,45.02,3.8,5282.0,8.572249397164315,0.0,0.0,False,995.0,False,"Size Chart- Kurta- XS- 34 in , S-36 in , M-38 in , L-40 in , XL-42 in , XXL-44 in. For More Please refer to the size Chart below..Package Contains 1 kurta ,1 Palazzo & DupattaFabric Kurta :- Rayon , Palazzo - Rayon & Dupatta- ChifonColour Declaration : There might be slight variation in the actual color of the product due to different screen resolutions.SLEEVE:- 3/4 Regular Sleeves // Neck Style:- Cowl Neck",,"Customers appreciate the nice color and comfort of the salwar suit set. They find it looks very nice and calming to the eyes. However, opinions differ on the material quality and sizing.",https://www.amazon.com/dp/B0BPY4RXD3
863,B0B7S9HP64,Women's Maroon Poly Crepe A-line Kurta Set With Dupatta,FIORRA Store,No especificado,No especificado,Women,Other,44.99,44.99,44.99,4.0,6666.0,8.80492526261806,0.0,0.0,False,995.0,False,Kurta Material: Poly Crepe Pant Material: Poly Crepe Dupatta Material: GeorgetteStyle: Straight kurta Calf Lenth with 3/4 SleeveThis Product Ready Chest Size: Small= 36 (Inch) Medium=38 (Inch) Large=40 (Inch) Xl=42 (Inch) XXl=44 (Inch)Package contain: Top Bottom DupattaDisclaimer: Product color may slightly vary due to photographic lighting sources or your monitor settings,,"Customers appreciate the simple yet pretty style of the salwar suit set. They like the color and nice details on the dupatta. The material quality is high-quality, and the stitching is impeccable. It's a quick fix Eid outfit for them. However, some customers have mixed opinions on the fit.",https://www.amazon.com/dp/B0B7S9HP64
864,B0CW3JYMFM,Women's Heavy Cotton Thread & Sequence Embroidery Work Unstitched Salwar Suit Dress Material With Chanderi Sequence Work Dupatta (DM Fighter Cream_Cream_Free Size),Brand: Sidhidata,No especificado,No especificado,Women,In Stock,34.88,34.88,34.88,3.7,214.0,5.3706380281276624,0.0,0.0,False,995.0,False,"Top Fabric : Cotton || Bottom Fabric : Santoon || Dupatta Fabric : Cotton || Colour : CreamLength : Top- 2.10 Mtr || Bottom & Inner- 3.60 Mtr || Dupatta- 2.15 Mtr.Style : Multi Thread & Sequence Embroidery Work | Dress Material with Full Embroidered DupattaSoft Fabric With Stylish Look Traditional Unstitched fabric suitable for daily wear, work wearThis Suit & Slawar will complement your ethnic look and will look smart even with your traditional attire. A perfect gift for women and girls for all occasions can be used as functions and ceremonies.",,,https://www.amazon.com/dp/B0CW3JYMFM
865,B0CCYJP95Y,Women's Cotton Printed Straight Kurta With Palazzo & Dupatta Set,Meera Fab Store,No especificado,No especificado,Women,In Stock,31.0611,31.0611,34.99,3.6,2069.0,7.635303886259415,0.0,0.0,False,995.0,False,"Size Chart- Kurta- XS- 34 in , S-36 in , M-38 in , L-40 in , XL-42 in , XXL-44 in. For More Please refer to the size Chart below..Package Contains 1 kurta ,1 Palazzo & DupattaFabric Kurta :- Cotton , Palazzo - Cotton & Dupatta- MulmulColour Declaration : There might be slight variation in the actual color of the product due to different screen resolutions.SLEEVE:- 3/4 Regular Sleeves // Neck Style:- Round Neck",,"Customers appreciate the suit's color, describing it as rich and beautiful. However, some find the size too small, with the top being still too small even after ordering a larger size.",https://www.amazon.com/dp/B0CCYJP95Y
866,B0D94JPN1P,Women's Cotton Printed Unstitched Salwar Suit Dress Material With Printed Dupatta (Batik_Free Size),Brand: Sidhidata,No especificado,No especificado,Women,In Stock,33.98,33.98,33.98,4.1,135.0,4.912654885736052,0.0,0.0,False,995.0,False,Fabric Details : Top- Cambric Cotton || Bottom & Inner : Cotton || Dupatta- Cotton || Colour- SeagreenLength : Top- 2.10 Mtr || Bottom & Inner- 2.40 Mtr || Dupatta- 2.10 Mtr.Style : Soft Fabric With Stylish Look Dress material with Printed Matching Dupatta || Work : PrintedType- Un-stitched Dress Material fit upto XXXL.This Suit & Slawar will complement your ethnic look and will look smart even with your traditional attire. A perfect gift for women and girls for all occasions can be used as functions and ceremonies.,,,https://www.amazon.com/dp/B0D94JPN1P
867,B0C2DFMQ3V,Women's Heavy Cotton Embroidery Work Unstitched Salwar Suit Dress Material With Chanderi Work Dupatta (Free Size),Brand: Sidhidata,No especificado,No especificado,Computers & Accessories,In Stock,33.98,33.98,33.98,3.3,520.0,6.255750041753367,0.0,0.0,False,995.0,False,Fabric Details : Top- Cotton || Bottom & Inner : Heavy Crepe || Dupatta- Chanderi Work || Colour- Light PinkLength : Top- 2.10 Mtr || Bottom & Inner- 3.60 Mtr || Dupatta- 2.20 Mtr.Style : Soft Fabric With Stylish Look Dress material with Chanderi work Dupatta || Work : EmbroideryType- Un-stitched Dress Material fit upto XXXL.This Suit & Slawar will complement your ethnic look and will look smart even with your traditional attire. A perfect gift for women and girls for all occasions can be used as functions and ceremonies.,,,https://www.amazon.com/dp/B0C2DFMQ3V
868,B0DQ5FMMKX,MR CREATION Women's Wedding Special Floral Lehenga Choli with Foil Print & Gotta Patti Dupatta(PINK),Brand: MR CREATION,No especificado,No especificado,Sin categoría,Unavailable,28.95,28.95,28.95,3.9,9.0,2.302585092994046,0.0,0.0,False,995.0,False,"Lehenga Fabric : Tussar Silk, Blouse fabric : Tussar Silk, Dupatta fabric : Tussar SilkLehenga Work : Patola Print With foil work, Blouse work : foil Printed, Dupatta work : Patola Print with Gotta Patti Lace Border also comes with tasselsLehenga Waist : SUPPORTED UP TO 42, Lehenga Closer : Drawstring With Heavy Tassels and Zip, Stitching : Stitched With Canvas and attached with Can Can, Flair : 3.40 Meter, Inner : Micro CottonLehenga Length : 41 inch, Blouse Length : 0.80 Meter, Dupatta Length : 2.5 MeterPackage Contain : Lehenga, Blouse, Dupatta, Drawstring with Zip, Tassels",,,https://www.amazon.com/dp/B0DQ5FMMKX
869,B0DY18VBQQ,TRENDMALLS Women's Art Silk Embroidery Sequin work Lehenga Choli with Dupatta Ready To Wear,TRENDMALLS Store,No especificado,No especificado,Sin categoría,Unavailable,28.95,28.95,28.95,4.4,2918.0,7.978996370854115,0.0,0.0,False,995.0,False,"Material: Lehenga,Choli Blouse,Dupatta: Art Silk; Inner:CrepeColor: Lehenga,Choli Blouse: OffWhite, Dupatta: RedMeasurements: Lehenga Flair: 3 mt, Height: 42 in; Waist:42 in|| Choli Blouse: 1 mt, Dupatta Length: 2.5 mtWork: Golden Embroidery Sequin workPackage Contains: 1 Semi Stitched Lehenga with cancan and canvas inner, Unstitched Choli Blouse,Dupatta",,,https://www.amazon.com/dp/B0DY18VBQQ
870,B0BN39ZRYD,TRENDMALLS Women 's White Georgette Embroidery Sequence Work Lehenga Choli Set with Dupatta For Women,TRENDMALLS Store,No especificado,No especificado,Novelty & More,In Stock,94.0,94.0,94.0,4.4,261.0,5.568344503761097,0.0,0.0,False,995.0,False,"Care Instructions: Dry Clean OnlyLehenga Fabric : Georgette fabric , Lehenga Inner : Silk | Lehenga Work : Lucknowi special Embroidery With 3 MM Sequence Work | Lehenga Stiching type : Semistich Upto 44 with canvas pataCholi Fabric : Gorgette , Choli Work : Embroidery with 3Mm Sequnce | Choli Size : Unstich Upto 44DupataFabric : Georgette | DupataWork : Sequnce with Rivet moti with moti lace broder four sidePackage Contains: 1 Semi-Stitched Lehenga with Dupatta and Unstitched Blouse / Ideal Occasion Type :- Festival, Wedding, Party, Traditional & Indian Culture Wear, Sophisticated, Trendy, Elegant Wear",,,https://www.amazon.com/dp/B0BN39ZRYD
871,B0D79971PT,"Kedar Fab Embroidered Georgette Fabric Lehenga Choli with Dupatta for Women, Green, Free Size",Brand: KEDARFAB,No especificado,No especificado,Sin categoría,Unavailable,28.95,28.95,28.95,3.8,9.0,2.302585092994046,0.0,0.0,False,995.0,False,Lehenga Details :: Fabric-Georgette : Size and Fit-Free Size (Semi Stitched) : Hight-42 to 42.5 inches : Waist-Adjustable upto 44 inchesBlouse Details :: Fabric-Georgette : Work-Embroidery : Size-0.8 Mtr : Sleeves-Full Sleeve : Neck-V NeckDupatta Details :: Fabric-Georgette : Colour-Green : Size and Fit-Free Size : Length-2 Mtr,,,https://www.amazon.com/dp/B0D79971PT
872,B0D79795VN,"Embroidered Georgette Fabric Lehenga Choli with Dupatta for Women From Kedar Fab, Black, Free Size",Brand: KEDARFAB,No especificado,No especificado,Sin categoría,Unavailable,28.95,28.95,28.95,3.1,15.0,2.772588722239781,0.0,0.0,False,995.0,False,Lehenga Details :: Fabric-Georgette : Size and Fit-Free Size (Semi Stitched) : Hight-42 to 42.5 inches : Waist-Adjustable upto 44 inchesBlouse Details :: Fabric-Georgette : Work-Embroidery : Size-0.8 Mtr : Sleeves-Half Sleeve : Neck-V NeckDupatta Details :: Fabric-Georgette : Colour-Black : Size and Fit-Free Size : Work-Embroidery : Length-2 Mtr,,,https://www.amazon.com/dp/B0D79795VN
873,B0B4FWZB49,womens A-line,Brand: Stylum,No especificado,No especificado,Women,In Stock,27.0,27.0,27.0,3.8,812.0,6.70073110954781,0.0,0.0,False,995.0,False,Floral Printed Rayon A-Line Kurta with Wooden Button DetailingMaterial:- Rayon || Print & Pattern :- Floral PrintOccasion:- Casual || Style Type:- A-LineNeck:- Mandarin Collar || Sleeve:- Half Sleeve || Length:- Calf LengthProduct color might slightly vary due to photographic lighting sources or your monitor settings,,,https://www.amazon.com/dp/B0B4FWZB49
874,B0DQ8CSQ6N,Women's Chanderi Stitched Printed Kurta Set for Women,Brand: Sun Fashion And Lifestyle,No especificado,No especificado,Sin categoría,Unavailable,28.95,28.95,28.95,3.7,13.0,2.6390573296152584,0.0,0.0,False,995.0,False,"Kurti Fabric - Chanderi | Perfect choice for Gifting your loved onesStyle - Straight with side slit | Length - Calf Length | Sleeves - Elbow Sleeves |Work -Floral PrintedKurti Size -XS-34in, S-36in, M-38in, L-40in, XL-42in,2XL-44inBest for casual daily wear, office wearProduct Color May Slightly Vary Due To Photographic Lighting Sources Or Your Monitor Settings",,,https://www.amazon.com/dp/B0DQ8CSQ6N
875,B0B391RPYX,rytras Women's Cotton Printed Straight Kurti (RYT311_Blue_XX-Large),Brand: rytras,No especificado,No especificado,Women,In Stock,31.23,31.23,31.23,3.7,430.0,6.066108090103747,0.0,0.0,False,995.0,False,Pull On closureMachine Wash,,,https://www.amazon.com/dp/B0B391RPYX
876,B0C8LJ64HH,PURE CHAMP 3Pk Boys Sweatpants Fleece Athletic Workout Kids Clothes Boys Joggers with Zipper Pocket and Drawstring Size 4-20,PURE CHAMP Store,No especificado,No especificado,Boys,In Stock,38.83,38.83,38.83,4.2,2516.0,7.830822995135316,1000.0,6.90875477931522,True,995.0,False,"A Must for Your Little One's Wardrobe: Whether you're looking to make sure your kids enjoy a comfortable, modern look on their casual activities, or you simply want them to be protected during those cold days, these boys sweatpants are the perfect solution!Premium Fleece Fabric: Our Joggers for boys are made employing superior grade, highly durable materials, a combination of 60% cotton and 40% polyester, machine washable, non-fading, and highly resilient for the active lifestyle.Stylish and Modern Look: These Boys athletic pants feature a chic, sporty look with convenient and practical zipper pockets, being ideal for wearing with your favorite t-shirt, hoodie or sports jacket!Convenient Pack of 3: Available in several beautiful color combinations, arriving in sets of 3 per pack, these kids sweatpants will instantly become their favorite! The lightweight, breathable texture keeps the skin ventilated and dry, while the closed pockets are ideal for storing smartphone, keys, ear buds, cash and more!The Possibilities Are Endless: Order these boys joggers as a practical birthday gift for your kids, and you can be sure they'll love them! Our boys pants is perfect for running, training, sports, gym class and other fun activities.",,"Customers appreciate the pants' fit, softness, and appearance. They find the size accurate, with an adjustable waistband and drawstring for a better fit around the waist. Many like the colors and warmth of the pants. However, some customers report that the material pilled after the first wash. There are mixed opinions on the overall quality.",https://www.amazon.com/dp/B0C8LJ64HH
877,B0743MHBYZ,Ultra Dry Thermal Underwear For Kids Long Johns Fleece Lined Leggings And Shirt Boy And Girl Unisex Underwear Base Layer,Ultra Dry Store,No especificado,No especificado,Boys,In Stock,21.9,21.9,21.9,4.5,1035.0,6.943122422819428,100.0,4.61512051684126,True,995.0,False,"Children's Extreme Ultralight Warmest Top and Tights Sets make all favorite cold weather activities more pleasant. Whether snowboarding; skiing; camping or other outdoor sports; traveling and even sleeping Outland Thermal set keeps your kids comfortable.The Thin Lightweight Thermal Clothing maintains body heat at a cool temperature by wicking moisture away from the skin; drying quickly and insulating from the cold.The Basic Boy and Girl Underwear Undershirt and Bottom Leggings have an interior microfiber fleece that is soft and cozy; feels great against your skin and under a layer of clothingWe have your size! For babies, toddlers, youth; juniors; teens; boys, and girls from 2-4 to 14-16. Several solid color options, including a tactical camo shirt and our new HEATHER GREY.Does not restrict movement; feels like a second skin with four-way stretch and gives your kids the needed warmth without thick or heavy layers. The suit Kids Underwear long johns can be repeatedly washed without shrinking. Machine wash dries quickly.",,"Customers find the base layer apparel set soft, cozy, and warm. They appreciate its great fit and quality. Many find it a good value for the price, with sturdiness and growing room. However, some have issues with rip resistance and have mixed opinions on thickness.",https://www.amazon.com/dp/B0743MHBYZ
878,B0CY29F6G4,"Toddler Boys Shirts Short-Sleeve Little Kids t Shirts Boys' Tops, Tees & Shirts Graphic TEE Age for 2-7 Years 4-Pack",DEEKEY Store,No especificado,No especificado,Boys,In Stock,24.98,24.98,24.98,4.6,1299.0,7.170119543449628,0.0,0.0,False,995.0,False,"Supreme Toddler Comfort: Experience the soft embrace of our DEEKEY boys tees, made from high-quality cotton that is both breathable and gentle. Say goodbye to pilling with our durable, lightweight fabric, ensuring a comfortable, all-day fit for your active toddler.Engaging Character Designs: Our kids fashion tees are a treasure trove of imagination, adorned with exciting characters such as dinosaurs, excavators, sharks, and space motifs. These fun patterns are perfect for your playful child, making our shirts a favorite in their everyday wear collection.Built for Playwear Durability: Tailored to withstand the energy of toddlers, these durable graphic tees feature a ribbed crew neckline and double-stitched hems. The easy pull-on closure makes dressing hassle-free, ideal for kids on the go.Sized for Growth: Our little boys clothes age from energetic two-year-olds to adventurous seven-year-olds, our size range (2T-7T) covers your growing child. Utilize our detailed size chart and live photos to confidently choose the perfect fitting tee for everyday comfort and style.Versatile Gift for Kids: Looking for a heartwarming birthday or Christmas gift? Our soft texture boys'top tees offer both indoor and outdoor versatility, perfect for school, park adventures, beach outings, or family dinners, making them the ultimate gift for any child.",,"Customers find the shirts cute and comfortable. They appreciate the nice colors and patterns, and find the sizing as expected. Many consider the shirts great value for money. The softness is also appreciated. However, some customers have issues with shrinkage and have mixed opinions on the fabric quality.",https://www.amazon.com/dp/B0CY29F6G4
879,B0CRHRSTZW,HILEELANG Kids Boy Basic Plain Cotton T-Shirts Short Sleeve Crew Neck Summer Tees 4packs 6-12 Years,HILEELANG Store,No especificado,No especificado,Boys,In Stock,18.99,18.99,18.99,4.2,85.0,4.454347296253507,50.0,3.9318256327243257,True,995.0,False,"1.Everyday Essentials: ""These basic crew-neck t-shirts are a staple for every boy's wardrobe, providing comfort and versatility for everyday wear.""""Note: Made from 100% Cotton, 150g/m², may shrink slightly after washing. Please consider ordering a size up for a comfortable fit.""2.Soft and Breathable: ""Made from 100% cotton, these shirts offer a soft feel against the skin and allow for breathability, keeping your boy cool and comfortable.""3.Versatile Colors & Value Pack: ""The classic navy, blue, and white colors make these t-shirts easy to pair with any outfit, from jeans to shorts.""""Get three(4pc for Solid Color Style) essential t-shirts in one convenient pack, offering great value for your money.4.Durable Quality: ""These t-shirts are built to last, withstanding the rigors of everyday wear and tear.""Perfect for Layering: ""The lightweight fabric makes these t-shirts ideal for layering under sweaters or sweatshirts during cooler weather.""",,"Customers appreciate the variety of colors and good material quality of the shirts. They find the shirts suitable for everyday wear and consider them good value for money. However, some customers have reported issues with material shrinkage.",https://www.amazon.com/dp/B0CRHRSTZW
880,B0C3J6QB6L,"Hanes Boys' Originals Crewneck Undershirts Pack, Stretch Cotton, Black & Assorted, 5-Pack",Hanes Store,No especificado,No especificado,Boys,In Stock,16.59,16.59,16.59,4.6,527.0,6.269096283706261,1000.0,6.90875477931522,True,995.0,False,"HANES ORIGINALS - Styles and silhouettes designed for the modern kid.COTTON-RICH BLEND - Hanes Originals stretch cotton boys' undershirts are soft and boast the breathability you can expect from cotton.MADE TO MOVE - Spandex adds just the right amount of stretch to undershirts made to move when your boy does.STAY COOL AND DRY - Boys stay cooler and drier no matter how hard they play in moisture-wicking tees.TUCK IT OR NOT - A clean, finished bottom hem lets him (or you!) decide whether to tuck it in or wear it out.VERSATILE LAYERING - Use as a bottom layer or as a standalone solo piece.",,"Customers appreciate the fit, softness, and quality of the shirts. They find the sizes accurate, the fabric comfortable, and the shirts hold their size well after multiple washes. The colors are attractive and can be matched with jeans or underwear. Many customers consider the shirts a good value for the price. However, opinions vary on the shrink resistance.",https://www.amazon.com/dp/B0C3J6QB6L
881,B0BNDCRMP2,The Children's Place Boys' Athletic Basketball Shorts,The Children's Place Store,No especificado,No especificado,Boys,In Stock,23.374,23.374,38.95,4.5,3906.0,8.27052509505507,500.0,6.2166061010848646,True,995.0,False,"BASKETBALL SHORTS — He's ready to play all day with the comfiest basketball shortsFABRIC — Made of 100% polyester dazzleCLOSURE — Pull-on elasticized waistbandMULTIPACK — Pack of 3 basketball shorts makes getting dressed easyTHE CHILDREN'S PLACE — We offer a huge selection of kid's clothing Shop us for jeans, shorts, leggings, chinos, polo shirts, dresses, pajamas, and accessories.",,"Customers appreciate the shorts for their quality, comfort, and value for money. They find the material durable and suitable for various sports like basketball and flag football. Many find the shorts soft and comfortable, making them great for running, jumping, and shooting hoops. The color quality and thickness are also praised. However, some customers have differing opinions on the sizing and lack of pockets.",https://www.amazon.com/dp/B0BNDCRMP2
882,B01M3U4MS1,YuanLu Boys Suit for Kids Tuxedo Wedding Ring Bearer Outfit Boy Formal Suits 5 Piece Slim Fit Dresswear Suit Set,Brand: YuanLu,No especificado,No especificado,Boys,In Stock,47.99,47.99,47.99,4.5,6477.0,8.776167099731275,0.0,0.0,False,995.0,False,"Boys suits size 2T~20 formal outfit suit set,suit vest shirt bow tieBoys suits with stylish and elegant neckline, elegant bow tieToddler Formal Outfit Boy Real pockets beautiful and durable,elastic waist, adjustable sizeBoys slim fit suits, fine appearance, details in place,quality zipperFor best fitting, please refer to size chart picture, under product pictures.(size 2T 3T and 4T are equivalent to size 2 3 and 4)",,"Customers find the suit well-made and reasonably priced. They appreciate its nice material and color, describing it as nice enough to wear for special occasions. The waist adjustment is also appreciated, with some finding it adjustable or tailorable. While most are satisfied with the size, some customers were disappointed by missing items. Opinions differ on how slim or regular the fit is.",https://www.amazon.com/dp/B01M3U4MS1
883,B0C7G8SJMS,"Boys Cargo Shorts, Outdoor Quick Dry Hiking Shorts, Lightweight Athletic Short with Zipper Pockets",Brand: HONCAN,No especificado,No especificado,Boys,Other,9.98,9.98,9.98,4.7,286.0,5.659482215759621,100.0,4.61512051684126,True,995.0,False,"Boys Cargo Shorts Made with Quick drying, moisture wicking and lightweight sports fabric wicks sweat from the skin to help you stay comfortable and dryAdjustable drawstring allows you to tighten or loosen the waist for the perfect fit. When it comes to high-quality waistbands, this is as good as it getsTwo Open side pockets allow you to conveniently store and easily access your phone or wallet while you're on the go,2 side cargo flap pockets provide more space to keep handy itemsHighly elastic fabric stretches in all directions, giving you maximum range of motion and allowing you to bend, twist, flex and stretch with complete freedom. Side slits give you further added mobility, allowing you to squat, jump, and sprint without restrictionKids hiking shorts are made from highly breathable polyester, giving you maximum ventilation during those intense exercise sessions. Great for athletic sports, travelling, cycling, climbing, fishing, hiking, adventures, these boys running shorts will keep you cool and comfortable during any activity",,"Customers find these shorts comfortable and well-made. They appreciate the soft, smooth material with roomy pockets. The shorts are lightweight and quick-drying. Customers also value the good quality for the price, dryness, and appearance.",https://www.amazon.com/dp/B0C7G8SJMS
884,B0BM8RKWD2,"The Children's Place Boys' Assorted Everday Short Sleeve Graphic T-Shirts,multipacks",The Children's Place Store,No especificado,No especificado,Boys,In Stock,20.37,20.37,20.37,4.8,1645.0,7.406103381237015,50.0,3.9318256327243257,True,995.0,False,"FABRIC — Made of 100% cotton jerseyDESIGN — Features short sleeves and rib-knit crew neckMULTIPACK — 3-pack of graphic tees: 1 style with dinosaur graphic design at front; 1 style with chameleon graphic design at front; 1 style with shark graphic design at frontTHE CHILDREN'S PLACE — We offer a huge selection of kid's clothing! Shop us for jeans, shorts, leggings, chinos, polo shirts, dresses, pajamas, and accessories.",,"Customers find the shirts well-made with nice material and a beautiful color. They appreciate the perfect fit, soft fabric, and stretchy feel like cotton. The shirts are durable and hold up well after washing. Customers also like that the shirts shrink little and are washable. Overall, customers consider these shirts a good value for the price.",https://www.amazon.com/dp/B0BM8RKWD2
885,B0874WPYV6,Under Armour Boys' Logo Short Sleeve Tee Shirt,Under Armour Store,No especificado,No especificado,Boys,In Stock,14.9925,14.9925,20.0,4.8,7087.0,8.866158492284917,300.0,5.707110264748875,True,995.0,False,"UA Tech fabric is quick-drying, ultra-soft & has a more natural feelMaterial wicks sweat & dries really fastRaglan sleevesMany UA Tech T's are made with recycled, traceable polyester & re-use about 5 bottles per shirtLoose: Fuller cut for complete comfort.",,"Customers appreciate the shirt's fit, sizing, and fabric quality. They find it comfortable, cool, and durable. Many customers like the color options and sharp look. The soft, lightweight material is also appreciated. Overall, customers are satisfied with the value, washability, and activity level of the shirt.",https://www.amazon.com/dp/B0874WPYV6
886,B07B8HYGXW,adidas Boys' Iconic Tricot Athletic Pants,adidas Store,No especificado,No especificado,Boys,In Stock,24.0033,24.0033,36.0,4.7,17944.0,9.795066803581708,900.0,6.803505257608338,True,995.0,False,"DESIGN: 1x1 Rib Cuffs | Applied Dazzle 3-Stripes Down Legs | Embroidered adidas Brandmark on Left LegFIT: Regular fit strikes a comfortable balance between loose and snugPOCKETS: On-Seam PocketsCOMFORT WAIST: Elastic waist with drawstring in sizes Small through X-Large so that the pants stay where you want them through from morning through recess, gym and practiceFABRIC: 100% Polyester Tricot keeps them looking sharp with a slight sheen",,"Customers appreciate the pants for their fit, quality, and appearance. They find the pants true to size, with an adjustable drawstring for a secure fit. The classic jogger silhouette and tapered legs provide a modern and athletic look. Many customers consider the pants comfortable, soft, cozy, and warm. The pants are made out of long-lasting material and offer good value for fast-growing kids.",https://www.amazon.com/dp/B07B8HYGXW
887,B00XPFFXKO,Hanes Boys' Eco Smart Pullover Hoodie,Hanes Store,No especificado,No especificado,Boys,In Stock,14.003,14.003,20.0,4.4,9150.0,9.121618441915379,300.0,5.707110264748875,True,995.0,False,"FLEECE TO FEEL GOOD ABOUT - Hanes EcoSmart boys' hoodie is made with cotton sourced from American farms.STURDY - High-stitch density lasts wear after wear.HOODED - Designed with a kid-safe, cord-free hood to help block out wind and chill.DESIGN DETAILS - Features stretch ribbed cuffs and hem for a cozy fit.TAG FREE - No need to worry about annoying tags bunching up, thanks to our Tagless interior.COLD WATER WASH - Hanes recommends machine washing this boys' hoodie in cold water to reduce energy usage.",,"Customers find the sweatshirt to be of good quality, with nice material and softness. They appreciate its comfort for sensitive skin and amazing texture. Many consider it a good value for the price, with decent fabric and decent for a basic item. The sweatshirt looks great and has a nice plain black hoodie style. Customers also like the material thickness, color, and warmth. However, there are differing opinions on the sizing.",https://www.amazon.com/dp/B00XPFFXKO
888,B084Q3ZJ4G,"Fruit of the Loom Boys' and Toddler Boxer Briefs, Tag Free & Breathable Underwear, Assorted Color Multipacks",Fruit of the Loom Store,No especificado,No especificado,Boys,In Stock,13.98,13.98,13.98,4.8,28880.0,10.270939218446076,2000.0,7.601402334583733,True,995.0,False,This is an assorted color pack This pack may contain all solids all prints or a conbination10 Pack Toddler boys' boxer briefsStay cool and dryLegs don't ride upTag-free soft touch waistband,,"Customers find the underpants comfortable and soft. They appreciate the good fit, true-to-size waistband, and durable material that withstands rough play. Many customers like the colors and prints, and they maintain their color well. The underpants are also praised for their value for money, size, and breathable fabric.",https://www.amazon.com/dp/B084Q3ZJ4G
889,B00XPFM1RC,"Hanes Boys EcoSmart Fleece Sweatpants, Midweight Cotton/Poly Fleece Pants for Boys, Cuffed Sweats",Hanes Store,No especificado,No especificado,Boys,In Stock,12.0025,12.0025,16.0,4.3,19858.0,9.896412583864164,1000.0,6.90875477931522,True,995.0,False,FLEECE TO FEEL GOOD ABOUT - Boys' sweatpants are made with cotton sourced from American farms.STURDY - High-stitch density helps them last longer without pilling.COMFORT WAISTBAND - Covered elastic waistband stretches for a comfy fit.DOUBLE-NEEDLE CONSTRUCTION - Helps the elasticized cuffs seal out chilly air.MIDWEIGHT FABRIC - Crafted from a 7.8 oz. cotton/polyester blend.COLD WATER WASH -Hanes recommends machine washing these boys' sweatpants in cold water to reduce energy usage.,,"Customers find the pants comfortable and soft inside. They appreciate the value for money, saying the pants are great for everyday use and cheap. The sweatpants provide warmth. However, some customers have issues with seam rips and crotch holes. Opinions vary on the fit and material quality.",https://www.amazon.com/dp/B00XPFM1RC
890,B0872DSL47,Under Armour Boys' Brawler 2.0 Tapered Pants,Under Armour Store,No especificado,No especificado,Boys,In Stock,22.5025,22.5025,30.0,4.7,2758.0,7.922623574217286,700.0,6.55250788703459,True,995.0,False,"Smooth tricot knit exterior with a brushed interior for soft comfort & warmthMaterial wicks sweat & dries really fastEncased elastic waistband with external drawcordOpen hand pocketsRibbed cuffsInseam: YMD 26"""" (+/- 2"""" per size)",,"Customers find the pants fit well and are durable. They appreciate the length and drawstring for tightening them. The pants are comfortable, soft, and warm. Many customers find them nice enough to wear to school. However, some have reported issues with holes developing in the knees or pockets after a few wears.",https://www.amazon.com/dp/B0872DSL47
891,B09NF2Y5Y5,Under Armour Boys' Elite Short Sleeve T-Shirt,Under Armour Store,No especificado,No especificado,Boys,In Stock,11.0015,11.0015,13.0,4.8,1398.0,7.243512974665482,200.0,5.303304908059076,True,995.0,False,"AN EVERYDAY STAPLE: Featuring a stylish crew neckline and quick-drying, ultra-soft fabric that wicks away sweat and dries fast, this short sleeve t-shirt is a go-to for anything from casual school days to active days spent playing sports or running around.PREMIUM QUALITY: We use high-quality materials in all our clothing to ensure maximum comfort, longevity and lasting power. Always a soft and comfortable fit.THE PERFECT GIFT: A great item for gifting!UNDER ARMOUR: Under Armour's vision is to inspire you with performance solutions you never knew you needed and can't imagine living without.",,"Customers appreciate the shirt's fit, material quality, and color. They find it fits well, holds up well, and looks nice. The soft, comfortable material is breathable and not itchy. Many customers find it a good value for the price. They also like its sexiness, weight, and ease of washing.",https://www.amazon.com/dp/B09NF2Y5Y5
892,B0CJWNTM1L,Under Armour Boys' Tech Hybrid Print Short Sleeve T Shirt,Under Armour Store,No especificado,No especificado,Boys,In Stock,14.9725,14.9725,20.0,4.7,239.0,5.480638923341991,300.0,5.707110264748875,True,995.0,False,"UA Tech fabric is quick-drying, ultra-soft & has a more natural feelMaterial wicks sweat & dries really fastUnder Armour's mission is simple: to make you better.",,"Customers appreciate the shirt's fit, fabric quality, and softness. They find it true to size, with a smooth and not itchy material. The colors are appreciated, and customers also like the fabric weight, sizing, and value for money.",https://www.amazon.com/dp/B0CJWNTM1L
893,B0823DJNPR,The Children'S Place Boys Basic Long Sleeve Tee,The Children's Place Store,No especificado,No especificado,Boys,In Stock,59.95,59.95,59.95,4.7,2386.0,7.77779262633883,500.0,6.2166061010848646,True,995.0,False,Solid styles made of 100% cotton jerseySmoke style made of 50% cotton/50% polyester jerseyRib-knit crew neckTagless labelPre-washed for added softness and to reduce shrinkage,,"Customers find the shirts comfortable and soft, with good quality material that maintains its integrity. They find them to be a good value for the price. The colors look nice and are considered basic styles. Many customers appreciate the sleeve length and washability. However, some have differing opinions on sizing and material thickness.",https://www.amazon.com/dp/B0823DJNPR
894,B07K6V9763,The Children's Place Boys' Stretch Straight Leg Jeans,The Children's Place Store,No especificado,No especificado,Boys,In Stock,23.99,23.99,23.99,4.7,4270.0,8.359603270841466,1000.0,6.90875477931522,True,995.0,False,"Whiskered and handsanded for a lived-in look, this denim comes in a cotton blend with lots of stretch for comfy wear that lastsA classic straight leg with 5-pocket styling, inner adjustable waist tabs and a tagless labelSnap closure with zipper fly for sizes 4-7, button closure with zipper fly for sizes 8-16Fit for many occasions, this everyday jean is great with polos and graphic tees alikeThe Children's Place offers value-priced clothes and apparel that are fun and easy to put togetherThey'll love this style…you'll love this place",,"Customers find the pants fit well, with a good length and length for tall people. They are made of thick material that lasts long. The pants offer great value for money, with an adjustable elastic waist and nice colors. Customers appreciate the stretchiness and waist adjustment.",https://www.amazon.com/dp/B07K6V9763
895,B01EMMB4LK,The Children's Place Boys' Uniform Short Sleeve Pique Polo,The Children's Place Store,No especificado,No especificado,Boys,In Stock,6.9946,6.9946,12.95,4.6,18514.0,9.826336493347712,300.0,5.707110264748875,True,995.0,False,They'll love this style - you'll Love This PlaceOur PLACE is always in styleValue-prices clothes and apparel that are fun and easy to put together,,"Customers find the shirt fits true to size and is comfortable. They appreciate the durable material that holds up well after multiple washes, the vibrant colors that stay vibrant even after repeated washing, and the value for money. Many customers find it does its job well and is a great little polo. However, some customers disagree on shrinkage and washability.",https://www.amazon.com/dp/B01EMMB4LK
896,B08P52ZV47,The Children's Place Boys Multipack Basic Bootcut Jeans,The Children's Place Store,No especificado,No especificado,Boys,In Stock,55.4026,55.4026,74.95,4.7,4661.0,8.447199819595703,100.0,4.61512051684126,True,995.0,False,"Pre-washed for added softness and to reduce shrinkage, this 3-pack comes in durable soft cotton for comfortable all-day wear that lastsA classic bootcut look fitted through the thigh with a flare leg opening, plus 5-pocket styling and inner adjustable waist tabsSnap closure with zipper fly for sizes 4-7, button closure with zipper fly for sizes 8-16Stock up on casual-cool jeans for any day of the week, pair with his favorite top or graphic teeThe Children's Place offers value-priced clothes and apparel that are fun and easy to put togetherThey'll love this style…you'll love this place",,"Customers appreciate the pants' fit, material quality, and value for money. They find the pants comfortable, durable, and with an adjustable waistband that allows them to customize the fit. The pants are described as nice jeans that look great and hold up well after washing. Many customers find the color variety appealing, though some have issues with the button closure.",https://www.amazon.com/dp/B08P52ZV47
897,B08Y5SNZTY,The Children'S Place Boys Basic Short Sleeve Tee,The Children's Place Store,No especificado,No especificado,Boys,In Stock,23.0856,23.0856,51.95,4.7,1599.0,7.3777589082278725,100.0,4.61512051684126,True,995.0,False,This multipack of 4 boys tops is made from a soft and comfy cotton jersey fabricPack of 4 basic layering teesStyled with rib-knit crew neckStock-up on his favorite essential boys tops with this pack of 4 boys basic layering tees from The Children's PlaceThey'll love this style… you'll love this place,,"Customers find the shirt fits well, has good material quality, and a soft, comfortable feel. They appreciate the nice color and style, saying it's a nice t-shirt for a black outfit. Customers are also happy with the fabric thickness, shrinkage, and washability.",https://www.amazon.com/dp/B08Y5SNZTY
898,B0CJWGMKVD,Under Armour Boys' Tech Logo Shorts,Under Armour Store,No especificado,No especificado,Boys,In Stock,11.5142,11.5142,20.0,4.7,540.0,6.293419278846481,500.0,6.2166061010848646,True,995.0,False,"UA Tech fabric is quick-drying, ultra-soft & has a more natural feelMaterial wicks sweat & dries really fastEncased elastic waistband with internal drawcordOpen hand pocketsInseam: 7""Pockets: Yes",,"Customers appreciate the shorts for their fit, quality material, and appearance. They find the size true to size, the shorts durable and long enough, with no fraying or loose threads. Many customers like the color and find them lightweight and comfortable, matching all their gear. The shorts are considered a good value for the money and provide good quality.",https://www.amazon.com/dp/B0CJWGMKVD
899,B0DN2XJPRZ,"PUMA Boys' Fleece Jogger Set - 3 Piece Hoodie, T-Shirt, and Jogger Sweatpants - Athleisure Outfit Set for Boys (Sizes: 8-16)",PUMA Store,No especificado,No especificado,Boys,In Stock,29.99,29.99,29.99,4.6,26.0,3.295836866004329,100.0,4.61512051684126,True,995.0,False,"OFFICIALLY LICENSED PUMA: Fleece Hoodie Sweatshirt, Crewneck Tee, and Athletic Jogger Sweatpants for Boys; Inspired by the values that make an excellent athlete: be brave, be confident, be determined, be joyful, be PumaALL-DAY COMFORT FOR ACTIVE KIDS: This PUMA boys' fleece jogger set delivers ultimate comfort, perfect for all-day wear. Designed for boys on the move, the soft fleece hoodie and jogger sweatpants keep him warm during colder days, while the lightweight T-shirt ensures breathable comfort. Whether he's heading to school, sports practice, or just hanging out, this athleisure set adapts to his every move.VERSATILE 3-PIECE SET FOR ANY OCCASION: With a fleece hoodie, crewneck tee, and matching jogger sweatpants, this 3-piece set has all he needs to stay stylish and comfortable. Mix and match these pieces to create endless outfit options, perfect for layering on chilly days or wearing separately as the weather warms up. From school days to weekend adventures, this set makes it easy to dress your boy in coordinated, sporty style that he'll love showing off.DURABLE AND EASY TO CARE FOR: Crafted with active kids in mind, this PUMA set is built to handle all the rough-and-tumble moments of your boy's day. Made from durable materials that stand up to frequent wear and washing, this set keeps its shape, softness, and PUMA branding. Easy to throw in the wash after a busy day, it's designed to look just as good after each wash, so he can keep rocking his favorite athleisure outfit without worry.TRENDY PUMA STYLE HE'LL LOVE: Featuring the iconic PUMA logo and sporty details, this boys' sweatsuit set gives him that trendy, athletic look he'll be excited to wear. The hoodie and joggers make a statement, while the crewneck tee adds an easygoing vibe. Perfect for kids who love sports-inspired fashion, this set lets him represent his favorite brand while staying effortlessly cool, confident, and ready for any adventure.",,"Customers are satisfied with the track suit's fit, quality, and value for money. They find it true to size and a good buy for a three-piece set.",https://www.amazon.com/dp/B0DN2XJPRZ
900,B096YJWVDD,adidas Boys' Classic 3-Stripes Shorts,adidas Store,No especificado,No especificado,Boys,In Stock,11.6653,11.6653,25.0,4.7,2111.0,7.655390644826152,100.0,4.61512051684126,True,995.0,False,"Made from soft polyester mesh with a stretchy, snug-fitting waistbandRegular fit strikes a comfortable balance between loose and snugOn-seam pockets for small itemsDrawcord on elastic waistApplied 3-Stripes and embroidered adidas brandmark on wearer's left leg",,"Customers find the shorts a good fit for their active children. They appreciate the quality, comfort, and value for money. The shorts are made of soft, durable fabric that stands up to activities like soccer practice and lasts a long time. Many customers find them comfortable and lightweight, with pockets. Overall, they consider the shorts a great product worth the purchase.",https://www.amazon.com/dp/B096YJWVDD
901,B0C24NCRHX,The Children's Place Boys' Long Sleeve Thermal Henley Shirt,The Children's Place Store,No especificado,No especificado,Boys,In Stock,9.956,9.956,24.95,4.8,988.0,6.8966943316227125,200.0,5.303304908059076,True,995.0,False,"HENLEY TOP — An everyday top with a classic button placketFABRIC — Made of 60% cotton/40% polyester waffleDESIGN — Features crew neck and long sleeves with banded cuffsTHE CHILDREN'S PLACE — We offer a huge selection of kid's clothing! Shop us for jeans, shorts, leggings, chinos, polo shirts, dresses, pajamas, and accessories.",,"Customers appreciate the shirt's color, material quality, and softness. They find the color accurate, the material durable, and the sizing true to size. Many consider it a good value for the money. However, some customers disagree on the sizing.",https://www.amazon.com/dp/B0C24NCRHX
902,B01FKZRV4M,The Children's Place Boys' Bottoms Cargo Shorts,The Children's Place Store,No especificado,No especificado,Boys,In Stock,11.9729,11.9729,16.95,4.7,15474.0,9.646981097552796,100.0,4.61512051684126,True,995.0,False,"In durable soft cotton for reliable wear every day of the weekA classic straight short with a pull on elastic waist and inner adjustable tabs, plus front slant, side cargo and back patch pocketsA versatile play style for adventure-forward occasionsThe Children's Place offers value-priced clothes and apparel that are fun and easy to put togetherThey'll love this style…you'll love this place",,"Customers find the shorts comfortable and well-made. They appreciate the adjustable waist, soft material, and versatile style that can be worn casually or dressy for outings. The shorts are a great school uniform option and washable.",https://www.amazon.com/dp/B01FKZRV4M
903,B08Q3H4W7T,"Burt's Bees Baby Baby Boys Pajamas, 2-Piece Long Sleeve Tee and Long Pant Cotton PJ Set, Sizes for 12 Months to 12 Years",Burt's Bees Baby Store,No especificado,No especificado,Baby,In Stock,17.95,17.95,17.95,4.8,14919.0,9.610457873757753,400.0,5.993961427306569,True,995.0,False,"100% Organic Cotton: All Burt's Bees Baby Pajamas Sets are crafted from pure, breathable cotton. Our PJ set is combed and ring-spun for added durability while maintaining comfort.Snuggly Soft Comfort: Wrap your little one's dreams in organic cotton with these 2-piece Burts Bees Baby boy long pajamas. The stretchy rib fabric of our pj sets is super soft and moves with your little bee, ensuring a cozy night's sleep.Stretchy Rib Fabric: Our baby girl clothes have super-soft ribbed fabric that moves with your infant, toddler, or kids, allowing flexibility and comfort for your little ones day and night. The high-quality organic fibers maintain strength and comfort.True-to-Size Fit: These boy tees and long pant sets are available in sizes from 12 months to 12 years. They come in a wide range of fun watercolor prints that every toddler and kid will love. Makes for a great gift!Thoughtfully Designed: Each Burt's Bees Baby Pant and Long Sleeve Tees PJs set has ribbed cuffs at the wrists and ankles to lock in warmth and prevent from hiking up. Love our PJs? Be sure to check out our other boys' clothing options.",,"Customers appreciate the softness, comfort, and cute designs of these pajamas. They find the material to be good quality, durable, and long-lasting. Many customers praise the washability and cotton material. However, some have mixed opinions on the fit and stretchiness.",https://www.amazon.com/dp/B08Q3H4W7T
904,B0C8NGNT8L,Boy's Cargo Joggers Pants Youth Quick Dry Hiking Lightweight Pants for Sports Outdoor with Zipper Pockets,Brand: WaltZon,No especificado,No especificado,Boys,In Stock,14.99,14.99,14.99,4.3,551.0,6.313548046277095,400.0,5.993961427306569,True,995.0,False,"Boys Lightweight Jogger Pants:Waistband has a elastic design for a smooth fit,Lightweight fabric for maximum comfortYouth Hiking Pants:Lightweight Quick-Dry outdoor pants keep you comfortable and dry in the summer spring and windy weatherBoys Cargo Pants:Boys durable cargo pant features multi pockets including 2 front pockets, 2 side Zipper pockets No problem to carry your phone or any other small itemsBoys Quick Dry Sun Protection Pants: These Kid's fishing pants UPF 50+ against harmful ultraviolet rays feature fabric for maximum protection against the sunSuitable for casual and outdoor recreation wear, such as hiking, travel, fishing, riding, walking, camping, mountaineering, hunt, climb, etc.as well as daily clothing",,"Customers appreciate the pants for their soft, comfortable, and breathable material. They find the material suitable for summer wear and lightweight. However, some find the material too thin and not durable enough for cold climates. Opinions vary on the fit and value for money.",https://www.amazon.com/dp/B0C8NGNT8L
905,B0BGWBQ9VW,Under Armour Boys' Rival Fleece Joggers,Under Armour Store,No especificado,No especificado,Boys,In Stock,29.6226,29.6226,40.0,4.7,100.0,4.61512051684126,400.0,5.993961427306569,True,995.0,False,"Ultra-soft cotton-blend fleece with brushed inside for extra warmthEncased elastic waistband with external drawcordOpen hand pockets & secure snap back pocketInseam: YMD 25"""" (+/- 1.5"""" per size)Pockets: YesTapered leg fit with ribbed cuffs",,Customers appreciate the pants' slim fit and comfort. They find the pants not too baggy for slim kids. The pants are durable and true to size.,https://www.amazon.com/dp/B0BGWBQ9VW
906,B01BFJM9BW,French Toast Boys' Short Sleeve Crewneck Tee,French Toast Store,No especificado,No especificado,Boys,In Stock,7.506,7.506,8.0,4.6,10985.0,9.304377013902565,300.0,5.707110264748875,True,995.0,False,100 percent cotton jersey for most colorsHeathers are cotton blend jersey1X1 rib collarDyed to match topstitchingWeave type: KnitSpecial size type: Little Boys,,"Customers appreciate the quality, color choices, and softness of the shirt. They find it sturdy and well-made. Many find it comfortable and attractive. The price is good for the quality. However, some customers have differing opinions on sizing and shrinkage.",https://www.amazon.com/dp/B01BFJM9BW
907,B07H3MYXFK,Simple Joys by Carter's Boys' 6-Piece Snug Fit Cotton Pajama Set,Simple Joys by Carter's Store,No especificado,No especificado,Boys,In Stock,24.99,24.99,24.99,4.8,41202.0,10.626266348220677,200.0,5.303304908059076,True,995.0,False,"6-Piece Set: Includes two short-sleeve pajama sets and one long-sleeve set, offering versatile, fun options for little boys at a great value.Multiple Prints and Colors: Variety of playful, patterns and vibrant color combinations that appeal to little boys.Snug Fit Design: Snug fit that ensures comfort and safety, preventing any loose fabric for a secure sleep.Tagless Design: No tags for itch-free comfort.OEKO-TEX Certified: Made from materials that meet the OEKO-TEX Standard 100, ensuring they are free from harmful chemicals and safe for sensitive skin.Easy Pull-On Style: Quick and hassle-free dressing, perfect for kids who are learning to dress themselves.",,"Customers find the pajamas fit true to size and have room to grow. They appreciate the quality material, cute design, and softness of the PJs. Many find them comfortable, warm, and cozy. The PJs are durable and long-lasting, with a nice length and bright colors. Customers consider them a great value for money. The pajamas are washable and stretchable, though opinions differ on shrinkage.",https://www.amazon.com/dp/B07H3MYXFK
908,B07GFPVS2M,Gerber Baby 8-Pack Short Sleeve Onesie Bodysuits,Brand: Gerber,No especificado,No especificado,Baby,In Stock,15.88,15.88,15.88,4.8,59259.0,10.989689821127556,10000.0,9.210440366976517,True,995.0,False,"Includes eight white Gerber short sleeve onesies bodysuits100% cotton rib provides added breathabilityHigher-in-the-front bottom snap closure for easy changingAn easily-expandable lap shoulder neckline makes them quick to pull on in the morningStreamlined laundry days are with the easy care, machine wash and dry fabric",,"Customers appreciate the soft, comfortable fabric of the leotards. They find the fit perfect and the size suitable for their body type. The material is gentle on their baby's skin and gets softer after washing. Many customers consider the leotard set an excellent value for the price. The variety of colors and patterns is also appreciated. While most customers are satisfied with the washability and stretchiness, some have differing opinions on the material thickness.",https://www.amazon.com/dp/B07GFPVS2M
909,B01M5JGO6D,Simple Joys by Carter's unisex-baby 6-piece Bodysuits (Short and Long Sleeve) and Pants Set,Simple Joys by Carter's Store,No especificado,No especificado,Baby,In Stock,23.305,23.305,24.5,4.8,14603.0,9.589050742775527,1000.0,6.90875477931522,True,995.0,False,"Versatile 6-Piece Set: Includes four bodysuits (short-sleeve and long-sleeve) and two pairs of pants, offering a complete outfit for every day of the week.Fun Prints and Patterns: Featuring playful designs, such as animals, stripes, and geometric shapes, to keep your baby boy looking stylish and adorable.Snap Closures and Envelope Neckline: Designed for quick changes, making dressing and diaper swaps simple and convenient.Easy Care: Machine washable for effortless cleaning, maintaining the softness and vibrant colors with every wash.Great Value: A budget-friendly 6-piece set that provides a full wardrobe update with versatile mix-and-match options for any occasion.Seasonal Flexibility: With both short-sleeve and long-sleeve bodysuits, this set is ideal for layering in cooler weather or wearing alone in warmer temperatures, ensuring year-round usability.",,"Customers find the coordinated outfits cute with nice colors and patterns. They are soft, comfortable, and durable. The sizing is as expected for an average one-year-old. Many customers consider the outfits a good value for money, offering quality clothes at a reasonable price. The outfits also provide warmth and are suitable as baby gifts.",https://www.amazon.com/dp/B01M5JGO6D
910,B0744PN2MV,Simple Joys by Carter's Baby 3-Pack Neutral Cotton Sleeper Gown,Simple Joys by Carter's Store,No especificado,No especificado,Baby,In Stock,16.5,16.5,16.5,4.8,18011.0,9.798793481421463,4000.0,8.294299608857235,True,995.0,False,"Versatile Design: Three sleep gowns, featuring a mix of pull-over shoulder and button-down neck styles for easy dressing and undressing.Neutral Color Palette: Soft, neutral colors that are perfect for any baby, ensuring a stylish and timeless look suitable for both boys and girls.Comfortable Fit: Elastic at the leg closure, these gowns provide a snug fit around the legs, ensuring that your baby's legs stay warm and cozy throughout the night.Easy Care: Machine washable and durable, these sleep gowns retain their shape and softness after multiple washes, making them convenient for busy parents.Perfect for Layering: Ideal for layering under swaddles or blankets, allowing for versatility in various temperatures and sleeping environments.Great Gift Option: An excellent baby shower or new parent gift, providing a practical and stylish addition to any baby's wardrobe.",,"Customers appreciate the softness, cozy design, and good quality of the nightgowns. They find the cotton material comfortable and durable, holding up well after several washes. Many find them convenient for newborns, especially during diaper changes. The nightgowns are also appreciated for their ease of use during sleep and nighttime use. However, opinions differ regarding the fit.",https://www.amazon.com/dp/B0744PN2MV
911,B072JLTLQT,Simple Joys by Carter's baby-girls 3-pack Snap-up Rompers,Simple Joys by Carter's Store,No especificado,No especificado,Baby,In Stock,18.8412,18.8412,21.5,4.8,25880.0,10.161264387744689,500.0,6.2166061010848646,True,995.0,False,"Pack of 3: Three baby girl rompers, offering great variety and convenience, perfect for everyday wear or as a gift.Fun Prints & Patterns: Adorable and playful designs, including vibrant colors, cute animal characters, florals, and more to brighten up your little one's wardrobe.Snap-Up Closure: Full-length snaps from the neck to the legs make dressing and diaper changes quick and easy, allowing for hassle-free outfit swaps without pulling over the head.Short-Style Rompers: Short-sleeve and short-leg design is ideal for warm weather, keeping your baby cool and offering freedom of movement.OEKO-TEX Certified: Made from materials that meet the OEKO-TEX Standard 100, ensuring they are free from harmful chemicals and safe for delicate skin.",,"Customers find the one-piece outfits cute and comfortable for their babies. They appreciate the soft material and the perfect fit. The rompers are well-made and provide warmth for the warmer weather. Customers find them good value for money, with a simple design and nice quality.",https://www.amazon.com/dp/B072JLTLQT
912,B08FDXYMR5,Toddler Infant Baby Boy Clothes Striped Long Sleeve Hoodie Tops Sweatsuit Pants Outfit Set,Rebey Store,No especificado,No especificado,Baby,Low Stock,23.9914,23.9914,27.99,4.7,2678.0,7.893198869544609,0.0,0.0,False,995.0,False,ComfortableTwo piece outfit set includes hoodie tops and pantsRefer the size information as below description,,"Customers find the coordinated outfit has a cute color, good material quality, and softness. They find it durable and comfortable. Many consider it a great value for the price and a gift item. However, opinions differ on the sizing.",https://www.amazon.com/dp/B08FDXYMR5
913,B0983JZPV4,Fullfamous Baby Girl's 3pc Rib Frill Long Sleeve Romper and Pant Set,Fullfamous Store,No especificado,No especificado,Baby,In Stock,16.191,16.191,17.99,4.6,4248.0,8.354438940114811,100.0,4.61512051684126,True,995.0,False,"Premium-quality cotton rib fabric for baby girl outfits.Soft and cozy,skin-friendly for baby.Perfect baby girl clothes for gifts.Baby girl outfits with adorable heart prints express great love from family.The ruffled layered shoulder,frill pant and headband will highlight your beloved Baby beauty.Baby girl's clothing set are perfect for baby photo, birthday gift, indoor, outdoor, baby shower gifts, Christmas, Valentine's day,new year and any occasions.Recommended Age: Suitable for baby 3-6 months girl clothes, 6-9 months baby girl clothes, 9-12 months baby girl clothes and 12 to 18 month girl clothes.Baby girl outfits includes long sleeve romper,pant,headband.",,"Customers appreciate the coordinated outfit for its cute design, vibrant colors, and ruffles. They find the material soft, comfortable, and durable. Many consider it a good gift for baby showers, holidays, and early fall or spring. The stretchiness is also appreciated. However, opinions differ on the fit, color, and bow.",https://www.amazon.com/dp/B0983JZPV4
914,B0CW9NBPKZ,Unisex Baby Bodysuits Multipacks – Super Soft Cotton One-Piece Undershirt for Newborns and Infants (0-24 Months),Minicoco Store,No especificado,No especificado,Sin categoría,In Stock,20.99,20.99,20.99,4.7,49.0,3.912023005428146,0.0,0.0,False,995.0,False,"【100% Pure Cotton】Made from high-quality cotton fabric, these bodysuits are soft, breathable, and gentle on your baby's sensitive skin, ensuring comfort all day long.【Easy to Dress & Diaper Change】The retractable collar and snap-button crotch make dressing and diaper changes simple and hassle-free, perfect for busy parents.【Stylish & Fun Designs】Carefully crafted with vibrant colors and cute patterns, these bodysuits are designed to brighten your baby's wardrobe with timeless appeal.【Sizes for All Ages】Available in sizes ranging from 0-24 months (0-3 months, 3-6 months, 6-9 months, 9-12 months, 12-18 months, 18-24 months), ensuring a perfect fit for your growing baby.【Perfect Baby Gift】These bodysuits make a wonderful gift for baby showers, birthdays, or any special occasion. Capture the precious moments with your little one in these cozy and stylish outfits.",,Customers appreciate the soft material and simple pattern of the leotards. They find the quality good and the colors true.,https://www.amazon.com/dp/B0CW9NBPKZ
915,B01MSM0SU4,Simple Joys by Carter's baby-girls 6-piece Bodysuits (Short and Long Sleeve) and Pants Set,Simple Joys by Carter's Store,No especificado,No especificado,Baby,In Stock,24.5,24.5,24.5,4.8,29297.0,10.285274533289716,1000.0,6.90875477931522,True,995.0,False,"6-piece clothing set: Includes 2 short sleeve bodysuits, 2 long sleeve bodysuits, and 2 pair of pants.Snap closures: Reinforced snaps along the bottom make diaper changes quick and easy.Overlap shoulders: Expandable neckline with envelope-style shoulders allows for hassle-free dressing.Ruffle bottom design: Stylish, playful ruffles on the pants give a cute look to your baby's outfit.Fun prints and patterns: Adorable, vibrant prints and patterns for a cheerful and stylish look.Tagless design: No scratchy tags, ensuring extra comfort for the baby.",,"Customers appreciate the coordinated outfits for their cute design and vibrant colors. They find the outfits to be of good quality, with soft material that feels comfortable against their toddler's skin. The outfits fit well and are lightweight, making them suitable for mixing and matching. Many customers consider the outfits a great value for money, and they also appreciate the gift-giving options and color quality.",https://www.amazon.com/dp/B01MSM0SU4
916,B073WMFKPZ,Simple Joys by Carter's Baby Girls' 3-Pack Cotton Sleeper Gown,Simple Joys by Carter's Store,No especificado,No especificado,Baby,In Stock,16.5,16.5,16.5,4.8,16170.0,9.690974793577944,1000.0,6.90875477931522,True,995.0,False,"Baby Girl Color Palette: Variety of colors that are perfect for any baby girl, ensuring a stylish and timeless look suitable for new babies.Comfortable Fit: Elastic at the leg closure, these gowns provide a snug fit around the legs, ensuring that your baby's legs stay warm and cozy throughout the night.Easy Care: Machine washable and durable, these sleep gowns retain their shape and softness after multiple washes, making them convenient for busy parents.Perfect for Layering: Ideal for layering under swaddles or blankets, allowing for versatility in various temperatures and sleeping environments.Great Gift Option: An excellent baby shower or new parent gift, providing a practical and stylish addition to baby girls wardrobe.Certified & Safe: OEKO-TEX Standard 100 certified, ensuring the fabric is free from harmful substances and safe for your baby's delicate skin.",,"Customers find the nightgowns cute and useful for newborns. They appreciate the soft, cozy material that's great for sensitive skin and doesn't scratch it. The gowns are made of good quality material that holds up through many washes. Many customers find them helpful for nighttime diaper changes and newborn protection. However, opinions differ on how well the nightgown fits.",https://www.amazon.com/dp/B073WMFKPZ
917,B0DS6141ZT,Toddler Baby Girl Clothes Knit Floral Fly Sleeve Tops Shorts Cute Summer Spring Outfits Infant Clothing Set,Brand: Amnnchya,No especificado,No especificado,Baby,In Stock,6.99,6.99,6.99,5.0,1.0,0.6931471805599453,0.0,0.0,False,995.0,False,"Materia: Baby girl summer clothes, toddler girl summer clothes, soft texture, skin friendly, breathable, suitable for children's delicate skinFeatures: Knit 3D flower sleeveless tops matching elastic waist shorts, boho style 2PC outfit, cute baby girl clothes, cute toddler girl clothes, toddler girl shorts setStyle: Baby girl summer outfit, baby girl spring clothes, toddler girl summer outfit, baby girl shorts set, toddler girl outfits, toddler girl floral outfitOccasions: Suit for daily life, at home, regular clothes, outing clothing, photography, vacation, birthday, toddler girl clothes, infant girl clothesPackage: tops and shorts. Little girls clothes, kids summer clothes, summer baby girl clothes, girls summer clothes, toddler girl summer sets",,,https://www.amazon.com/dp/B0DS6141ZT
918,B074P49GC8,Hudson Baby Unisex Baby Plush Animal Face Bathrobe,Hudson Baby Store,No especificado,No especificado,Baby,Unavailable,10.99,10.99,10.99,4.8,8286.0,9.022443300849043,2000.0,7.601402334583733,True,995.0,False,"Animal face plush hooded bath robeMade with 100% plush coral fleece fabricSoft and gentle on baby's skinOptimal for everyday useAffordable, high quality bath robe",,"Customers find the robe cute and soft. They appreciate its good quality material that holds up well in the wash. Many consider it a great baby shower gift and value for money. The baby size is also appreciated, though opinions vary on how well it fits.",https://www.amazon.com/dp/B074P49GC8
919,B07GG1R78H,Gerber Baby Girls' 8-Pack Short Sleeve Onesies Bodysuits,Brand: Gerber,No especificado,No especificado,Baby,In Stock,21.005,21.005,21.99,4.8,28556.0,10.259657368919415,1000.0,6.90875477931522,True,995.0,False,Includes eight Gerber short sleeve onesies bodysuitsSoft cotton ribHigher-in-the-front bottom snap closure for easy changing,,"Customers appreciate the cute design and vibrant colors of these newborn baby outfits. They find the outfits fit true to size and are well-made with soft, breathable material. Many customers consider them a good value for the price and say they make great gifts. However, opinions vary on the thickness of the material.",https://www.amazon.com/dp/B07GG1R78H
920,B071HWBZX1,"Little Me Baby Boys' Assorted, Multi, 0-12/12-24 Month",Little Me Store,No especificado,No especificado,Baby,In Stock,12.295,12.295,12.99,4.8,8994.0,9.104424146384634,7000.0,8.853808274977197,True,995.0,False,"Assorted Size Pack: This 20 pack of soft ankle baby socks includes 10 pairs in size 0–12 months & 10 pairs in size 12–24 months, so your newborn can wear them until they are an infant & toddler. Giving you enough socks to cover your baby's feet from 0, 3, 6, 9, 12, 18 & 24 months!Multiple Colors & Designs: Multiple color options make it easy for you to match with his various clothes and outfits.Best Baby Socks That Actually Stay On: The #1 trusted brand for baby, newborn, infant & toddler clothing & socks. Quality baby socks that stay in place on your little one's feet and don't leave elastic marks around their precious little legs.All Day Comfort: Our luxury cotton blend means less fuss and more fun. Designed with a mix of soft cotton, durable polyester, and stretchy spandex for all day long comfort, breathability, and softness to your baby's foot. Stretchy material provides a good fit to grow with your child. Medium thickness makes these baby anti-skid socks suitable for all seasons - with or without shoes.Non-Slip, Anti-Slip Grip: Strong grips at the bottom of the socks that also shows its size. The non-skid pattern on the sole of each sock helps keep your baby safe as they move and play and provides great traction to help keep crawling babies and new walkers from slipping on the hardwood floors or any smooth surfaces.Non-Shrink & Long Lasting: We conduct extensive fit tests to improve styling and fit, to achieve the right comfort level for your littles ones feet. Guaranteed not to shrink significantly in length and width, and to last through many wears and washes.",,"Customers find that the socks have a good fit, quality, and variety of colors. They are well-made with consistent sizing for both younger and older months. The socks stay on feet well and are soft and comfortable. Customers appreciate the value for money and consider them a cheap replacement.",https://www.amazon.com/dp/B071HWBZX1
921,B07M6SSQXH,"Burt's Bees Baby Boys' Sleep & Play PJs, 100% Organic Cotton One-Piece Zip Front Jumpsuit, Baby Boys Footie Pajamas & PJs",Burt's Bees Baby Store,No especificado,No especificado,Baby,In Stock,14.95,14.95,14.95,4.8,21640.0,9.982344942613622,700.0,6.55250788703459,True,995.0,False,"Organic Comfort: Crafted from 100% organic cotton, these Baby Boys Jumpsuit PJs provide gentle softness for your newborn's delicate skin. The relaxed and roomy fit ensures comfort for all-day wear.Easy Diaper Changes: Designed with a hidden diagonal zip front, these Baby Zip Front Pajamas make late-night diaper changes simple and hassle-free, thanks to the zipper guard.Non-Slip Bee Grips: Each pair of these Baby Boys Footie Pajamas includes non-slip ""bee grip"" footies, offering stability for early movers during playtime. Footless options are also available for warmer seasons.Convertible Mitts: Sizes for newborns and 0-3 months include no-scratch mittens, keeping your little one's hands warm and safe from tiny nails, making them ideal as Newborn Boys PJs.Soft and Certified Organic: These Baby Boys Sleep PJs are GOTS-certified by CU 831717, 2024, ensuring breathable fabric for day-to-night comfort. The combed and ring-spun fabric adds durability, making them perfect as Baby One-Piece Jumpsuit PJs.",,"Customers find the one-piece outfit soft, comfortable, and cozy. They appreciate the cute designs and high-quality fabric. However, opinions differ on the sizing.",https://www.amazon.com/dp/B07M6SSQXH
922,B07VKTGVV5,Hudson Baby Baby Girls' Cotton Dress and Cardigan Set,Hudson Baby Store,No especificado,No especificado,Baby,In Stock,12.4911,12.4911,13.99,4.7,15058.0,9.61973109808682,200.0,5.303304908059076,True,995.0,False,"Set includes dress and cardiganMade with 100% cottonSoft, gentle and comfortable on baby's skinOptimal for everyday useAffordable, high quality outfit",,"Customers find the dress cute and nice. They appreciate the soft material and good quality, describing it as long-lasting and precious. Many consider it a great value for money. The dress size is true to size and washable. However, some customers dislike shrinkage and have mixed opinions on how well it fits.",https://www.amazon.com/dp/B07VKTGVV5
923,B08G5FZK73,"HonestBaby Multipack Short Sleeve T-Shirt Tee 100% Organic Cotton Infant Baby, Toddler, Little Kids Boys, Girls, Unisex",HonestBaby Store,No especificado,No especificado,Baby,In Stock,24.9958,24.9958,59.99,4.6,5409.0,8.596004371840527,1000.0,6.90875477931522,True,995.0,False,"100% ORGANIC COTTON, certified by GOTS, the leading world-wide standard for products made in sustainable manufacturing facilities, without the use of synthetic pesticides, non-toxic, PVC free and without heavy metal phthalate dyesMulti pack: includes 10-pack of stylish colors short sleeve T-ShirtsFASHION & FUNCTION: Adorable prints and stylish details. Super-cute and super-comfy.GREAT GIFT: these tees are a wardrobe essential. easy to grab, wear and wash, this 10-pack makes for a perfect shower gift for a new mom, new dad, or growing familyFABRIC: Super soft combed and ring-spun for durability, softness and no-pill washing",,"Customers appreciate the shirt's color variety, softness, and value for money. They find the colors nice and easy to match with various outfits. The fabric has a natural cotton feel that gets softer after washing. Many consider it an affordable staple for any kid's wardrobe. However, opinions differ on the quality, fit, and washability.",https://www.amazon.com/dp/B08G5FZK73
924,B07CL5HT3S,Simple Joys by Carter's Baby Hooded Sweater Jacket with Sherpa Lining,Simple Joys by Carter's Store,No especificado,No especificado,Baby,In Stock,18.0,18.0,18.0,4.8,31972.0,10.37264707562448,300.0,5.707110264748875,True,995.0,False,"Cozy & Warm: Quilted cotton-blend shell with plush sherpa lining ensures your little one stays warm during chilly days.Adorable Design: Features an attached hood with charming bear ears, adding a playful touch to your baby's winter wardrobe.Easy Layering: Full zip closure makes it simple to layer over outfits, while long sleeves with ribbed cuffs keep the cold out.Practical & Stylish: Includes front pockets for added convenience and style.High-Quality: Made from a soft cotton-polyester blend for lasting comfort and durability.Unisex: Suitable for both baby boys and girls, making it a versatile addition to any winter collection.",,"Customers find the sweatshirt cute and warm with a fleece-like lining. They appreciate the softness, quality, and thickness of the material. Many say it's cozy and cuddly for cold months. The zipper is strong and keeps extra warmth. Customers also like the thickness, value for money, and weight. However, opinions differ on how well it fits.",https://www.amazon.com/dp/B07CL5HT3S
925,B0C7HKDQH3,Carhartt Unisex Baby Long-Sleeve Pocket Bodysuit,Carhartt Store,No especificado,No especificado,Baby,In Stock,14.84,14.84,14.84,4.9,753.0,6.625392368007956,400.0,5.993961427306569,True,995.0,False,Rib-knit crewneck and cuffs hold their shape throughout the dayShoulder and crotch snaps for easy on and offLeft-chest pocket with sewn-on Carhartt labelTagless neck label for a smooth feel,,"Customers appreciate the leotard's color, material quality, and fit. They find it looks adorable, is durable, and made to last. Many of them mention it fits true to size and is comfortable. The soft, thick fabric doesn't shrink when washed. Customers also like its sexiness, washability, and ease of use. However, some customers have mixed views on the value for money.",https://www.amazon.com/dp/B0C7HKDQH3
926,B0CP3NQCN3,Kaipiclos Newborn Infant Girl Clothes Rib Knit Romper Daisy Print Pants Headband Baby Clothes for Girls 0 3 6 12 18 24 Months,Kaipiclos Store,No especificado,No especificado,Baby,In Stock,17.62,17.62,17.62,4.5,392.0,5.973809611869261,900.0,6.803505257608338,True,995.0,False,"Material: The baby girl fall outfits, girls fashion clothes sets is made of cotton blend, skin-friendly, soft, and comfortable to wear.Cute Baby Girl Clothes Features: Fresh style toddler bell bottoms outfits sets, including solid color, ribbed knit cold shoulder solid romper, with cute print flared baby bell bottoms pants, cute and fashion baby girl fall outfits.Occasion: Popular cute newborn fall outfits baby girl clothes suits, great for fall winter dailywear, going out and coming home outfit, parties, playsuit, family gathering, photoshoot, birthday,christmas gifts, valentines day gifts and other festivals etc.Size: 0-3 Months, 3-6 months, 6-12 months, 12-18 months, 18-24 months. Please check the size chart in the specification for the fall baby girl clothes before ordering.Package for winter baby girl clothes: 1pc romper tops+1pc flare bell bottoms pants+1pc headbands",,"Customers find the outfit cute and true to size. The material is soft and true to size. However, some customers dislike that the headband and bows are not pre-tied. Opinions vary on the material quality.",https://www.amazon.com/dp/B0CP3NQCN3
927,B07ZPQ8VDN,"Simple Joys by Carter's Baby Boys' 2-Way Zip Thermal Footed Sleep and Play, Pack of 2",Simple Joys by Carter's Store,No especificado,No especificado,Baby,In Stock,15.588,15.588,17.0,4.8,17883.0,9.791661737353872,1000.0,6.90875477931522,True,995.0,False,100% CottonImportedZipper closureMachine Wash,,"Customers appreciate the softness, cute design, and comfortable fit of the pajamas. They find the material nice, durable, and long-lasting. The 2-way zipper makes diaper changes easy, and customers appreciate the warmth and value for money.",https://www.amazon.com/dp/B07ZPQ8VDN
928,B01M2CO9DQ,"Simple Joys by Carter's Baby Girls' Long-Sleeve Bodysuit, Pack of 5",Simple Joys by Carter's Store,No especificado,No especificado,Baby,In Stock,15.2215,15.2215,18.0,4.8,42115.0,10.64818299497665,700.0,6.55250788703459,True,995.0,False,"5-Pack Value: Exceptional value with six bodysuits in one pack.Comfortable Long- Sleeves: Perfect for layering or wearing alone in warmer weather.Soft and comfortable: Made from soft fabric - perfect for any season! Expandable Shoulders: Shoulders overlap for easy over-the-head dressing and undressing.Tagless Design: Enjoy comfort with no tags.Strong Snaps: Durable snaps without nickel keep up with wear and ensure easy diaper changes.Certified Safe: OEKO-TEX Standard 100 certified, ensuring the fabric is safe for your baby's delicate skin.",,"Customers appreciate the quality, fit, and design of the leotards. They find the outfits to be true to size, with a cute design and pretty colors. The fabric is soft and gentle on delicate baby skin. Many customers consider the product a good value for the price. They also appreciate the color variety, fabric quality, and washability.",https://www.amazon.com/dp/B01M2CO9DQ
929,B088NSCVG2,Onesies Brand Baby Boys' 4-Pack Sleep 'N Play Footies,Brand: Onesies Brand,No especificado,No especificado,Baby,In Stock,23.99,23.99,23.99,4.7,18534.0,9.827416115584832,600.0,6.398594934535208,True,995.0,False,Includes four Sleep 'n PlaysFront zippers for easy changesSafety tab atop zipper to prevent irritationFabric type: 100% Cotton,,"Customers appreciate the cute designs and softness of the pajamas. They find the material breathable and comfortable, keeping babies warm yet not too thick. Many consider them good value for money, a great brand, and worth purchasing. However, some customers have differing opinions on the fit, material quality, and zipper quality.",https://www.amazon.com/dp/B088NSCVG2
930,B09JFQ74YX,SUNNY PIGGY Newborn Infant Baby Girl Clothes Ruffle Romper Toddler Girl Floral Cotton Pant Sets Girls Clothing Outfit,SUNNY PIGGY Store,No especificado,No especificado,Baby,In Stock,14.98,14.98,14.98,4.8,2327.0,7.752764808851328,800.0,6.68586094706836,True,995.0,False,"Materials: High Quality Cotton Blend Fabric. Super soft and comfortable for your little girl.Design: Pretty ruffle sleeve romper top and floral pattern pant sets make your baby girl more adorable in all day. Cute letter printed is full of love.Size: Baby girl clothes 0-3 months, 3-6 months baby girl clothes, 6-12 month newborn girl outfits, 12-18 months toddler girl Clothes.Occasion: Fit for birthday gifts, weddings, baby shower, parties, photograph, school, park, holiday outfits, family days, play wear, indoor wear, fall,winter,spring, summer or any other occasion.Package: 1* Romper Top, 1* Floral Pants, 2* Cute Headband.",,"Customers find the coordinated outfit cute with nice colors. They appreciate the good material quality, good fit, and softness of the fabric. Many consider it a great baby gift and suitable for both mom and dad. While most are happy with the value for money and product quality, some dislike the material thickness.",https://www.amazon.com/dp/B09JFQ74YX
931,B07GG593DL,Gerber Baby Boy and Girls 4-Pack Sleeper Gown,Brand: Gerber,No especificado,No especificado,Baby,In Stock,20.99,20.99,20.99,4.8,33092.0,10.40707705863749,1000.0,6.90875477931522,True,995.0,False,"Includes four Gerber lap shoulder gownsSoft cotton ribExpandable lap shoulder necklineMachine wash, tumble dryBaby clothingGreat Gift Idea",,"Customers appreciate the nightgown's cute designs, softness, and ease of diaper changes. They find the material comfortable and breathable. Many customers appreciate the good quality and durability of the nightgown. The nightgown is considered a good value for money, suitable for newborns, and functional. However, some customers have mixed opinions on how well it fits.",https://www.amazon.com/dp/B07GG593DL
932,B08L93432B,Newborn Baby Boy Girl Clothes Ribbed Knitted Cotton Long Sleeve Romper Long Pants Solid Color Fall Winter Outfits,MA&BABY Store,No especificado,No especificado,Baby,In Stock,14.9912,14.9912,16.99,4.6,4972.0,8.511778558714738,200.0,5.303304908059076,True,995.0,False,"♥ [Material]: Made of soft cotton, knitted ribbed, stretchy and skin-friendly fabric, super breathable and warm, lightweight and comfortable for baby girl and baby boy.♥ [Cute Style]: Pull On closure. Two-Piece unisex baby pjs set. Solid color v-neck and button design, ribbed long sleeve romper top matching drawstring long pants. Simple yet stylish. Perfect for spring/fall/winter.♥ [Size]: This unisex baby girl boy fall clothes suitable for toddler newborn infant baby of 0-24 months. Please check the size chart carefully before buying♥ [Occasions]: Casual tracksuit for your little princess or prince, suitable for daily wear, baby shower, birthday, beach, photography props, play wear, family day, coming home outfit, great fall winter outfit.♥ [Package includes]: 1 x long sleeve romper top +1 x long pants. Best gift for your baby, who will enjoy the super comfort wearing it.",,"Customers appreciate the coordinated outfit's color, softness, and stretchiness. They find the design cute with the buttons on the top. However, opinions vary on the sizing and material quality.",https://www.amazon.com/dp/B08L93432B
933,B0B6DCY8GT,Gerber Baby Girls' 4-Pack Footed Pajamas,Brand: Gerber,No especificado,No especificado,Baby,In Stock,23.0023,23.0023,29.98,4.5,4285.0,8.363109176033522,600.0,6.398594934535208,True,995.0,False,"Includes four pairs of footed snug fit cotton pajamasFeatures snug fit for safety against fires, long sleeves & crew neck with zipper tab to prevent poking.Front zipper allows for quick & easy changes. PJ's may be layered under with our Onesies bodysuitsDesigned with soft, gentle fabric & snug design to ensure a comfortable, safe night of sleepOne purple with allover pink geometric pattern, one with allover purple woodland print",,"Customers like the cute designs and soft fabric of the pajamas. They find them comfortable and gentle on their skin. However, some customers feel the material is too thin and see-through, making it more suitable for summer wear. There are mixed opinions on the fit and overall quality.",https://www.amazon.com/dp/B0B6DCY8GT
934,B083XHS9XY,Simple Joys by Carter's unisex-baby 5-pack Side Snap Short-sleeve Bodysuit,Simple Joys by Carter's Store,No especificado,No especificado,Baby,In Stock,19.57,19.57,19.57,4.8,4553.0,8.423761246623686,1000.0,6.90875477931522,True,995.0,False,"Value Pack: Includes five bodysuits, offering great value for everyday wear and easy outfit rotation.Unisex Design: Perfect for both boys and girls, making it a versatile and practical addition to any baby wardrobe.Side Snap Closure: Convenient side snaps for easy dressing and diaper changes, minimizing the need to pull over baby's head.Soft, Comfortable Fabric: Made from soft, breathable cotton to keep your baby comfortable throughout the day.Durable Construction: Designed for frequent washing without losing shape or softness, offering long-lasting use.Easy to Layer: Ideal as a base layer, or to wear alone during warmer months, providing multiple styling options.",,"Customers find the leotards to have good quality material, cute styles, and softness. They appreciate the nice colors and patterns. The onesies fit well and are easy for babies to wear. Many customers find the onesies easy to put on and take off, making them convenient for daytime use. They also appreciate diaper changeability and value for money.",https://www.amazon.com/dp/B083XHS9XY
935,B07ZPQHFLC,Simple Joys by Carter's Baby Boys' 2-Pack Fleece Footed Sleep and Play,Simple Joys by Carter's Store,No especificado,No especificado,Baby,In Stock,17.249,17.249,19.0,4.8,21214.0,9.962463757636426,300.0,5.707110264748875,True,995.0,False,"Great Value in a Convenient 2-Pack: Get double the style and comfort in this affordable set, perfect for building your little one's wardrobe with essential everyday pieces.Fun Prints and Colors: Bright and cheerful designs with playful patterns make these outfits a joy for both parents and little ones, adding a touch of charm to any day or night.Easy two-way zipper: Zips from neck to toe ensure hassle-free dressing and diaper changes, making these perfect for busy parents and wriggly little ones.Versatile Design: Comfy fleece is ideal for sleep or play, these one-pieces keep your little boy comfortable and cute around the clock.Snug, Secure Fit: Designed with a tailored fit that stays comfortably in place as your baby moves, crawls, and explores.Easy Care: Designed for busy parents, this set is machine washable, allowing for hassle-free cleaning and maintenance.",,"Customers find the pajamas soft and comfortable. They appreciate the cute design with great colors and patterns. The pajamas keep babies warm during cold nights and winter months. Customers are happy with the zipper quality, fabric quality, and value for money. However, opinions vary on how well the pajamas fit.",https://www.amazon.com/dp/B07ZPQHFLC
936,B08Z755PCH,Mioglrie Newborn Infant Baby Girl Clothes Romper Shorts Set Floral Summer Outfits Cute Baby Clothes Girl,Mioglrie Store,No especificado,No especificado,Baby,In Stock,14.98,14.98,14.98,4.8,4038.0,8.303752415563412,1000.0,6.90875477931522,True,995.0,False,"Great Quality: Cotton ribbed baby girl romper shorts set bring comfortable feelings. Soft, safe and harmless to baby's skin. Pretty baby girl clothes for giftsNovel Design: Lovely ""I got It From My mama "" express great love from family. Super soft and stretchy materials for comfortable dressing and sporting. Pure romper, ruffle princess shorts and matching headband create more appealing impression. Convenient Snap closure for easy diaper changes.Various Occasions: Great baby girls' clothing for birthday gifts, party and family days. Nice for photography props, dress up and holiday. Comfy for home-wearing and outdoor-playing.Recommended Age: Suitable for newborn baby 0-3 months girl clothes, 3-6 months baby girl clothes, 6 - 12 month baby girl clothes and 12 to 18 month girl clothes and baby girl clothes 18-24 months.Cute Newborn Baby Girl Outfits for Summer Gifts",,Customers find the outfit cute and sweet. They appreciate the good material and durable construction. The bloomers and matching bow make it precious.,https://www.amazon.com/dp/B08Z755PCH
937,B0B6Z9MVTF,Onesies Brand baby-girls 3-pack Romper,Brand: Onesies Brand,No especificado,No especificado,Baby,In Stock,19.99,19.99,19.99,4.8,718.0,6.577861357721047,700.0,6.55250788703459,True,995.0,False,"Includes three baby rompersFeatures inner thigh snaps & back placket for easier changesMade with soft, breathable cotton fabric. Perfect to wear in warm weather!Pair with a cute cardigan on breezy days and our adorable baby shoes!Purple, white & mint green with screen print floral art",,"Customers find the one-piece outfits cute and well-made. They appreciate the soft, comfortable fabric that feels nice and fresh. The onsies fit true to size and are small enough to be a diaper bag back up outfit. Customers value the good quality and affordability of these one-piece outfits. The onsies are easy for diaper changes, provide warmth, and are washable.",https://www.amazon.com/dp/B0B6Z9MVTF
938,B07QPQLW34,Gerber baby-boys 5-pack Short Sleeve Variety Onesies Bodysuits,Brand: Gerber,No especificado,No especificado,Baby,In Stock,15.99,15.99,15.99,4.8,18934.0,9.848767340335895,900.0,6.803505257608338,True,995.0,False,"Includes 5 onesies, Weave Type: KnitCotton rib, cotton/rayon ribVariety of colors/patternsArt is screen-print and puff print",,"Customers find the leotards have a cute design and great quality. They appreciate the soft, comfortable material that feels rich. The onesies are durable and long-lasting. Many customers find them a good value for money and consider them a nice gift idea. However, some customers have mixed opinions on the fit and stretchiness.",https://www.amazon.com/dp/B07QPQLW34
939,B07QPQLWYB,Gerber Baby Girls' 5-Pack Short Sleeve Variety Onesies Bodysuits,Brand: Gerber,No especificado,No especificado,Baby,In Stock,15.99,15.99,15.99,4.8,45427.0,10.723883934011537,1000.0,6.90875477931522,True,995.0,False,Includes 5 onesiesCotton ribVariety of colors/patternsArt is screen-print and foilSpecial Size Type: Standard,,"Customers appreciate the cute and soft design of the leotard. They find the material comfortable and the onesie doesn't fall apart easily. Many consider it a good value for the price, with bright colors and nice designs. However, some customers have mixed opinions on how well it fits.",https://www.amazon.com/dp/B07QPQLWYB
940,B092YTHSSV,Gerber Baby 5-Pack Solid Onesie Bodysuits,Brand: Gerber,No especificado,No especificado,Baby,In Stock,14.99,14.99,14.99,4.8,55915.0,10.931605843591019,1000.0,6.90875477931522,True,995.0,False,"Includes five solid, short sleeve Onesies Brand bodysuitsEasier changes with expandable necklines & high-positioned bottom snaps. Sizes PM - 0-3M feature two snaps, all larger sizes feature three.Perfect for layering Pair our baby girl & baby boy bodysuits with our coordinating baby pants, baby caps, & baby socksOur solid bodysuits are perfect for personalized baby gifts, baby shower gifts, or DIY projectsSolid black",,"Customers find the onesies a good value for the price. They appreciate the soft, comfortable fabric that holds up well in the wash and dryer. The onesies look adorable and are great for craft projects. While most customers are satisfied with the wearability and color, some have differing opinions on the fit and material thickness.",https://www.amazon.com/dp/B092YTHSSV
941,B07Y2KBF2W,Simple Joys by Carter's Baby 3-Pack Snap-up Rompers,Simple Joys by Carter's Store,No especificado,No especificado,Baby,In Stock,21.5,21.5,21.5,4.8,20505.0,9.928472805230037,200.0,5.303304908059076,True,995.0,False,"Pack of 3: Three unisex neutral rompers, offering great variety and convenience, perfect for everyday wear or as a gift.Fun Unisex Prints & Patterns: Adorable and playful designs, including vibrant colors, cute animal characters and more to brighten up your little one's wardrobe.Snap-Up Closure: Full-length snaps from the neck to the legs make dressing and diaper changes quick and easy, allowing for hassle-free outfit swaps without pulling over the head.Short-Style Rompers: Short-sleeve and short-leg design is ideal for warm weather, keeping your baby cool and offering freedom of movement.OEKO-TEX Certified: Made from materials that meet the OEKO-TEX Standard 100, ensuring they are free from harmful chemicals and safe for delicate skin.",,"Customers find the one-piece outfits cute and comfortable. They appreciate the neutral colors and good fit, with the 3 month size being perfect for 10-12 lb babies. The material is soft yet sturdy, providing coverage for chubby baby thighs from stroller and car seat straps. Many customers find them durable and long-lasting, making them a great value for money. The outfits are also easy to use and washable.",https://www.amazon.com/dp/B07Y2KBF2W
942,B08GHLBW8P,Gerber Baby Boys' 4-Pack Footed Pajamas,Gerber Store,No especificado,No especificado,Baby,In Stock,23.003,23.003,32.99,4.4,3433.0,8.141481041457421,700.0,6.55250788703459,True,995.0,False,"Snug fit to follow safe sleep regulationsFront zippers for easy changesSafety tab atop zipper to promote comfortBaby ClothingBaby Pajamas, Baby Sleeper, Baby Unionsut",,,https://www.amazon.com/dp/B08GHLBW8P
943,B0DYSWTXH4,PORCLAY Men's Polo Shirt Summer Waffle Short Sleeve Blouses Button Down Beach Tops Textured Golf Shirts with Pocket,PORCLAY Store,No especificado,No especificado,Men,In Stock,25.99,25.99,25.99,4.4,2918.0,7.978996370854115,0.0,0.0,False,995.0,False,"【Material】 :This men's button down short sleeve shirt is made of polyester waffle textured fabric, which is wrinkle-free, moisture wicking, breathable, skin friendly, lightweight. Perfect for beach vacations and other summer trips.【Features】:The golf shirts for men features turn down collar and contrast color design, short sleeve, v neck, one front chest pocket can store your pens or sunglasses.Mens vintage polo shirts make you look more capable and neat, basic and stylih styles.【Occasion】 :Mens button down shirt is suitable for all occasions,such as beach, vacation, party, vintage cosplay, golf course, cruises, holiday, travel, dating, wedding, school, office, business casual, hawaiian, island, work, or any casual daily wear【Match】 :Our shirts for men could be easy to match with linen shorts or pants, casual pants or shorts to create a simple but fashionable style. These casual shirts are great either solo buttoned up or worn unbuttoned over a form fitting t-shirt or tank.【Note】:Mens beach clothes is machine washable.This fabric are prone to snagging, so avoid excessive contact with sharp objects. Please refer to our size chart information before ordering to choose the best size for you.If you want a looser fit, plan to purchase one size larger.",,,https://www.amazon.com/dp/B0DYSWTXH4
947,B0DR8Q5186,ZITY Men's 3 Pack Polo Shirts Short Sleeve Moisture-Wicking Golf Shirt Business Causal Tops,ZITY Store,No especificado,No especificado,Men,In Stock,29.9947,29.9947,56.99,4.6,5.0,1.791759469228055,0.0,0.0,False,995.0,False,"GREAT VALUE: Offered in a 3-pack, allowing you to get three high-quality shirts at an affordable price. The 3 pack polo shirts includes three classic colors (such as navy, gray, and black), making it easy to match with various outfits and occasions, adding versatility to your wardrobePREMIUM FABRIC: These mens short-sleeve polo shirts are made from high-quality moisture-wicking blended fabric, which is breathable and quick-drying, keeping you cool and dry. Whether in the office or enjoying outdoor activities, they provide lasting comfortEXQUISITE APPEARANCE: This men's polo shirts features a classic minimalist design with textured ribbed collar and cuffs for a refined, stylish touch. The flexible fit flatters your figure while offering ample freedom of movement, making it perfect for sports like golfVERSATILE STYLE: Our 3-piece men's polo summer shirt strikes the perfect balance between fashion and comfort, making it ideal for business casual settings or weekend activities like golf. It's an essential wardrobe staple for every modern manDURABLE& EASY CARE: These golf shirts are wrinkle-resistant and shrink-resistant, maintaining their shape after washing and eliminating the need for frequent ironing. Even on busy workdays, they help you maintain a neat and polished appearance",,,https://www.amazon.com/dp/B0DR8Q5186
948,B0DSDL34G4,Aulemen Men's Casual Polo Shirts Short Sleeve Classic Collar T-Shirt Slim Fit Button Basic Golf Shirts with Pocket,Aulemen Store,No especificado,No especificado,Men,In Stock,19.99,19.99,19.99,3.8,5.0,1.791759469228055,0.0,0.0,False,995.0,False,"Material: Men's short sleeve casual polo shirt is made of 35%cotton, 60%polyester, 5%elastane; it feels soft, nonrestrictive and light.Design: Two delicate front pocket and 3 buttons contrast placket design make these men's short sleeve pockets polo shirts more classy, high stretch. Adjustable buttons ensure maximum comfort of the neck. Slim fit mens golf polo shirts, show the masculinity full of confidence and vitality.Match: Mens fashion polo t-shirt could be matched with stylish jeans, chinos or casual pants for leisure look, all-match and casual, create a modern and stylish new look.Occasion: These casual golf tshirt comfortable and slim fit casual wear,suit for any casual occasions such as daily wear, business, office, work, date, golfing, outdoor, party, travel, camping, street, beach etc.Size: Please refer to the size chart before you ordering. Any other questions, please contact us freely.",,,https://www.amazon.com/dp/B0DSDL34G4
952,B0DMSVLHJ1,COOFANDY Men's Textured Polo Shirts Short Sleeve Slim Fit Casual Button Polo T-Shirt Summer Collared Golf Shirt,COOFANDY Store,No especificado,No especificado,Men,In Stock,24.99,24.99,24.99,4.5,39.0,3.6888794541139363,0.0,0.0,False,995.0,False,"【STRETCHY FABRIC】 Men's ribbed polo shirt made from high quality stretchy soft fabric which gives the tee wrinkle-free. Lightweight and soft golf polo shirt will keeping you comfortable skin touch all day.【CLASSIC DESIGN】 Casual slim fit polo shirts for men features textured pattern, polo collar, 3 button closure, ribbed hem, slim fit. Solid color polo shirt is a trendy essential addition to men's wardrobe.【EASY MATCH】 COOFANDY textured polo shirts can pair with denim or casual pants to get a fashion casual look, also with blazer and dress pants for a classy business look. The slim fit is also suitable for muscle men. Classic solid color can be freely matched to create a fashion style.【MULTIPLE OCCASIONS】 This men's polo pullover t-shirt is suitable for daily, business, casual, work, office, dating, proms and outdoor activities like golf, bowling,tennis,gym and vacation looking. It's perfect gift for your husband, dad, grandpa and friends.【GARMENT CARE】 The casual business polo shirt is machine washable. Please check size chart before ordering these men's ribbed fitted polo shirts. If you want a looser fit style, please take one size up.",,,https://www.amazon.com/dp/B0DMSVLHJ1
987,B07L124QBK,Men's Cotton Double Dhoti With Silver Border,Brand: Generic,No especificado,No especificado,Men,Low Stock,29.95,29.95,29.95,4.4,2918.0,7.978996370854115,0.0,0.0,False,995.0,False,Material: 100% cottonLength: 4 MtrsIdeal for regular and ceremonial use.Hand wash,,,https://www.amazon.com/dp/B07L124QBK
988,B07J31WFNB,Amazon Essentials Skinny Jeans for Women (Stretchy),Amazon Essentials Store,No especificado,No especificado,Women,In Stock,17.2613,17.2613,19.95,4.2,14065.0,9.551515816867964,100.0,4.61512051684126,True,995.0,False,"SKINNY FIT: Experience a snug fit with these stretchy skinny jeans for women that sit comfortably below the natural waist, great for all-day wear and versatile stylingHIGH STRETCH DENIM: Crafted from a cotton-blend denim, these women's stretchy jeans offer enhanced comfort and fit, allowing for movement throughout your day with style and easeWARDROBE ESSENTIAL: These trendy women's jeans feature a slim silhouette, making them a versatile piece with various styling options for any occasionDETAILS: Enjoy classic five-pocket styling, a zip fly, and shank button closure in these stretchy skinny jeans for women. All denim is unique and will vary in color due to wash, finish, and dyeINSEAM OPTIONS: Choose your ideal fit, including petite jeans for women and plus size jeans for women, with three inseam lengths for style and comfort inclusivity. Offered in 3 lengths - Short 27"", Regular 29"", & Long 31"" each with a 4 7/8"" leg opening on US size 6",,"Customers appreciate the pants for their comfort, softness, and nice color. They find the jeans to be well-made with a good material quality and stretchiness that allows them to move comfortably. Many of them consider the pants a good value for the money. However, opinions vary on the fit and fabric thickness.",https://www.amazon.com/dp/B07J31WFNB
989,B0D1H1HV5F,AEROPOSTALE Women's Aero High Waisted Jegging,AEROPOSTALE Store,No especificado,No especificado,Women,In Stock,49.959,49.959,54.95,4.4,297.0,5.697093486505405,0.0,0.0,False,995.0,False,"REPREVE | made from recycled plastic bottles to minimize waste production, Heavier-weight (10.5oz), super-soft Premium Seriously Stretchy denim2-way stretch fabric holds you in, doesn't bag out or gap at the waist, and lifts for the best bootyZipper Fly5-PocketClean Hem, Contour Waistband",,"Customers appreciate the comfortable and flattering fit of the pants. They find the material soft and stretchy, with a nice combination of stretch and structure. Many describe the pants as cute and great-looking jeans. The pants have a good quality for the price, though some customers have mixed opinions on the fit.",https://www.amazon.com/dp/B0D1H1HV5F
990,B07B6KT78H,Lee Women's Ultra Lux Comfort with Flex Motion Bootcut Jean,Lee Store,No especificado,No especificado,Women,In Stock,27.7025,27.7025,36.9,4.4,16561.0,9.714866193593645,300.0,5.707110264748875,True,995.0,False,"Mid rise, regular fitFeaturing flexible non-binding waistband5 pocket denim with back pocket detail stitchingRise: 10 inches, leg opening: 18 inches, n: short: 30 inches, medium: 32 inches, long: 34 inchesProduct Measurements were taken using size 10 medium. Please note that Measurements may vary by size",,"Customers find the jeans comfortable and stylish. They appreciate the stretchy waistband, nice color, and well-made material. The jeans hold up well throughout the day without stretching out too much. Many customers are happy with the quality and value for money. However, opinions differ on the thickness.",https://www.amazon.com/dp/B07B6KT78H
991,B00021NY28,Gloria Vanderbilt Women's Amanda Classic High Rise Tapered Jean,Gloria Vanderbilt Store,No especificado,No especificado,Women,In Stock,16.7665,16.7665,48.0,4.3,74113.0,11.213359727311566,500.0,6.2166061010848646,True,995.0,False,"STYLE - Classic high rise taper jean sits at natural waist with functional pockets, easy zipper fly and belt loops for the fit you love.VERSATILITY - Goes great with all tops from fashionable to basic T-shirts and all footwear from stylish boots to your favorit shoes.LENGTH - This high rise pant have a 31 inch average inseam, 29 inch short inseam and 33 inch long inseam with a 15 inch leg opening.AVAILABILITY - Offered in many different colors, prints as well as details, see color name for specificsBRAND - Effortlessly fun and stylish Gloria Vanderbilt is a versatile yet classic look that attracts and connects with the modern sensibility of consumers of all ages.",,"Customers appreciate the pants' style, comfort, and quality. They find the pants look normal once on, have a soft, stretchy fabric, and are reliable. Many consider them reasonably priced and decent quality for the price. However, some customers have mixed opinions on the fit, color choice, and material quality.",https://www.amazon.com/dp/B00021NY28
992,B0C3L9HJRZ,XZQTIVE 3 Pack Women Belts For Jeans Dresses Pants Ladies Leather Waist Belt with Gold Buckle,XZQTIVE Store,No especificado,No especificado,Women,In Stock,21.501,21.501,23.89,4.5,2353.0,7.763871287820222,1000.0,6.90875477931522,True,995.0,False,"XZQTIVE's casual leather belt is made of quality leather material which is soft, light weight and touch smooth, 1.1in width narrow leather help to make your outfit look more elegant, fresh and lively in any season.Shiny Gold buckle - Golden metal buckle stay classic but still get the fashion trendy, capable with two gold metal loops are designed to hang the tail of belt, help to stay neat and elegant, the metal loops is fixed on belt, no worry about loosing like the removable leather loops.Small To Plus Size - Size small fit women pant 24-29 inches, size medium fit pant 30-36 inches, size large fit pant 37-41 inches, size X large fit pant 42-47 inches, size XX large fit pant 48-52 inches, each set of belts come with a metal pouch to help to make holes on belt to fit your waistline.Fashion leather belt - Muti trendy color option: black, brown, tan, beige, and white, Two ways to wear leather belt can be used as a pant belt for jean, short and dress pant, also a waist belt for dress, coat, sweater, blouse and jacket, You will get a tun of compliments when you wear this quality women belts.XZQTIVE Leather Belt - 3 pieces leather belts are suitable for women and teen school girl, it is a nice choice to share it with your mother, friends, sisters, daughter or girlfriend in Christmas holiday, birthday, Valentine's Day, Mother's Day and Christmas Day.",,"Customers appreciate the belts' colors, quality, and fit. They find the belts stylish and well-made, with nice gold hardware that looks expensive for the price. The sizing is accurate, and customers appreciate the variety of colors and sizes available. Overall, they consider these belts a good value for the money, with comfortable fit and good quality.",https://www.amazon.com/dp/B0C3L9HJRZ
993,B0D91GGC4Z,KUNMI Women's Skinny Ripped Trendy Jeans Distressed Stretchy Denim Pants,KUNMI Store,No especificado,No especificado,Women,In Stock,36.99,36.99,36.99,4.3,448.0,6.1070228877422545,0.0,0.0,False,995.0,False,"73% Cotton, 14% Rayon, 11% Polyester, 2% SpandexA version of the skinny fit, these mid waisted distressed jeans offers a comfortable wear with a power stretch denim fabrication featuring the highest elastic and recovery.This slim fit jeans for women finished with classic wash and raw tassel hem. Cute destroyed details at the leg. Five-pocket construction.Engineered with an eased belt loop waistband that prevents both gapping and muffin top.These women distressed jeans are suitable for Casual Outtings, School, Vacation, Picnic, Traveling, Driving, Home, and Daily Wear. These will be an excellent gift for your friends at any festival, for example, Christmas Day, Birthday, Valentine's Day.",,"Customers find that the pants fit well with a good length and leg. They are comfortable, snug, and soft. The style looks nice and is described as sexy. The material quality is good, though some customers disagree on the thickness.",https://www.amazon.com/dp/B0D91GGC4Z
994,B07QL1H7KS,Levi Strauss Signature Gold Women's Mid-Rise Slim Fit Capris (Available in Plus Size),Levi Strauss Signature Gold Store,No especificado,No especificado,Women,In Stock,27.99,27.99,27.99,4.3,32921.0,10.40189640628703,300.0,5.707110264748875,True,995.0,False,"Same great jeans, brand new name! Signature by Levi Strauss & Co. is now Levi Strauss Signature GoldInseam: 22.5""Available in extended sizesPremium quality, super stretchy denimHugs your curves and keeps its shape all dayQuality is our Signature",,"Customers find the pants comfortable and flattering, with a good fit and plenty of room for curves. They appreciate the soft, stretchy material that hugs their bodies in the right places. Many find the pants look current and are of high quality. The pants are flexible and don't shrink or wrinkle. Many customers are satisfied with the baggyness and value for money. However, some customers have issues with the smell of the pants.",https://www.amazon.com/dp/B07QL1H7KS
995,B0DSW6C8PT,Women's Cow Leather Belt for Jeans Pants Fashion Ladies Skinny Dress Waist belt with Gold Buckle,Brand: KONQUWA,No especificado,No especificado,Women,In Stock,19.9,19.9,19.9,4.8,29.0,3.4011973816621555,0.0,0.0,False,995.0,False,"【Top-notch Quality】This women's belt is made of cowhide, high-quality materials and rigorous production processes ensure the excellent quality of each productwhich is soft and lightweight, ensuring durability and comfort【Shiny Gold Buckle】 The women vintage belt comes with a sparkling gold buckle and gold belt loops, it adds a lot of highlights to your outfit and makes your outfit more vintage and stylish. The buckle of the ladies western belt is solid metal and is beautifully crafted and antique. You can style your favorite outfit by wearing this ladies vintage leather belt【Size&Color】The thin leather belt length is from 37.6-42.6inches,which suit for waist size from 27-38 inches. Belt width: 2.3cm/0.24inch. Please kindly measure your waist size before purchasing to ensure the belt fits well,each belt comes with a hole punch, helping to punch holes in the belt to fit your waist.The belt comes in black and coffee colors with gold or silver or matte buckles, and can be used as a belt for jeans, shorts, and formal pants, as well as for dresses, jackets, sweaters【Matching & Occasions】The ladies western thin belt can be worn with many different outfits, you add one of these vintage belts for women to pretty much any outfit, it will instantly elevate your outfit and add a touch of vintage and style to your overall look. The women leather belt with gold buckle not only goes with your daily casual clothes, but also works for Halloween cosplay, music festivals, carnivals, beach seashores, birthday parties, and more【Best Choice】 This women's belt features an elegant design and high-quality structure, making it the perfect gift for any special occasion. Whether it's a birthday, anniversary, Valentine's Day, Christmas, Thanksgiving, or just a thoughtful surprise, this belt is sure to leave a deep impression on people",,,https://www.amazon.com/dp/B0DSW6C8PT
996,B09YPYFC4Q,VIPONES Women Jeans High Waisted Skinny Stretchy Soft Slim Fit Distressed Comfy Classic Jeggings Denim Pants,VIPONES Store,No especificado,No especificado,Women,In Stock,32.998,32.998,35.99,4.0,1839.0,7.517520850603031,50.0,3.9318256327243257,True,995.0,False,"This denim jeggings for women is made of soft denim, with comfortable stretch to flatter all shapes. It's sleek and comfortable, giving you long and lean look.This skinny jeans for women features with a light indigo wash and frayed hem, soft cotton-blend denim, ankle length cut, with frayed detail on knee and leg opening, to create a distressed, lived-in look.This butt lifting blue straight leg jeans offers you the movement freedom not found in traditional denim. giving you curves and flexibility. 5 buttons & pockets hold you in a slimming effect-instant confidence boost,conveniently for your daily life. Long-lasting shape holds its shape and hugs in all the right places.Slim fitted jeans suits for most occasions such as casual, school, office, shopping, going out, party, club, vacation and so on.Garment Care: Hand wash or machine wash separately in cool water, Wash and dry inside out with like colors, don't bleach, tumble dry low.",,"Customers appreciate the pants for their flattering look, comfort, and stretchiness. They find the color nice, the jeans soft, and the stretch is comfortable without getting baggy. Many are satisfied with the quality of the pants, though some dislike the button quality. Opinions vary on the fit, material quality, and value for money.",https://www.amazon.com/dp/B09YPYFC4Q
998,B089CJT9NX,Lee Women's Legendary Mid Rise Bootcut Jean,Lee Store,No especificado,No especificado,Women,Low Stock,26.0039,26.0039,42.9,4.3,4988.0,8.514990767861038,100.0,4.61512051684126,True,995.0,False,"78% cotton, 20% polyester, 2% spandeximportedzipper closuremachine washregular fit. with a regular fit and a mid rise, these bootcut jeans sit comfortably on the hips and have a skimming fit through the seat and thigh. designed for everyday comfort, these jeans have a leg opening that's perfect for your favorite booties.wardrobe classic. a great pair of bootcut jeans is a staple for every woman's wardrobe. with a flattering silhouette for any shape, this style pairs perfectly with your favorite pair of heels or booties.",,"Customers appreciate the pants' fit, comfort, and flattering style. They find them true to size and length, with a soft, smooth feel. The pants complement their figure well, with an excellent color. The material is durable yet soft, with no design flaws. The stretchiness allows for flexibility and movement.",https://www.amazon.com/dp/B089CJT9NX
999,B09PDMRNNZ,KDF Flare Jeans for Women Women's Bootcut Bell Bottom Jeans High Waisted Stretch Slimming Bell Bottoms Jeans,KDF Store,No especificado,No especificado,Women,In Stock,36.66,36.66,36.66,4.2,1686.0,7.430707082545968,400.0,5.993961427306569,True,995.0,False,"Black Bell Bottom Jeans Style: We are obsessing over these black bell-bottom jeans for your new season wardrobe. Featuring a classic black and stretch denim material with a flared design and skinny tights. Flare jeans are designed with a high waistline to show your perfect curve and let you enjoy it. The vintage washes and flared leg make a great pair for your favorite sweaters and tees.Blue Flare Jeans Style: The Shape of these flare jeans is designed with you in mind, with a few figure and curve enhancing tweaks to give you the perfect fit. Featuring a blue washed denim material with button fastenings, zipper fly, distressed knees, and a flared hem to the bottom.Matching & Occasions: Add these jeans to your wishlist for effortless everyday styling. Team these with a blouse and platform heels for a date or party. And these women's flare jeans are the good selection for your Friend, Mom at any festival such as Valentine's Day, Birthday, Halloween Day, Christmas Day.Boot Cut Jeans Size Details: US2: Waist: 25 1/2 inches, Hip: 33 1/2 inches; US4: Waist: 26 1/2 inches, Hip: 34 1/2 inches; US6: Waist: 27 1/2 inches, Hip: 35 1/2 inches; US8: Waist: 28 1/2 inches, Hip: 36 1/2 inches; US10: Waist: 29 1/2 inches, Hip: 37 1/2 inches; US12: Waist: 31 inches, Hip: 39 inches; US14: Waist: 32 1/2 inches, Hip: 40 1/2; US16: Waist: 34 inches, Hip: 42 inches; US18: Waist: 35 1/2 inches, Hip: 43 1/2 inches. Please see more flare jeans size details in the picture!Attention: Hand washes cold, line dry. Please note vintage wash will vary slightly with each pair. 80% Cotton, 18% Polyester, 5% Spandex.",,"Customers find the pants flattering and comfortable. They appreciate the stretchy, flexible fabric that is durable and doesn't fall apart. Many find the waist height satisfactory. However, some customers dislike the smell. There are differing opinions on the fit and material quality.",https://www.amazon.com/dp/B09PDMRNNZ
1000,B07PLVGLW8,Levi's Women's 311 Shaping Skinny Jeans (Also Available in Plus),Levi's Store,No especificado,No especificado,Women,In Stock,48.653,48.653,69.5,4.4,21243.0,9.96382978154229,300.0,5.707110264748875,True,995.0,False,"You might also like the ""Classic Straight""Mid Rise: Sits at waistShapes through hip and thighInseam: 28"" (Short); 30"" (Medium); 32"" (Long)Front Rise: 9 1/4""; Back Rise: 14 1/8""Leg Opening: 11""",,"Customers find the jeans fit well, are comfortable, and flattering. They appreciate the stretchiness, value for money, and shape retention. However, opinions differ on the overall quality.",https://www.amazon.com/dp/B07PLVGLW8
1001,B09K1K8117,Levi Strauss Signature Gold Women's Modern Straight Jeans,Levi Strauss Signature Gold Store,No especificado,No especificado,Women,In Stock,27.99,27.99,27.99,4.4,24332.0,10.099588732738454,200.0,5.303304908059076,True,995.0,False,"Same great jeans, brand new name! Signature by Levi Strauss & Co. is now Levi Strauss Signature GoldInseam: 29""= Short, 31""= Medium, 33""= LongAvailable in extended sizesPremium quality, super stretchy denimHugs your curves and keeps its shape all day",,"Customers find the pants fit well, are comfortable, and stretchy. They like the look, saying they look like old jeans and can be dressed up. Many customers appreciate the value for money and weight of the pants. However, opinions vary on quality and color accuracy.",https://www.amazon.com/dp/B09K1K8117
1002,B07SH9F51B,Lee Women's Ultra Lux Comfort with Flex Motion Trouser Pant,Lee Store,No especificado,No especificado,Women,In Stock,36.9914,36.9914,42.9,4.2,19982.0,9.90263719108129,300.0,5.707110264748875,True,995.0,False,"REGULAR FIT. With a regular fit and mid rise, these pants are a work-wear must. These women's trousers have a flexible non-binding waistband for all-day comfort.FLEX MOTION. Made with flexible fabric and a non-binding waistband, these women's dress pants are made for long days. A work-appropriate classic, perfect for mixing and matching with your favorite tops.DISCREET POCKETS. Two front slant pockets and back welt pockets offer convenient small-item storage.A LIFETIME OF QUALITY. For over 100 years, Lee has produced quality apparel with durability and long-lasting construction in mind. Lee is committed to designing clothing that conforms to your body, allowing you to move through life freely.SPECIFICATIONS. Zipper fly with button closure, rise: 9.75"", leg opening: 20"", inseam: Short 30"", Medium 32"", Long 34"", product measurements were taken using size 10 medium. Please note that measurements may vary by size.",,"Customers appreciate the pants' quality, comfort, and style. They find the material durable and soft, with a decent warmth for winter. Many describe the cut as flattering and say the pants are great for casual dress office jobs. The stretchiness, value for money, and color are also appreciated. However, opinions differ on how well the pants fit.",https://www.amazon.com/dp/B07SH9F51B
1003,B0C5N9XPCF,Lee Women's Legendary High Rise Trouser Jean,Lee Store,No especificado,No especificado,Women,Low Stock,44.95,44.95,44.95,4.2,1612.0,7.385851078125209,100.0,4.61512051684126,True,995.0,False,"HIGH RISE. Show the world a thing or two about being the fashionable legend you already know you are with these high-rise jeans. A relaxed, high-rise fit gives way to a trouser silhouette with front creases for a fashionable twist to your everyday jeans.LEGENDARY DETAILS. These high-waisted jeans are finished with our iconic logo patch, spade pockets and hardware that make Lee jeans unique.STRETCH DENIM. Strut with confidence in these fashionable trouser jeans. Made from authentic stretch denim, they move with you for all-day comfort.A LIFETIME OF QUALITY. For over 100 years, Lee has produced quality apparel with durability and long-lasting construction in mind. Lee is committed to designing clothing that conforms to your body, allowing you to move through life freely.SPECIFICATIONS. 5 pockets. Zipper fly with button closure. Inseam: 30"" short, 32"" medium, 34"" long. Rise: 10.5"". Bottom Leg Opening: 22.625"".",,"Customers appreciate the pants' style, comfort, and quality. They find the color nice, the fabric thick and nice, and the waist height comfortable. Some like the stretchiness and wide legs. However, opinions differ on the fit and denim weight.",https://www.amazon.com/dp/B0C5N9XPCF
1004,B09GHFT3M9,Nine West Women's One Step Ready Pull On Jegging,Nine West Store,No especificado,No especificado,Women,In Stock,21.7946,21.7946,40.0,4.4,1281.0,7.156176637480615,400.0,5.993961427306569,True,995.0,False,"STYLE - Pull on jegging with midrise hidden elastic comfort waistband, usable back pockets, mock front details and skinny fitVERSATILITY - Goes great with all tops from fashionable to tee shirts and all your favorite footwear for the flexability you wantLENGTH - This flattering jegging come in a 27.5"" short inseam, 29.5"" regular inseam and 31.5"" long inseam, all with 10"" leg openingNine West Jeans - Designed for the eternally evolving modern woman and merges her vivacious sensibility with trending jeanswear essentialsWeave type: woven",,"Customers appreciate the pants' fit, comfort, and appearance. They find the pants look like regular jeans and the material quality great. The stretchiness is nice but stays snug, and the stretch always bounces back after washing. Customers also like the sizing, value for money, and waist length.",https://www.amazon.com/dp/B09GHFT3M9
1005,B0BTSFVMKS,Gloria Vanderbilt Women's Amanda Capri Jean Regular,Gloria Vanderbilt Store,No especificado,No especificado,Women,In Stock,21.6,21.6,21.6,4.3,8110.0,9.000976444070345,300.0,5.707110264748875,True,995.0,False,"STYLE - Classic capri sits at natural waist with usable pockets, zip fly, belt loops and stretch for a perfect fit feeling EverytimeVERSATILITY - Goes great with all tops and footwear, a comfortable movement with maximum recovery, ideal for work or play.LENGTH - This high rise waist capri has a 21 inch inseam from crotch to hem with a 16 inch leg openingEffortlessly fun and stylish Gloria Vanderbilt is a versatile classic look that attracts & connects with modern sensibility of consumers of all ages.",,"Customers appreciate the pants' fit, color, and quality. They find the length great, the color appealing, and the pants durable. Many praise the stretchiness and washability. However, some customers have mixed opinions on the fabric weight and color accuracy.",https://www.amazon.com/dp/B0BTSFVMKS
1006,B01DTY5PGW,Lee Women's Plus Size Relaxed Fit Straight Leg Jean,Lee Store,No especificado,No especificado,Women,In Stock,28.0035,28.0035,42.9,4.3,10572.0,9.266058860732526,100.0,4.61512051684126,True,995.0,False,"Straight-leg jean in relaxed fit with embroidered back pocketsRelaxed through seat and thighFlex-stretch waistband for all-day comfortInseams: Petite: 29"", Regular: 32"", Long: 34"", Bottom opening: 19.25""",,"Customers find the pants have a nice style and feel comfortable. They appreciate the soft fabric, good colors, and not baggy around the seat. The pants are considered good value for money, with a thick fabric that customers like. However, opinions differ on the fit, material quality, and stretchiness.",https://www.amazon.com/dp/B01DTY5PGW
1007,B0D9G8FPF1,Women High Waisted Cargo Jean for Women with 6 Pockets Straight Wide Leg Jean Casual Baggy Pants,Brand: QICAMO,No especificado,No especificado,Women,In Stock,45.99,45.99,45.99,4.4,245.0,5.5053315359323625,300.0,5.707110264748875,True,995.0,False,"Comfortable High-Waist Fit: These cargo jean women feature a high-waisted design that flatters your figure and provides a comfortable, secure fit, perfect for all-day wear.Slight Stretch for Flexibility: With a touch of elasticity, these baggy jeans for women offer just the right amount of stretch, ensuring ease of movement without compromising style.Wide-Leg Silhouette: The wide-leg cut adds a modern and relaxed look to your outfit, making these jeans versatile enough for both casual and dressy occasions.Functional Cargo Pockets: Equipped with spacious cargo pockets, these wide leg cargo jean for women combine practicality with style, offering ample storage while enhancing the overall rugged aesthetic.Durable Denim Material: Made from premium denim with a hint of stretch, these pants are both durable and comfortable, providing a soft feel and a long-lasting addition to your wardrobe.",,"Customers find the pants comfortable and well-made. They like the soft, sweatpant-like feel and how they hug the body without being uncomfortable. The pants have a cute and retro look, with a nice thickness and value for money. However, some customers have mixed opinions on the sizing.",https://www.amazon.com/dp/B0D9G8FPF1
1008,B0BN1PZ1VX,"VOOVEEYA Women's Bootcut Leggings - Bootleg Yoga Pants Flare with 4 Pockets,Tummy Control High Waisted Casual Dress Pants",VOOVEEYA Store,No especificado,No especificado,Sport Specific Clothing,In Stock,28.98,28.98,28.98,4.4,3107.0,8.041734711487537,600.0,6.398594934535208,True,995.0,False,"Buttery-Soft & Comfortable: Trendy jean look boot cut yoga dressy pants with 4 way-stretchy, quick-drying and sweat-wicking compressive fabric, designed with a high waistband. You can wear bootcut jeggings comfortably with tanks, T-shirts, or a sports bra for an easy athleisure look.Slightly Flared & Deep 4 Pockets: Casual flare leggings for women with 2 roomy front pockets & 2 back pockets for storing small personal items, such as your phone, cash, or keys. Just empty your hands and make your outing convenient with cute flared leggings.High Waist Tummy Control: Slimming fit bootcut dressy leggings for women are designed with high waistband and Buttery soft fabric without rolling down or slipping during workout like a gentle hug to your skin. Visually, bootcut leggings for women elongates the legs and accentuates curves.Customize Size Unique Design: Stretch lounge athletic pants with pockets can work with different inseam lengths, they're completely customizable which flatter every body type and shape. All you need to do is cut below the mark of bootleg yoga pants to trim off the extra length you don't need.EXCELLENT SERVICE: High waisted bootcut jeans leggings are stretchy, squat proof, comfortable flare pants, Just add these Bootcut Yoga Leggings for Women with Pockets to your cart by clicking the ""Add-to-Cart"" button.",,"Customers find the pants comfortable and well-fitting. They appreciate the soft, form-hugging material and flattering style. The pants are made of good quality material that holds up well after washing. Many customers find them suitable for workouts and around the house.",https://www.amazon.com/dp/B0BN1PZ1VX
1009,B0C1L9X2Y7,Womens Jeans Mid Waisted Straight Leg Loose Stretchy Lightweight Tummy Control Trendy Jeans for Women 2024,ETTELO Store,No especificado,No especificado,Women,In Stock,37.9912,37.9912,42.99,3.9,2842.0,7.952615111651,100.0,4.61512051684126,True,995.0,False,"Jean For Women Excellent Workmanship, No Odor, Soft And Lightweight, Straight Design Stand Accentuate Your Attractive Legs, More Slender, Sexy, Is A Must-have In Your Closet.Trendy Jeans For Women 2025 Comes Light Blue Wash Process And Straight Design, 4 Pockets, Relaxed Fit Design More Comfortable To Wear, Casual.High Waisted Jeans For Women Is Perfect Choice For Your Daily Wear, Outdoor Activities, Office, Shopping, Club, Party, During The Holiday, Dates And Any Other OccasionsFlamingo Jeans For Women Which Can Be Worn In All Seasons, Is A Must-have Item For Your Mother, Wife And Friends To Wear With A Denim Jacket, Camisole And Loafers. They Will Be Very Happy And Love It.Stretchy Jeans For Women Recommened Hand/machine Wash In Cold Water, Do Not Bleach, Dry In A Dry Place. Please Allow 1/2 Inch Difference Due To Hand Measurement. Please Refer ""size Chart"" Before Ordering. If You Are Not Sure About The Size, Please Contact Us",,"Customers appreciate the pants' flattering design with wide legs and straight leg style. They find the pants comfortable, soft, and stretchy. Many customers like the quality of the jeans. However, some dislike the smell. There are mixed opinions on the fit, material quality, and color accuracy.",https://www.amazon.com/dp/B0C1L9X2Y7
1010,B0C38W6M1C,Lepunuo Cargo Pants for Women High Waisted Casual Pants Baggy Stretchy Wide Leg Y2K Streetwear with 6 Pockets,Lepunuo Store,No especificado,No especificado,Women,In Stock,29.99,29.99,29.99,4.2,5166.0,8.550047528287184,2000.0,7.601402334583733,True,995.0,False,"Materials: Lepunuo Cargo Pants are made of high-quality cotton fabric and soft elastic wear-resistant fabric, suitable for all day wear. High Stretch, High Light, Moisture Wicking and Comfortable. Natural cotton fabrics are not recommended for tumble drying or low temperature drying.Features: Cargo pants with 6 pockets, stretch elastic high waist, relaxed fit, zipper and button closure, hip hop joggers sweatpants, wide leg cargo pants, Y2K style, hippie outfits, and the loose fit is ideal for casual or sporty.Match: This cargo pants with smooth contour and beautiful appearance, basic style which is bloggers favorite, perfect for your everyday essentials collection in your closet. These cool girl style pants can be paired with Crop Tops, T-shirts, sweaters, cardigans and jackets for spring, summer, fall and winter.Occasion: This cargo pant is simple but stylish, it is a all-match item that every fashionable woman or girls will choose anywhere, such as school, dance room, vacation, party, dating, picnics, home, street, gym, running, club, daily life, work, shopping, office, indoor and outdoor activities.Size & Garment Care: Please refer to the size chart in the instructions to select your normal size(Loose fit design, normal size can be worn in a baggy style, or we recommend sizing down for a better fit). Fully machine washable for easy care. Wash before wearing, wash with like colors. Wash cold water; Do not bleach; Do not wring or twist; Line dry in the shade.",,"Customers find the pants comfortable and flattering. They appreciate the soft, stretchy material with some give. Many find the pants trendy and versatile, with a neutral color that can be dressed up or down. The pants are well-made with a perfect fit. However, some customers report that the length shrinks after washing and drying. There are mixed opinions on the fit and color accuracy.",https://www.amazon.com/dp/B0C38W6M1C
1011,B0C2VD1HN2,Women's Cargo Jeans Pants,GuYongZ Store,No especificado,No especificado,Women,In Stock,36.99,36.99,36.99,3.7,498.0,6.212606095751519,50.0,3.9318256327243257,True,995.0,False,"Material:The cargo jeans are made 70%Cotton,23%Chemical Fiber,5%Viscose,2%Spandex. skin-friendly, comfortable for all-day wear.Design:Women's casual jeans. Women's straight cargo pants are simple and stylish, adding style to your overall attire.Occasion:Women's cargo pants are suitable for party, shopping, office, travel, daily wear, vacation, outdoor activities, etc. It is a good choice for your girlfriend, wife, or daughter.Matching:Straight cargo pants can be matched with shirts, camisoles, sweatshirts, denim tops, T-shirts, pullovers, sweaters, jackets, etc. for a stylish and sexy look.Casual women's cargo pants. We recommend washing these women's Tight-fitting cargo pants in cold water. Hand wash or machine wash. If necessary, please wash separately from solid or light-colored clothing to avoid fading and staining. Please do not bleach.",,"Customers appreciate the pants' color and material quality. They find the gray color attractive and the pants durable after multiple wears and washings. However, some customers dislike the smell. Opinions vary on sizing, comfort, stretchiness, value for money, and pockets.",https://www.amazon.com/dp/B0C2VD1HN2
